category,algorithm,language,run,status,time_s,energy_j,dynamic_energy_j,power_w,idle_power_w,domain,energy_path,exit_code
memory_intensive_and_allocation_heavy,crc_32,rust,1,OK,0.004861785,0.013057189,0.000532258,2.685678,2.5762,vcgencmd_pmic,vcgencmd pmic_read_adc,0
memory_intensive_and_allocation_heavy,crc_32,rust,2,OK,0.002699745,0.00721499,0.000259907,2.672471,2.5762,vcgencmd_pmic,vcgencmd pmic_read_adc,0
memory_intensive_and_allocation_heavy,crc_32,rust,3,OK,0.002669152,0.007144343,0.000268074,2.676634,2.5762,vcgencmd_pmic,vcgencmd pmic_read_adc,0
memory_intensive_and_allocation_heavy,crc_32,rust,4,OK,0.002689264,0.007945096,0.001017014,2.954376,2.5762,vcgencmd_pmic,vcgencmd pmic_read_adc,0
memory_intensive_and_allocation_heavy,crc_32,rust,5,OK,0.00271993,0.007338198,0.000331114,2.697936,2.5762,vcgencmd_pmic,vcgencmd pmic_read_adc,0
memory_intensive_and_allocation_heavy,crc_32,rust,6,OK,0.002207837,0.006011701,0.000323871,2.722892,2.5762,vcgencmd_pmic,vcgencmd pmic_read_adc,0
memory_intensive_and_allocation_heavy,crc_32,rust,7,OK,0.002637004,0.007111786,0.000318336,2.696919,2.5762,vcgencmd_pmic,vcgencmd pmic_read_adc,0
memory_intensive_and_allocation_heavy,crc_32,rust,8,OK,0.002734468,0.007329413,0.000284877,2.68038,2.5762,vcgencmd_pmic,vcgencmd pmic_read_adc,0
memory_intensive_and_allocation_heavy,crc_32,rust,9,OK,0.002702023,0.007256222,0.00029527,2.685478,2.5762,vcgencmd_pmic,vcgencmd pmic_read_adc,0
memory_intensive_and_allocation_heavy,crc_32,rust,10,OK,0.002233522,0.00600725,0.000253251,2.689586,2.5762,vcgencmd_pmic,vcgencmd pmic_read_adc,0
memory_intensive_and_allocation_heavy,crc_32,go,1,OK,0.002463615,0.006604746,0.000257981,2.680916,2.5762,vcgencmd_pmic,vcgencmd pmic_read_adc,0
memory_intensive_and_allocation_heavy,crc_32,go,2,OK,0.002523152,0.006762481,0.000262337,2.680172,2.5762,vcgencmd_pmic,vcgencmd pmic_read_adc,0
memory_intensive_and_allocation_heavy,crc_32,go,3,OK,0.002952708,0.007957772,0.000351006,2.695076,2.5762,vcgencmd_pmic,vcgencmd pmic_read_adc,0
memory_intensive_and_allocation_heavy,crc_32,go,4,OK,0.003027616,0.008191875,0.000392131,2.705718,2.5762,vcgencmd_pmic,vcgencmd pmic_read_adc,0
memory_intensive_and_allocation_heavy,crc_32,go,5,OK,0.003018209,0.008115374,0.000339864,2.688805,2.5762,vcgencmd_pmic,vcgencmd pmic_read_adc,0
memory_intensive_and_allocation_heavy,crc_32,go,6,OK,0.003051486,0.008224332,0.000363094,2.695189,2.5762,vcgencmd_pmic,vcgencmd pmic_read_adc,0
memory_intensive_and_allocation_heavy,crc_32,go,7,OK,0.002519653,0.006767851,0.000276721,2.686025,2.5762,vcgencmd_pmic,vcgencmd pmic_read_adc,0
memory_intensive_and_allocation_heavy,crc_32,go,8,OK,0.002572078,0.006916491,0.000290304,2.689067,2.5762,vcgencmd_pmic,vcgencmd pmic_read_adc,0
memory_intensive_and_allocation_heavy,crc_32,go,9,OK,0.002968672,0.008022971,0.000375078,2.702545,2.5762,vcgencmd_pmic,vcgencmd pmic_read_adc,0
memory_intensive_and_allocation_heavy,crc_32,go,10,OK,0.002578004,0.006577947,0.0,2.551566,2.5762,vcgencmd_pmic,vcgencmd pmic_read_adc,0
memory_intensive_and_allocation_heavy,crc_32,c,1,OK,0.002484152,0.006690034,0.000290362,2.693086,2.5762,vcgencmd_pmic,vcgencmd pmic_read_adc,0
memory_intensive_and_allocation_heavy,crc_32,c,2,OK,0.002562449,0.006910005,0.000308624,2.696641,2.5762,vcgencmd_pmic,vcgencmd pmic_read_adc,0
memory_intensive_and_allocation_heavy,crc_32,c,3,OK,0.002558319,0.006934752,0.000344011,2.710667,2.5762,vcgencmd_pmic,vcgencmd pmic_read_adc,0
memory_intensive_and_allocation_heavy,crc_32,c,4,OK,0.002058281,0.005541463,0.000238919,2.692277,2.5762,vcgencmd_pmic,vcgencmd pmic_read_adc,0
memory_intensive_and_allocation_heavy,crc_32,c,5,OK,0.002159263,0.006000101,0.000437408,2.778773,2.5762,vcgencmd_pmic,vcgencmd pmic_read_adc,0
memory_intensive_and_allocation_heavy,crc_32,c,6,OK,0.00206304,0.00592774,0.000612936,2.873303,2.5762,vcgencmd_pmic,vcgencmd pmic_read_adc,0
memory_intensive_and_allocation_heavy,crc_32,c,7,OK,0.002142689,0.006263638,0.000743643,2.92326,2.5762,vcgencmd_pmic,vcgencmd pmic_read_adc,0
memory_intensive_and_allocation_heavy,crc_32,c,8,OK,0.002112874,0.006193479,0.000750293,2.931305,2.5762,vcgencmd_pmic,vcgencmd pmic_read_adc,0
memory_intensive_and_allocation_heavy,crc_32,c,9,OK,0.0486913,0.141143468,0.015704941,2.898741,2.5762,vcgencmd_pmic,vcgencmd pmic_read_adc,0
memory_intensive_and_allocation_heavy,crc_32,c,10,OK,0.002146337,0.006280625,0.000751232,2.926206,2.5762,vcgencmd_pmic,vcgencmd pmic_read_adc,0
memory_intensive_and_allocation_heavy,crc_32,cpp,1,OK,0.002850134,0.008615426,0.001272911,3.022814,2.5762,vcgencmd_pmic,vcgencmd pmic_read_adc,0
memory_intensive_and_allocation_heavy,crc_32,cpp,2,OK,0.002832209,0.008234543,0.000938206,2.907463,2.5762,vcgencmd_pmic,vcgencmd pmic_read_adc,0
memory_intensive_and_allocation_heavy,crc_32,cpp,3,OK,0.361792572,1.056780546,0.124730522,2.920957,2.5762,vcgencmd_pmic,vcgencmd pmic_read_adc,0
memory_intensive_and_allocation_heavy,crc_32,cpp,4,OK,0.142242725,0.398055527,0.031609819,2.798425,2.5762,vcgencmd_pmic,vcgencmd pmic_read_adc,0
memory_intensive_and_allocation_heavy,crc_32,cpp,5,OK,0.002774467,0.007696664,0.000549082,2.774105,2.5762,vcgencmd_pmic,vcgencmd pmic_read_adc,0
memory_intensive_and_allocation_heavy,crc_32,cpp,6,OK,0.002730634,0.008009507,0.000974848,2.933204,2.5762,vcgencmd_pmic,vcgencmd pmic_read_adc,0
memory_intensive_and_allocation_heavy,crc_32,cpp,7,OK,0.002833116,0.008520401,0.001221728,3.007431,2.5762,vcgencmd_pmic,vcgencmd pmic_read_adc,0
memory_intensive_and_allocation_heavy,crc_32,cpp,8,OK,0.002749541,0.008215373,0.001132005,2.987907,2.5762,vcgencmd_pmic,vcgencmd pmic_read_adc,0
memory_intensive_and_allocation_heavy,crc_32,cpp,9,OK,0.002741523,0.00825283,0.001190118,3.010309,2.5762,vcgencmd_pmic,vcgencmd pmic_read_adc,0
memory_intensive_and_allocation_heavy,crc_32,cpp,10,OK,0.002720485,0.007918314,0.000909801,2.910626,2.5762,vcgencmd_pmic,vcgencmd pmic_read_adc,0
memory_intensive_and_allocation_heavy,word_frequency_counter,rust,1,OK,0.003654284,0.00989011,0.000475944,2.706443,2.5762,vcgencmd_pmic,vcgencmd pmic_read_adc,0
memory_intensive_and_allocation_heavy,word_frequency_counter,rust,2,OK,0.00442184,0.012748021,0.001356477,2.882967,2.5762,vcgencmd_pmic,vcgencmd pmic_read_adc,0
memory_intensive_and_allocation_heavy,word_frequency_counter,rust,3,OK,0.003608857,0.009693428,0.000396291,2.686011,2.5762,vcgencmd_pmic,vcgencmd pmic_read_adc,0
memory_intensive_and_allocation_heavy,word_frequency_counter,rust,4,OK,0.00357245,0.009741712,0.000538366,2.726899,2.5762,vcgencmd_pmic,vcgencmd pmic_read_adc,0
memory_intensive_and_allocation_heavy,word_frequency_counter,rust,5,OK,0.003617321,0.009749773,0.000430831,2.695302,2.5762,vcgencmd_pmic,vcgencmd pmic_read_adc,0
memory_intensive_and_allocation_heavy,word_frequency_counter,rust,6,OK,0.00359519,0.009693319,0.000431391,2.696191,2.5762,vcgencmd_pmic,vcgencmd pmic_read_adc,0
memory_intensive_and_allocation_heavy,word_frequency_counter,rust,7,OK,0.00360358,0.009743657,0.000460114,2.703883,2.5762,vcgencmd_pmic,vcgencmd pmic_read_adc,0
memory_intensive_and_allocation_heavy,word_frequency_counter,rust,8,OK,0.003586227,0.009678719,0.000439881,2.698858,2.5762,vcgencmd_pmic,vcgencmd pmic_read_adc,0
memory_intensive_and_allocation_heavy,word_frequency_counter,rust,9,OK,0.004016117,0.010737868,0.000391547,2.673694,2.5762,vcgencmd_pmic,vcgencmd pmic_read_adc,0
memory_intensive_and_allocation_heavy,word_frequency_counter,rust,10,OK,0.003640209,0.009798214,0.000420308,2.691662,2.5762,vcgencmd_pmic,vcgencmd pmic_read_adc,0
memory_intensive_and_allocation_heavy,word_frequency_counter,go,1,OK,0.005576898,0.015006303,0.000639098,2.690797,2.5762,vcgencmd_pmic,vcgencmd pmic_read_adc,0
memory_intensive_and_allocation_heavy,word_frequency_counter,go,2,OK,0.005066619,0.013574139,0.000521515,2.679132,2.5762,vcgencmd_pmic,vcgencmd pmic_read_adc,0
memory_intensive_and_allocation_heavy,word_frequency_counter,go,3,OK,0.005145953,0.013880238,0.000623234,2.697311,2.5762,vcgencmd_pmic,vcgencmd pmic_read_adc,0
memory_intensive_and_allocation_heavy,word_frequency_counter,go,4,OK,0.005091675,0.013661886,0.000544713,2.683181,2.5762,vcgencmd_pmic,vcgencmd pmic_read_adc,0
memory_intensive_and_allocation_heavy,word_frequency_counter,go,5,OK,0.005085082,0.013736019,0.000635831,2.701238,2.5762,vcgencmd_pmic,vcgencmd pmic_read_adc,0
memory_intensive_and_allocation_heavy,word_frequency_counter,go,6,OK,0.005094675,0.013723878,0.000598976,2.693769,2.5762,vcgencmd_pmic,vcgencmd pmic_read_adc,0
memory_intensive_and_allocation_heavy,word_frequency_counter,go,7,OK,0.005084934,0.01476764,0.001667833,2.904195,2.5762,vcgencmd_pmic,vcgencmd pmic_read_adc,0
memory_intensive_and_allocation_heavy,word_frequency_counter,go,8,OK,0.005029952,0.013448278,0.000490116,2.673639,2.5762,vcgencmd_pmic,vcgencmd pmic_read_adc,0
memory_intensive_and_allocation_heavy,word_frequency_counter,go,9,OK,0.005151434,0.013847498,0.000576374,2.688086,2.5762,vcgencmd_pmic,vcgencmd pmic_read_adc,0
memory_intensive_and_allocation_heavy,word_frequency_counter,go,10,OK,0.005089453,0.013899044,0.000787595,2.73095,2.5762,vcgencmd_pmic,vcgencmd pmic_read_adc,0
memory_intensive_and_allocation_heavy,word_frequency_counter,c,1,OK,0.003581432,0.009590482,0.000363997,2.677834,2.5762,vcgencmd_pmic,vcgencmd pmic_read_adc,0
memory_intensive_and_allocation_heavy,word_frequency_counter,c,2,OK,0.003569154,0.009652868,0.000458013,2.704525,2.5762,vcgencmd_pmic,vcgencmd pmic_read_adc,0
memory_intensive_and_allocation_heavy,word_frequency_counter,c,3,OK,0.003609691,0.010690822,0.001391536,2.9617,2.5762,vcgencmd_pmic,vcgencmd pmic_read_adc,0
memory_intensive_and_allocation_heavy,word_frequency_counter,c,4,OK,0.003614914,0.00985328,0.000540539,2.72573,2.5762,vcgencmd_pmic,vcgencmd pmic_read_adc,0
memory_intensive_and_allocation_heavy,word_frequency_counter,c,5,OK,0.003624506,0.009792547,0.000455095,2.70176,2.5762,vcgencmd_pmic,vcgencmd pmic_read_adc,0
memory_intensive_and_allocation_heavy,word_frequency_counter,c,6,OK,0.00361169,0.009626999,0.000322563,2.665511,2.5762,vcgencmd_pmic,vcgencmd pmic_read_adc,0
memory_intensive_and_allocation_heavy,word_frequency_counter,c,7,OK,0.003605579,0.009685038,0.000396345,2.686126,2.5762,vcgencmd_pmic,vcgencmd pmic_read_adc,0
memory_intensive_and_allocation_heavy,word_frequency_counter,c,8,OK,0.003577821,0.009681591,0.000464409,2.706002,2.5762,vcgencmd_pmic,vcgencmd pmic_read_adc,0
memory_intensive_and_allocation_heavy,word_frequency_counter,c,9,OK,0.003598413,0.00970001,0.000429778,2.695636,2.5762,vcgencmd_pmic,vcgencmd pmic_read_adc,0
memory_intensive_and_allocation_heavy,word_frequency_counter,c,10,OK,0.003605598,0.009996162,0.00070742,2.772401,2.5762,vcgencmd_pmic,vcgencmd pmic_read_adc,0
memory_intensive_and_allocation_heavy,word_frequency_counter,cpp,1,OK,0.004374026,0.011700762,0.000432396,2.675055,2.5762,vcgencmd_pmic,vcgencmd pmic_read_adc,0
memory_intensive_and_allocation_heavy,word_frequency_counter,cpp,2,OK,0.004409304,0.012730642,0.001371393,2.887223,2.5762,vcgencmd_pmic,vcgencmd pmic_read_adc,0
memory_intensive_and_allocation_heavy,word_frequency_counter,cpp,3,OK,0.004372452,0.011782103,0.000517792,2.694621,2.5762,vcgencmd_pmic,vcgencmd pmic_read_adc,0
memory_intensive_and_allocation_heavy,word_frequency_counter,cpp,4,OK,0.004431155,0.011879399,0.000463857,2.680881,2.5762,vcgencmd_pmic,vcgencmd pmic_read_adc,0
memory_intensive_and_allocation_heavy,word_frequency_counter,cpp,5,OK,0.004377822,0.011742249,0.000464104,2.682213,2.5762,vcgencmd_pmic,vcgencmd pmic_read_adc,0
memory_intensive_and_allocation_heavy,word_frequency_counter,cpp,6,OK,0.004400636,0.011783211,0.000446293,2.677615,2.5762,vcgencmd_pmic,vcgencmd pmic_read_adc,0
memory_intensive_and_allocation_heavy,word_frequency_counter,cpp,7,OK,0.004375988,0.011746327,0.000472907,2.684269,2.5762,vcgencmd_pmic,vcgencmd pmic_read_adc,0
memory_intensive_and_allocation_heavy,word_frequency_counter,cpp,8,OK,0.004454007,0.011952931,0.000478518,2.683635,2.5762,vcgencmd_pmic,vcgencmd pmic_read_adc,0
memory_intensive_and_allocation_heavy,word_frequency_counter,cpp,9,OK,0.004385673,0.011726932,0.000428561,2.673918,2.5762,vcgencmd_pmic,vcgencmd pmic_read_adc,0
memory_intensive_and_allocation_heavy,word_frequency_counter,cpp,10,OK,0.004395896,0.011849661,0.000524954,2.695619,2.5762,vcgencmd_pmic,vcgencmd pmic_read_adc,0
memory_intensive_and_allocation_heavy,huffman_coding,rust,1,OK,0.002279967,0.006137508,0.000263857,2.691928,2.5762,vcgencmd_pmic,vcgencmd pmic_read_adc,0
memory_intensive_and_allocation_heavy,huffman_coding,rust,2,OK,0.0022378,0.006045689,0.000280669,2.701622,2.5762,vcgencmd_pmic,vcgencmd pmic_read_adc,0
memory_intensive_and_allocation_heavy,huffman_coding,rust,3,OK,0.002238374,0.006044971,0.000278472,2.700608,2.5762,vcgencmd_pmic,vcgencmd pmic_read_adc,0
memory_intensive_and_allocation_heavy,huffman_coding,rust,4,OK,0.002227651,0.006006139,0.000267264,2.696176,2.5762,vcgencmd_pmic,vcgencmd pmic_read_adc,0
memory_intensive_and_allocation_heavy,huffman_coding,rust,5,OK,0.00218641,0.005836627,0.000203998,2.669503,2.5762,vcgencmd_pmic,vcgencmd pmic_read_adc,0
memory_intensive_and_allocation_heavy,huffman_coding,rust,6,OK,0.002226892,0.005985313,0.000248394,2.687743,2.5762,vcgencmd_pmic,vcgencmd pmic_read_adc,0
memory_intensive_and_allocation_heavy,huffman_coding,rust,7,OK,0.002204263,0.006150988,0.000472366,2.790496,2.5762,vcgencmd_pmic,vcgencmd pmic_read_adc,0
memory_intensive_and_allocation_heavy,huffman_coding,rust,8,OK,0.002203115,0.005943925,0.00026826,2.697964,2.5762,vcgencmd_pmic,vcgencmd pmic_read_adc,0
memory_intensive_and_allocation_heavy,huffman_coding,rust,9,OK,0.002290819,0.006176991,0.000275383,2.696412,2.5762,vcgencmd_pmic,vcgencmd pmic_read_adc,0
memory_intensive_and_allocation_heavy,huffman_coding,rust,10,OK,0.002239171,0.006052104,0.000283552,2.702832,2.5762,vcgencmd_pmic,vcgencmd pmic_read_adc,0
memory_intensive_and_allocation_heavy,huffman_coding,go,1,OK,0.002585078,0.007104832,0.000445154,2.748401,2.5762,vcgencmd_pmic,vcgencmd pmic_read_adc,0
memory_intensive_and_allocation_heavy,huffman_coding,go,2,OK,0.002563301,0.007382595,0.000779019,2.880112,2.5762,vcgencmd_pmic,vcgencmd pmic_read_adc,0
memory_intensive_and_allocation_heavy,huffman_coding,go,3,OK,0.002604745,0.007066143,0.000355799,2.712796,2.5762,vcgencmd_pmic,vcgencmd pmic_read_adc,0
memory_intensive_and_allocation_heavy,huffman_coding,go,4,OK,0.002567448,0.006941963,0.000327703,2.703838,2.5762,vcgencmd_pmic,vcgencmd pmic_read_adc,0
memory_intensive_and_allocation_heavy,huffman_coding,go,5,OK,0.00256593,0.007532234,0.000921885,2.935479,2.5762,vcgencmd_pmic,vcgencmd pmic_read_adc,0
memory_intensive_and_allocation_heavy,huffman_coding,go,6,OK,0.002561134,0.006900387,0.000302394,2.69427,2.5762,vcgencmd_pmic,vcgencmd pmic_read_adc,0
memory_intensive_and_allocation_heavy,huffman_coding,go,7,OK,0.002579245,0.006996109,0.000351458,2.712464,2.5762,vcgencmd_pmic,vcgencmd pmic_read_adc,0
memory_intensive_and_allocation_heavy,huffman_coding,go,8,OK,0.00259593,0.007037118,0.000349483,2.710827,2.5762,vcgencmd_pmic,vcgencmd pmic_read_adc,0
memory_intensive_and_allocation_heavy,huffman_coding,go,9,OK,0.002629115,0.007041581,0.000268455,2.678308,2.5762,vcgencmd_pmic,vcgencmd pmic_read_adc,0
memory_intensive_and_allocation_heavy,huffman_coding,go,10,OK,0.002564578,0.006867901,0.000261035,2.677985,2.5762,vcgencmd_pmic,vcgencmd pmic_read_adc,0
memory_intensive_and_allocation_heavy,huffman_coding,c,1,OK,0.002056929,0.005530773,0.000231713,2.68885,2.5762,vcgencmd_pmic,vcgencmd pmic_read_adc,0
memory_intensive_and_allocation_heavy,huffman_coding,c,2,OK,0.002024059,0.005666376,0.000451995,2.799511,2.5762,vcgencmd_pmic,vcgencmd pmic_read_adc,0
memory_intensive_and_allocation_heavy,huffman_coding,c,3,OK,0.002528022,0.006815784,0.000303094,2.696094,2.5762,vcgencmd_pmic,vcgencmd pmic_read_adc,0
memory_intensive_and_allocation_heavy,huffman_coding,c,4,OK,0.002107041,0.005668877,0.000240718,2.690445,2.5762,vcgencmd_pmic,vcgencmd pmic_read_adc,0
memory_intensive_and_allocation_heavy,huffman_coding,c,5,OK,0.0020618,0.005532534,0.000220925,2.683351,2.5762,vcgencmd_pmic,vcgencmd pmic_read_adc,0
memory_intensive_and_allocation_heavy,huffman_coding,c,6,OK,0.002076503,0.005590394,0.000240907,2.692216,2.5762,vcgencmd_pmic,vcgencmd pmic_read_adc,0
memory_intensive_and_allocation_heavy,huffman_coding,c,7,OK,0.002083003,0.00562982,0.000263588,2.702742,2.5762,vcgencmd_pmic,vcgencmd pmic_read_adc,0
memory_intensive_and_allocation_heavy,huffman_coding,c,8,OK,0.002123818,0.005691298,0.000219918,2.679748,2.5762,vcgencmd_pmic,vcgencmd pmic_read_adc,0
memory_intensive_and_allocation_heavy,huffman_coding,c,9,OK,0.002075096,0.005564993,0.000219131,2.6818,2.5762,vcgencmd_pmic,vcgencmd pmic_read_adc,0
memory_intensive_and_allocation_heavy,huffman_coding,c,10,OK,0.002120855,0.005727863,0.000264116,2.700733,2.5762,vcgencmd_pmic,vcgencmd pmic_read_adc,0
memory_intensive_and_allocation_heavy,huffman_coding,cpp,1,OK,0.002804282,0.007564464,0.000340073,2.697469,2.5762,vcgencmd_pmic,vcgencmd pmic_read_adc,0
memory_intensive_and_allocation_heavy,huffman_coding,cpp,2,OK,0.002895893,0.007777663,0.000317263,2.685756,2.5762,vcgencmd_pmic,vcgencmd pmic_read_adc,0
memory_intensive_and_allocation_heavy,huffman_coding,cpp,3,OK,0.0028438,0.007570433,0.000244235,2.662083,2.5762,vcgencmd_pmic,vcgencmd pmic_read_adc,0
memory_intensive_and_allocation_heavy,huffman_coding,cpp,4,OK,0.002823671,0.00767791,0.000403569,2.719123,2.5762,vcgencmd_pmic,vcgencmd pmic_read_adc,0
memory_intensive_and_allocation_heavy,huffman_coding,cpp,5,OK,0.002839838,0.007694588,0.000378597,2.709517,2.5762,vcgencmd_pmic,vcgencmd pmic_read_adc,0
memory_intensive_and_allocation_heavy,huffman_coding,cpp,6,OK,0.002783505,0.007612438,0.000441572,2.734839,2.5762,vcgencmd_pmic,vcgencmd pmic_read_adc,0
memory_intensive_and_allocation_heavy,huffman_coding,cpp,7,OK,0.002811782,0.007624744,0.000381031,2.711712,2.5762,vcgencmd_pmic,vcgencmd pmic_read_adc,0
memory_intensive_and_allocation_heavy,huffman_coding,cpp,8,OK,0.00279443,0.007826341,0.00062733,2.800693,2.5762,vcgencmd_pmic,vcgencmd pmic_read_adc,0
memory_intensive_and_allocation_heavy,huffman_coding,cpp,9,OK,0.002833097,0.007654286,0.000355662,2.701738,2.5762,vcgencmd_pmic,vcgencmd pmic_read_adc,0
memory_intensive_and_allocation_heavy,huffman_coding,cpp,10,OK,0.002806671,0.00758329,0.000352744,2.701881,2.5762,vcgencmd_pmic,vcgencmd pmic_read_adc,0
memory_intensive_and_allocation_heavy,tree_traversal,rust,1,OK,0.002203337,0.005923832,0.000247595,2.688573,2.5762,vcgencmd_pmic,vcgencmd pmic_read_adc,0
memory_intensive_and_allocation_heavy,tree_traversal,rust,2,OK,0.002247041,0.006061817,0.00027299,2.697689,2.5762,vcgencmd_pmic,vcgencmd pmic_read_adc,0
memory_intensive_and_allocation_heavy,tree_traversal,rust,3,OK,0.002216615,0.006001999,0.000291555,2.707732,2.5762,vcgencmd_pmic,vcgencmd pmic_read_adc,0
memory_intensive_and_allocation_heavy,tree_traversal,rust,4,OK,0.002219096,0.005982431,0.000265596,2.695887,2.5762,vcgencmd_pmic,vcgencmd pmic_read_adc,0
memory_intensive_and_allocation_heavy,tree_traversal,rust,5,OK,0.002276059,0.00607225,0.000208667,2.667879,2.5762,vcgencmd_pmic,vcgencmd pmic_read_adc,0
memory_intensive_and_allocation_heavy,tree_traversal,rust,6,OK,0.002215744,0.005937705,0.000229505,2.679779,2.5762,vcgencmd_pmic,vcgencmd pmic_read_adc,0
memory_intensive_and_allocation_heavy,tree_traversal,rust,7,OK,0.002316003,0.006291895,0.000325408,2.716704,2.5762,vcgencmd_pmic,vcgencmd pmic_read_adc,0
memory_intensive_and_allocation_heavy,tree_traversal,rust,8,OK,0.002267374,0.006094802,0.000253593,2.688044,2.5762,vcgencmd_pmic,vcgencmd pmic_read_adc,0
memory_intensive_and_allocation_heavy,tree_traversal,rust,9,OK,0.002163985,0.005875622,0.000300764,2.715186,2.5762,vcgencmd_pmic,vcgencmd pmic_read_adc,0
memory_intensive_and_allocation_heavy,tree_traversal,rust,10,OK,0.002332707,0.006302571,0.000293051,2.701827,2.5762,vcgencmd_pmic,vcgencmd pmic_read_adc,0
memory_intensive_and_allocation_heavy,tree_traversal,go,1,OK,0.002519208,0.006769172,0.000279188,2.687024,2.5762,vcgencmd_pmic,vcgencmd pmic_read_adc,0
memory_intensive_and_allocation_heavy,tree_traversal,go,2,OK,0.002615412,0.007057636,0.000319812,2.69848,2.5762,vcgencmd_pmic,vcgencmd pmic_read_adc,0
memory_intensive_and_allocation_heavy,tree_traversal,go,3,OK,0.002523208,0.007365455,0.000865167,2.919084,2.5762,vcgencmd_pmic,vcgencmd pmic_read_adc,0
memory_intensive_and_allocation_heavy,tree_traversal,go,4,OK,0.002557596,0.006872924,0.000284045,2.687259,2.5762,vcgencmd_pmic,vcgencmd pmic_read_adc,0
memory_intensive_and_allocation_heavy,tree_traversal,go,5,OK,0.002512411,0.006718133,0.00024566,2.673979,2.5762,vcgencmd_pmic,vcgencmd pmic_read_adc,0
memory_intensive_and_allocation_heavy,tree_traversal,go,6,OK,0.002579207,0.007403424,0.000758871,2.870426,2.5762,vcgencmd_pmic,vcgencmd pmic_read_adc,0
memory_intensive_and_allocation_heavy,tree_traversal,go,7,OK,0.002641912,0.007262129,0.000456035,2.748816,2.5762,vcgencmd_pmic,vcgencmd pmic_read_adc,0
memory_intensive_and_allocation_heavy,tree_traversal,go,8,OK,0.002570485,0.006920488,0.000298405,2.692289,2.5762,vcgencmd_pmic,vcgencmd pmic_read_adc,0
memory_intensive_and_allocation_heavy,tree_traversal,go,9,OK,0.002543041,0.006955866,0.000404484,2.735255,2.5762,vcgencmd_pmic,vcgencmd pmic_read_adc,0
memory_intensive_and_allocation_heavy,tree_traversal,go,10,OK,0.002551819,0.006889627,0.000315631,2.699889,2.5762,vcgencmd_pmic,vcgencmd pmic_read_adc,0
memory_intensive_and_allocation_heavy,tree_traversal,c,1,OK,0.002123207,0.005776001,0.000306195,2.720414,2.5762,vcgencmd_pmic,vcgencmd pmic_read_adc,0
memory_intensive_and_allocation_heavy,tree_traversal,c,2,OK,0.002073633,0.005568616,0.000226523,2.68544,2.5762,vcgencmd_pmic,vcgencmd pmic_read_adc,0
memory_intensive_and_allocation_heavy,tree_traversal,c,3,OK,0.002138337,0.005755721,0.000246937,2.691681,2.5762,vcgencmd_pmic,vcgencmd pmic_read_adc,0
memory_intensive_and_allocation_heavy,tree_traversal,c,4,OK,0.002113578,0.005655673,0.000210673,2.675876,2.5762,vcgencmd_pmic,vcgencmd pmic_read_adc,0
memory_intensive_and_allocation_heavy,tree_traversal,c,5,OK,0.002126836,0.005707606,0.000228451,2.683614,2.5762,vcgencmd_pmic,vcgencmd pmic_read_adc,0
memory_intensive_and_allocation_heavy,tree_traversal,c,6,OK,0.002100596,0.005640537,0.000228982,2.685208,2.5762,vcgencmd_pmic,vcgencmd pmic_read_adc,0
memory_intensive_and_allocation_heavy,tree_traversal,c,7,OK,0.002085448,0.005620433,0.000247902,2.695072,2.5762,vcgencmd_pmic,vcgencmd pmic_read_adc,0
memory_intensive_and_allocation_heavy,tree_traversal,c,8,OK,0.002105226,0.006645543,0.00122206,3.156689,2.5762,vcgencmd_pmic,vcgencmd pmic_read_adc,0
memory_intensive_and_allocation_heavy,tree_traversal,c,9,OK,0.002103262,0.00576116,0.000342736,2.739155,2.5762,vcgencmd_pmic,vcgencmd pmic_read_adc,0
memory_intensive_and_allocation_heavy,tree_traversal,c,10,OK,0.00211643,0.005729698,0.000277351,2.707247,2.5762,vcgencmd_pmic,vcgencmd pmic_read_adc,0
memory_intensive_and_allocation_heavy,tree_traversal,cpp,1,OK,0.002811523,0.00767278,0.000429734,2.729048,2.5762,vcgencmd_pmic,vcgencmd pmic_read_adc,0
memory_intensive_and_allocation_heavy,tree_traversal,cpp,2,OK,0.002787597,0.007484574,0.000303167,2.684956,2.5762,vcgencmd_pmic,vcgencmd pmic_read_adc,0
memory_intensive_and_allocation_heavy,tree_traversal,cpp,3,OK,0.002821726,0.007579452,0.000310121,2.686105,2.5762,vcgencmd_pmic,vcgencmd pmic_read_adc,0
memory_intensive_and_allocation_heavy,tree_traversal,cpp,4,OK,0.002796541,0.007483885,0.000279436,2.676122,2.5762,vcgencmd_pmic,vcgencmd pmic_read_adc,0
memory_intensive_and_allocation_heavy,tree_traversal,cpp,5,OK,0.00277156,0.007461712,0.000321619,2.692243,2.5762,vcgencmd_pmic,vcgencmd pmic_read_adc,0
memory_intensive_and_allocation_heavy,tree_traversal,cpp,6,OK,0.002793319,0.007510394,0.000314246,2.688699,2.5762,vcgencmd_pmic,vcgencmd pmic_read_adc,0
memory_intensive_and_allocation_heavy,tree_traversal,cpp,7,OK,0.002757282,0.007547529,0.000444219,2.737308,2.5762,vcgencmd_pmic,vcgencmd pmic_read_adc,0
memory_intensive_and_allocation_heavy,tree_traversal,cpp,8,OK,0.002759449,0.007489007,0.000380114,2.71395,2.5762,vcgencmd_pmic,vcgencmd pmic_read_adc,0
memory_intensive_and_allocation_heavy,tree_traversal,cpp,9,OK,0.002793134,0.007526098,0.000330426,2.694499,2.5762,vcgencmd_pmic,vcgencmd pmic_read_adc,0
memory_intensive_and_allocation_heavy,tree_traversal,cpp,10,OK,0.002797449,0.007551897,0.000345109,2.699566,2.5762,vcgencmd_pmic,vcgencmd pmic_read_adc,0
memory_intensive_and_allocation_heavy,priority_queue,rust,1,OK,0.002222078,0.006024776,0.000300259,2.711325,2.5762,vcgencmd_pmic,vcgencmd pmic_read_adc,0
memory_intensive_and_allocation_heavy,priority_queue,rust,2,OK,0.002240059,0.006049713,0.000278873,2.700694,2.5762,vcgencmd_pmic,vcgencmd pmic_read_adc,0
memory_intensive_and_allocation_heavy,priority_queue,rust,3,OK,0.002292725,0.006432389,0.000525871,2.805565,2.5762,vcgencmd_pmic,vcgencmd pmic_read_adc,0
memory_intensive_and_allocation_heavy,priority_queue,rust,4,OK,0.002268541,0.006071603,0.000227388,2.676435,2.5762,vcgencmd_pmic,vcgencmd pmic_read_adc,0
memory_intensive_and_allocation_heavy,priority_queue,rust,5,OK,0.002267596,0.006246529,0.000404748,2.754692,2.5762,vcgencmd_pmic,vcgencmd pmic_read_adc,0
memory_intensive_and_allocation_heavy,priority_queue,rust,6,OK,0.002310745,0.006255225,0.000302284,2.707017,2.5762,vcgencmd_pmic,vcgencmd pmic_read_adc,0
memory_intensive_and_allocation_heavy,priority_queue,rust,7,OK,0.002222374,0.005988466,0.000263186,2.694626,2.5762,vcgencmd_pmic,vcgencmd pmic_read_adc,0
memory_intensive_and_allocation_heavy,priority_queue,rust,8,OK,0.002252152,0.006058358,0.000256364,2.690031,2.5762,vcgencmd_pmic,vcgencmd pmic_read_adc,0
memory_intensive_and_allocation_heavy,priority_queue,rust,9,OK,0.00232693,0.006362397,0.00036776,2.734245,2.5762,vcgencmd_pmic,vcgencmd pmic_read_adc,0
memory_intensive_and_allocation_heavy,priority_queue,rust,10,OK,0.002264689,0.006108137,0.000273845,2.69712,2.5762,vcgencmd_pmic,vcgencmd pmic_read_adc,0
memory_intensive_and_allocation_heavy,priority_queue,go,1,OK,0.002526393,0.006822425,0.000313931,2.700461,2.5762,vcgencmd_pmic,vcgencmd pmic_read_adc,0
memory_intensive_and_allocation_heavy,priority_queue,go,2,OK,0.002553375,0.00688112,0.000303115,2.694912,2.5762,vcgencmd_pmic,vcgencmd pmic_read_adc,0
memory_intensive_and_allocation_heavy,priority_queue,go,3,OK,0.002533226,0.006819073,0.000292976,2.691853,2.5762,vcgencmd_pmic,vcgencmd pmic_read_adc,0
memory_intensive_and_allocation_heavy,priority_queue,go,4,OK,0.002557875,0.006861282,0.000271684,2.682415,2.5762,vcgencmd_pmic,vcgencmd pmic_read_adc,0
memory_intensive_and_allocation_heavy,priority_queue,go,5,OK,0.00256093,0.006912553,0.000315085,2.699235,2.5762,vcgencmd_pmic,vcgencmd pmic_read_adc,0
memory_intensive_and_allocation_heavy,priority_queue,go,6,OK,0.002551096,0.006892993,0.000320859,2.701973,2.5762,vcgencmd_pmic,vcgencmd pmic_read_adc,0
memory_intensive_and_allocation_heavy,priority_queue,go,7,OK,0.00250806,0.006760684,0.00029942,2.695583,2.5762,vcgencmd_pmic,vcgencmd pmic_read_adc,0
memory_intensive_and_allocation_heavy,priority_queue,go,8,OK,0.002622115,0.007049103,0.00029401,2.688327,2.5762,vcgencmd_pmic,vcgencmd pmic_read_adc,0
memory_intensive_and_allocation_heavy,priority_queue,go,9,OK,0.002597949,0.006994578,0.000301742,2.692346,2.5762,vcgencmd_pmic,vcgencmd pmic_read_adc,0
memory_intensive_and_allocation_heavy,priority_queue,go,10,OK,0.002587189,0.006951081,0.000285965,2.686731,2.5762,vcgencmd_pmic,vcgencmd pmic_read_adc,0
memory_intensive_and_allocation_heavy,priority_queue,c,1,OK,0.002054356,0.006047961,0.000755529,2.943969,2.5762,vcgencmd_pmic,vcgencmd pmic_read_adc,0
memory_intensive_and_allocation_heavy,priority_queue,c,2,OK,0.002063874,0.005562547,0.000245595,2.695197,2.5762,vcgencmd_pmic,vcgencmd pmic_read_adc,0
memory_intensive_and_allocation_heavy,priority_queue,c,3,OK,0.002010596,0.005408522,0.000228825,2.690009,2.5762,vcgencmd_pmic,vcgencmd pmic_read_adc,0
memory_intensive_and_allocation_heavy,priority_queue,c,4,OK,0.002052781,0.00564118,0.000352806,2.748067,2.5762,vcgencmd_pmic,vcgencmd pmic_read_adc,0
memory_intensive_and_allocation_heavy,priority_queue,c,5,OK,0.002109447,0.005691651,0.000257294,2.698172,2.5762,vcgencmd_pmic,vcgencmd pmic_read_adc,0
memory_intensive_and_allocation_heavy,priority_queue,c,6,OK,0.00205017,0.005575942,0.000294294,2.719746,2.5762,vcgencmd_pmic,vcgencmd pmic_read_adc,0
memory_intensive_and_allocation_heavy,priority_queue,c,7,OK,0.002062059,0.005540576,0.0002283,2.686914,2.5762,vcgencmd_pmic,vcgencmd pmic_read_adc,0
memory_intensive_and_allocation_heavy,priority_queue,c,8,OK,0.002079855,0.005629497,0.000271375,2.706678,2.5762,vcgencmd_pmic,vcgencmd pmic_read_adc,0
memory_intensive_and_allocation_heavy,priority_queue,c,9,OK,0.002031837,0.005523016,0.000288598,2.718238,2.5762,vcgencmd_pmic,vcgencmd pmic_read_adc,0
memory_intensive_and_allocation_heavy,priority_queue,c,10,OK,0.00206667,0.005572907,0.000248752,2.696564,2.5762,vcgencmd_pmic,vcgencmd pmic_read_adc,0
memory_intensive_and_allocation_heavy,priority_queue,cpp,1,OK,0.002774412,0.007911474,0.000764034,2.851586,2.5762,vcgencmd_pmic,vcgencmd pmic_read_adc,0
memory_intensive_and_allocation_heavy,priority_queue,cpp,2,OK,0.002784893,0.007527738,0.000353297,2.703062,2.5762,vcgencmd_pmic,vcgencmd pmic_read_adc,0
memory_intensive_and_allocation_heavy,priority_queue,cpp,3,OK,0.002806412,0.007612729,0.00038285,2.71262,2.5762,vcgencmd_pmic,vcgencmd pmic_read_adc,0
memory_intensive_and_allocation_heavy,priority_queue,cpp,4,OK,0.002800504,0.007903102,0.000688444,2.822028,2.5762,vcgencmd_pmic,vcgencmd pmic_read_adc,0
memory_intensive_and_allocation_heavy,priority_queue,cpp,5,OK,0.00279082,0.007654896,0.000465186,2.742884,2.5762,vcgencmd_pmic,vcgencmd pmic_read_adc,0
memory_intensive_and_allocation_heavy,priority_queue,cpp,6,OK,0.002849319,0.007715719,0.000375303,2.707917,2.5762,vcgencmd_pmic,vcgencmd pmic_read_adc,0
memory_intensive_and_allocation_heavy,priority_queue,cpp,7,OK,0.002789782,0.00759706,0.000410024,2.723173,2.5762,vcgencmd_pmic,vcgencmd pmic_read_adc,0
memory_intensive_and_allocation_heavy,priority_queue,cpp,8,OK,0.002785597,0.007525921,0.000349666,2.701726,2.5762,vcgencmd_pmic,vcgencmd pmic_read_adc,0
memory_intensive_and_allocation_heavy,priority_queue,cpp,9,OK,0.002828597,0.007641494,0.000354462,2.701514,2.5762,vcgencmd_pmic,vcgencmd pmic_read_adc,0
memory_intensive_and_allocation_heavy,priority_queue,cpp,10,OK,0.002831486,0.00762029,0.000325816,2.691269,2.5762,vcgencmd_pmic,vcgencmd pmic_read_adc,0
floating_point,monte_carlo_pi,rust,1,OK,0.00219243,0.005920989,0.000272851,2.700651,2.5762,vcgencmd_pmic,vcgencmd pmic_read_adc,0
floating_point,monte_carlo_pi,rust,2,OK,0.002162281,0.00624164,0.000671172,2.8866,2.5762,vcgencmd_pmic,vcgencmd pmic_read_adc,0
floating_point,monte_carlo_pi,rust,3,OK,0.002239133,0.006016089,0.000247635,2.686794,2.5762,vcgencmd_pmic,vcgencmd pmic_read_adc,0
floating_point,monte_carlo_pi,rust,4,OK,0.002195689,0.005916317,0.000259783,2.694515,2.5762,vcgencmd_pmic,vcgencmd pmic_read_adc,0
floating_point,monte_carlo_pi,rust,5,OK,0.002256652,0.006061588,0.000248001,2.686098,2.5762,vcgencmd_pmic,vcgencmd pmic_read_adc,0
floating_point,monte_carlo_pi,rust,6,OK,0.002271171,0.00611279,0.000261799,2.691471,2.5762,vcgencmd_pmic,vcgencmd pmic_read_adc,0
floating_point,monte_carlo_pi,rust,7,OK,0.002239948,0.006093396,0.000322842,2.720329,2.5762,vcgencmd_pmic,vcgencmd pmic_read_adc,0
floating_point,monte_carlo_pi,rust,8,OK,0.002278726,0.006154009,0.000283555,2.700636,2.5762,vcgencmd_pmic,vcgencmd pmic_read_adc,0
floating_point,monte_carlo_pi,rust,9,OK,0.002214781,0.006114721,0.000409002,2.760869,2.5762,vcgencmd_pmic,vcgencmd pmic_read_adc,0
floating_point,monte_carlo_pi,rust,10,OK,0.002188874,0.005882324,0.000243347,2.687374,2.5762,vcgencmd_pmic,vcgencmd pmic_read_adc,0
floating_point,monte_carlo_pi,go,1,OK,0.280432868,0.692828189,0.0,2.470567,2.5762,vcgencmd_pmic,vcgencmd pmic_read_adc,0
floating_point,monte_carlo_pi,go,2,OK,0.280570998,0.692284107,0.0,2.467411,2.5762,vcgencmd_pmic,vcgencmd pmic_read_adc,0
floating_point,monte_carlo_pi,go,3,OK,0.280404849,0.78033543,0.057956458,2.782889,2.5762,vcgencmd_pmic,vcgencmd pmic_read_adc,0
floating_point,monte_carlo_pi,go,4,OK,0.280610924,0.69294721,0.0,2.469423,2.5762,vcgencmd_pmic,vcgencmd pmic_read_adc,0
floating_point,monte_carlo_pi,go,5,OK,0.280459275,0.695730415,0.0,2.480682,2.5762,vcgencmd_pmic,vcgencmd pmic_read_adc,0
floating_point,monte_carlo_pi,go,6,OK,0.280664905,0.693435693,0.0,2.470689,2.5762,vcgencmd_pmic,vcgencmd pmic_read_adc,0
floating_point,monte_carlo_pi,go,7,OK,0.280530294,0.696055272,0.0,2.481212,2.5762,vcgencmd_pmic,vcgencmd pmic_read_adc,0
floating_point,monte_carlo_pi,go,8,OK,0.280667387,0.731334028,0.008278706,2.605697,2.5762,vcgencmd_pmic,vcgencmd pmic_read_adc,0
floating_point,monte_carlo_pi,go,9,OK,0.280532702,0.699494266,0.0,2.49345,2.5762,vcgencmd_pmic,vcgencmd pmic_read_adc,0
floating_point,monte_carlo_pi,go,10,OK,0.280738054,0.751449163,0.028211788,2.676692,2.5762,vcgencmd_pmic,vcgencmd pmic_read_adc,0
floating_point,monte_carlo_pi,c,1,OK,3.741919915,9.251466669,0.0,2.472385,2.5762,vcgencmd_pmic,vcgencmd pmic_read_adc,0
floating_point,monte_carlo_pi,c,2,OK,3.741893433,9.534976847,0.0,2.548169,2.5762,vcgencmd_pmic,vcgencmd pmic_read_adc,0
floating_point,monte_carlo_pi,c,3,OK,3.74202358,9.545303429,0.0,2.55084,2.5762,vcgencmd_pmic,vcgencmd pmic_read_adc,0
floating_point,monte_carlo_pi,c,4,OK,3.742103691,9.605310338,0.0,2.566821,2.5762,vcgencmd_pmic,vcgencmd pmic_read_adc,0
floating_point,monte_carlo_pi,c,5,OK,3.742151247,9.691178189,0.050648146,2.589735,2.5762,vcgencmd_pmic,vcgencmd pmic_read_adc,0
floating_point,monte_carlo_pi,c,6,OK,3.74194006,9.691368433,0.05138245,2.589932,2.5762,vcgencmd_pmic,vcgencmd pmic_read_adc,0
floating_point,monte_carlo_pi,c,7,OK,3.742050597,9.213083865,0.0,2.462042,2.5762,vcgencmd_pmic,vcgencmd pmic_read_adc,0
floating_point,monte_carlo_pi,c,8,OK,3.741950615,9.2818505,0.0,2.480484,2.5762,vcgencmd_pmic,vcgencmd pmic_read_adc,0
floating_point,monte_carlo_pi,c,9,OK,3.742054449,9.298588067,0.0,2.484889,2.5762,vcgencmd_pmic,vcgencmd pmic_read_adc,0
floating_point,monte_carlo_pi,c,10,OK,3.742149059,9.284348529,0.0,2.48102,2.5762,vcgencmd_pmic,vcgencmd pmic_read_adc,0
floating_point,monte_carlo_pi,cpp,1,OK,3.742003188,9.22475071,0.0,2.46519,2.5762,vcgencmd_pmic,vcgencmd pmic_read_adc,0
floating_point,monte_carlo_pi,cpp,2,OK,3.741956688,9.220695798,0.0,2.464137,2.5762,vcgencmd_pmic,vcgencmd pmic_read_adc,0
floating_point,monte_carlo_pi,cpp,3,OK,3.741954799,9.300690395,0.0,2.485516,2.5762,vcgencmd_pmic,vcgencmd pmic_read_adc,0
floating_point,monte_carlo_pi,cpp,4,OK,3.742016262,9.293984047,0.0,2.483684,2.5762,vcgencmd_pmic,vcgencmd pmic_read_adc,0
floating_point,monte_carlo_pi,cpp,5,OK,3.741936373,9.343420543,0.0,2.496948,2.5762,vcgencmd_pmic,vcgencmd pmic_read_adc,0
floating_point,monte_carlo_pi,cpp,6,OK,3.741855669,9.276282844,0.0,2.47906,2.5762,vcgencmd_pmic,vcgencmd pmic_read_adc,0
floating_point,monte_carlo_pi,cpp,7,OK,3.742036188,9.195256878,0.0,2.457287,2.5762,vcgencmd_pmic,vcgencmd pmic_read_adc,0
floating_point,monte_carlo_pi,cpp,8,OK,3.742054429,9.67002434,0.02974372,2.584149,2.5762,vcgencmd_pmic,vcgencmd pmic_read_adc,0
floating_point,monte_carlo_pi,cpp,9,OK,3.742079243,9.855813469,0.215468923,2.63378,2.5762,vcgencmd_pmic,vcgencmd pmic_read_adc,0
floating_point,monte_carlo_pi,cpp,10,OK,3.742160928,9.544781858,0.0,2.550607,2.5762,vcgencmd_pmic,vcgencmd pmic_read_adc,0
floating_point,matrix_multiplication,rust,1,OK,0.002288597,0.006154967,0.000259083,2.689406,2.5762,vcgencmd_pmic,vcgencmd pmic_read_adc,0
floating_point,matrix_multiplication,rust,2,OK,0.002276319,0.00614274,0.000278487,2.698541,2.5762,vcgencmd_pmic,vcgencmd pmic_read_adc,0
floating_point,matrix_multiplication,rust,3,OK,0.002219077,0.006543924,0.000827138,2.94894,2.5762,vcgencmd_pmic,vcgencmd pmic_read_adc,0
floating_point,matrix_multiplication,rust,4,OK,0.002208171,0.00655254,0.00086385,2.967406,2.5762,vcgencmd_pmic,vcgencmd pmic_read_adc,0
floating_point,matrix_multiplication,rust,5,OK,0.002234652,0.00602345,0.00026654,2.695476,2.5762,vcgencmd_pmic,vcgencmd pmic_read_adc,0
floating_point,matrix_multiplication,rust,6,OK,0.002698967,0.007252199,0.00029912,2.687028,2.5762,vcgencmd_pmic,vcgencmd pmic_read_adc,0
floating_point,matrix_multiplication,rust,7,OK,0.002200892,0.006163946,0.000494008,2.800658,2.5762,vcgencmd_pmic,vcgencmd pmic_read_adc,0
floating_point,matrix_multiplication,rust,8,OK,0.002190799,0.005925725,0.000281789,2.704824,2.5762,vcgencmd_pmic,vcgencmd pmic_read_adc,0
floating_point,matrix_multiplication,rust,9,OK,0.002188596,0.005912995,0.000274734,2.70173,2.5762,vcgencmd_pmic,vcgencmd pmic_read_adc,0
floating_point,matrix_multiplication,rust,10,OK,0.002217522,0.005996061,0.000283281,2.703947,2.5762,vcgencmd_pmic,vcgencmd pmic_read_adc,0
floating_point,matrix_multiplication,go,1,OK,0.002575282,0.006979632,0.000345191,2.71024,2.5762,vcgencmd_pmic,vcgencmd pmic_read_adc,0
floating_point,matrix_multiplication,go,2,OK,0.002566764,0.006891556,0.000279059,2.68492,2.5762,vcgencmd_pmic,vcgencmd pmic_read_adc,0
floating_point,matrix_multiplication,go,3,OK,0.002646911,0.007136301,0.000317329,2.696086,2.5762,vcgencmd_pmic,vcgencmd pmic_read_adc,0
floating_point,matrix_multiplication,go,4,OK,0.00264293,0.007105623,0.000296907,2.68854,2.5762,vcgencmd_pmic,vcgencmd pmic_read_adc,0
floating_point,matrix_multiplication,go,5,OK,0.002530856,0.006845372,0.000325381,2.704766,2.5762,vcgencmd_pmic,vcgencmd pmic_read_adc,0
floating_point,matrix_multiplication,go,6,OK,0.002666559,0.007233281,0.000363692,2.71259,2.5762,vcgencmd_pmic,vcgencmd pmic_read_adc,0
floating_point,matrix_multiplication,go,7,OK,0.0025513,0.006873207,0.000300548,2.694002,2.5762,vcgencmd_pmic,vcgencmd pmic_read_adc,0
floating_point,matrix_multiplication,go,8,OK,0.002620856,0.007112961,0.000361112,2.713984,2.5762,vcgencmd_pmic,vcgencmd pmic_read_adc,0
floating_point,matrix_multiplication,go,9,OK,0.002641319,0.007107867,0.000303301,2.691029,2.5762,vcgencmd_pmic,vcgencmd pmic_read_adc,0
floating_point,matrix_multiplication,go,10,OK,0.00259193,0.007071975,0.000394645,2.728459,2.5762,vcgencmd_pmic,vcgencmd pmic_read_adc,0
floating_point,matrix_multiplication,c,1,OK,0.055361087,0.142879132,0.0002579,2.580859,2.5762,vcgencmd_pmic,vcgencmd pmic_read_adc,0
floating_point,matrix_multiplication,c,2,OK,0.055055587,0.142534978,0.000700775,2.588928,2.5762,vcgencmd_pmic,vcgencmd pmic_read_adc,0
floating_point,matrix_multiplication,c,3,OK,0.054701549,0.135836856,0.0,2.483236,2.5762,vcgencmd_pmic,vcgencmd pmic_read_adc,0
floating_point,matrix_multiplication,c,4,OK,0.054877475,0.135555348,0.0,2.470146,2.5762,vcgencmd_pmic,vcgencmd pmic_read_adc,0
floating_point,matrix_multiplication,c,5,OK,0.056161495,0.139566005,0.0,2.485084,2.5762,vcgencmd_pmic,vcgencmd pmic_read_adc,0
floating_point,matrix_multiplication,c,6,OK,0.054672956,0.140941167,9.2698e-05,2.577895,2.5762,vcgencmd_pmic,vcgencmd pmic_read_adc,0
floating_point,matrix_multiplication,c,7,OK,0.056209422,0.138831764,0.0,2.469902,2.5762,vcgencmd_pmic,vcgencmd pmic_read_adc,0
floating_point,matrix_multiplication,c,8,OK,0.054944049,0.135952291,0.0,2.474377,2.5762,vcgencmd_pmic,vcgencmd pmic_read_adc,0
floating_point,matrix_multiplication,c,9,OK,0.054867679,0.137598811,0.0,2.50783,2.5762,vcgencmd_pmic,vcgencmd pmic_read_adc,0
floating_point,matrix_multiplication,c,10,OK,0.056498255,0.147262786,0.001711981,2.606501,2.5762,vcgencmd_pmic,vcgencmd pmic_read_adc,0
floating_point,matrix_multiplication,cpp,1,OK,0.002776189,0.007476223,0.000324205,2.692981,2.5762,vcgencmd_pmic,vcgencmd pmic_read_adc,0
floating_point,matrix_multiplication,cpp,2,OK,0.002791412,0.007513948,0.000322712,2.691809,2.5762,vcgencmd_pmic,vcgencmd pmic_read_adc,0
floating_point,matrix_multiplication,cpp,3,OK,0.002869375,0.007736395,0.000344311,2.696195,2.5762,vcgencmd_pmic,vcgencmd pmic_read_adc,0
floating_point,matrix_multiplication,cpp,4,OK,0.002813505,0.008225773,0.000977621,2.923675,2.5762,vcgencmd_pmic,vcgencmd pmic_read_adc,0
floating_point,matrix_multiplication,cpp,5,OK,0.002802745,0.007510858,0.000290426,2.679822,2.5762,vcgencmd_pmic,vcgencmd pmic_read_adc,0
floating_point,matrix_multiplication,cpp,6,OK,0.002784745,0.007518461,0.000344401,2.699874,2.5762,vcgencmd_pmic,vcgencmd pmic_read_adc,0
floating_point,matrix_multiplication,cpp,7,OK,0.002764153,0.007501382,0.000380371,2.713809,2.5762,vcgencmd_pmic,vcgencmd pmic_read_adc,0
floating_point,matrix_multiplication,cpp,8,OK,0.002824764,0.007662602,0.000385445,2.712652,2.5762,vcgencmd_pmic,vcgencmd pmic_read_adc,0
floating_point,matrix_multiplication,cpp,9,OK,0.002793004,0.007581682,0.000386345,2.714526,2.5762,vcgencmd_pmic,vcgencmd pmic_read_adc,0
floating_point,matrix_multiplication,cpp,10,OK,0.002805875,0.007628492,0.000399997,2.718757,2.5762,vcgencmd_pmic,vcgencmd pmic_read_adc,0
floating_point,gaussian_elimination,rust,1,OK,0.002441966,0.006602845,0.000311852,2.703905,2.5762,vcgencmd_pmic,vcgencmd pmic_read_adc,0
floating_point,gaussian_elimination,rust,2,OK,0.0024143,0.006586152,0.000366432,2.727976,2.5762,vcgencmd_pmic,vcgencmd pmic_read_adc,0
floating_point,gaussian_elimination,rust,3,OK,0.002475763,0.006670232,0.000292171,2.694213,2.5762,vcgencmd_pmic,vcgencmd pmic_read_adc,0
floating_point,gaussian_elimination,rust,4,OK,0.002460208,0.006678898,0.00034091,2.71477,2.5762,vcgencmd_pmic,vcgencmd pmic_read_adc,0
floating_point,gaussian_elimination,rust,5,OK,0.002493708,0.006682283,0.000257992,2.679657,2.5762,vcgencmd_pmic,vcgencmd pmic_read_adc,0
floating_point,gaussian_elimination,rust,6,OK,0.002473523,0.006612314,0.000240024,2.673237,2.5762,vcgencmd_pmic,vcgencmd pmic_read_adc,0
floating_point,gaussian_elimination,rust,7,OK,0.00248543,0.006692287,0.000289322,2.692607,2.5762,vcgencmd_pmic,vcgencmd pmic_read_adc,0
floating_point,gaussian_elimination,rust,8,OK,0.002473282,0.006659696,0.000288027,2.692655,2.5762,vcgencmd_pmic,vcgencmd pmic_read_adc,0
floating_point,gaussian_elimination,rust,9,OK,0.00246793,0.006941046,0.000583165,2.812497,2.5762,vcgencmd_pmic,vcgencmd pmic_read_adc,0
floating_point,gaussian_elimination,rust,10,OK,0.002444615,0.006605073,0.000307256,2.701887,2.5762,vcgencmd_pmic,vcgencmd pmic_read_adc,0
floating_point,gaussian_elimination,go,1,OK,0.002719097,0.007555672,0.000550734,2.778743,2.5762,vcgencmd_pmic,vcgencmd pmic_read_adc,0
floating_point,gaussian_elimination,go,2,OK,0.00280906,0.007530848,0.000294148,2.680914,2.5762,vcgencmd_pmic,vcgencmd pmic_read_adc,0
floating_point,gaussian_elimination,go,3,OK,0.002849689,0.007715563,0.000374194,2.707511,2.5762,vcgencmd_pmic,vcgencmd pmic_read_adc,0
floating_point,gaussian_elimination,go,4,OK,0.002842949,0.007631985,0.00030798,2.684531,2.5762,vcgencmd_pmic,vcgencmd pmic_read_adc,0
floating_point,gaussian_elimination,go,5,OK,0.002771172,0.007483686,0.000344593,2.700549,2.5762,vcgencmd_pmic,vcgencmd pmic_read_adc,0
floating_point,gaussian_elimination,go,6,OK,0.002840431,0.007913506,0.000595988,2.786023,2.5762,vcgencmd_pmic,vcgencmd pmic_read_adc,0
floating_point,gaussian_elimination,go,7,OK,0.002836134,0.00765062,0.000344172,2.697552,2.5762,vcgencmd_pmic,vcgencmd pmic_read_adc,0
floating_point,gaussian_elimination,go,8,OK,0.002774041,0.007155031,8.547e-06,2.579281,2.5762,vcgencmd_pmic,vcgencmd pmic_read_adc,0
floating_point,gaussian_elimination,go,9,OK,0.002789671,0.007471471,0.000284721,2.678262,2.5762,vcgencmd_pmic,vcgencmd pmic_read_adc,0
floating_point,gaussian_elimination,go,10,OK,0.002831579,0.007698251,0.000403537,2.718713,2.5762,vcgencmd_pmic,vcgencmd pmic_read_adc,0
floating_point,gaussian_elimination,c,1,OK,0.002250652,0.006111275,0.000313145,2.715335,2.5762,vcgencmd_pmic,vcgencmd pmic_read_adc,0
floating_point,gaussian_elimination,c,2,OK,0.002265615,0.006160168,0.000323491,2.718983,2.5762,vcgencmd_pmic,vcgencmd pmic_read_adc,0
floating_point,gaussian_elimination,c,3,OK,0.002289225,0.006218864,0.000321363,2.716581,2.5762,vcgencmd_pmic,vcgencmd pmic_read_adc,0
floating_point,gaussian_elimination,c,4,OK,0.002222263,0.006242418,0.000517424,2.809037,2.5762,vcgencmd_pmic,vcgencmd pmic_read_adc,0
floating_point,gaussian_elimination,c,5,OK,0.002322726,0.00628541,0.000301603,2.706049,2.5762,vcgencmd_pmic,vcgencmd pmic_read_adc,0
floating_point,gaussian_elimination,c,6,OK,0.0022708,0.006121749,0.000271714,2.695856,2.5762,vcgencmd_pmic,vcgencmd pmic_read_adc,0
floating_point,gaussian_elimination,c,7,OK,0.002261874,0.006157493,0.000330453,2.722297,2.5762,vcgencmd_pmic,vcgencmd pmic_read_adc,0
floating_point,gaussian_elimination,c,8,OK,0.00230043,0.006207633,0.000281265,2.698466,2.5762,vcgencmd_pmic,vcgencmd pmic_read_adc,0
floating_point,gaussian_elimination,c,9,OK,0.002213226,0.005951096,0.000249383,2.688879,2.5762,vcgencmd_pmic,vcgencmd pmic_read_adc,0
floating_point,gaussian_elimination,c,10,OK,0.002332485,0.006360388,0.00035144,2.726872,2.5762,vcgencmd_pmic,vcgencmd pmic_read_adc,0
floating_point,gaussian_elimination,cpp,1,OK,0.002218707,0.006078464,0.000362631,2.739643,2.5762,vcgencmd_pmic,vcgencmd pmic_read_adc,0
floating_point,gaussian_elimination,cpp,2,OK,0.002251096,0.006085767,0.000286493,2.703468,2.5762,vcgencmd_pmic,vcgencmd pmic_read_adc,0
floating_point,gaussian_elimination,cpp,3,OK,0.002272467,0.006472003,0.000617674,2.848007,2.5762,vcgencmd_pmic,vcgencmd pmic_read_adc,0
floating_point,gaussian_elimination,cpp,4,OK,0.002273133,0.00602019,0.000164145,2.648411,2.5762,vcgencmd_pmic,vcgencmd pmic_read_adc,0
floating_point,gaussian_elimination,cpp,5,OK,0.002282133,0.006176124,0.000296893,2.706295,2.5762,vcgencmd_pmic,vcgencmd pmic_read_adc,0
floating_point,gaussian_elimination,cpp,6,OK,0.00230993,0.006229821,0.000278979,2.696974,2.5762,vcgencmd_pmic,vcgencmd pmic_read_adc,0
floating_point,gaussian_elimination,cpp,7,OK,0.002294818,0.006186433,0.000274523,2.695827,2.5762,vcgencmd_pmic,vcgencmd pmic_read_adc,0
floating_point,gaussian_elimination,cpp,8,OK,0.002252967,0.006074174,0.00027008,2.696078,2.5762,vcgencmd_pmic,vcgencmd pmic_read_adc,0
floating_point,gaussian_elimination,cpp,9,OK,0.002242966,0.005731101,0.0,2.555144,2.5762,vcgencmd_pmic,vcgencmd pmic_read_adc,0
floating_point,gaussian_elimination,cpp,10,OK,0.002281633,0.006141849,0.000263906,2.691865,2.5762,vcgencmd_pmic,vcgencmd pmic_read_adc,0
floating_point,newton_raphson,rust,1,OK,0.002303244,0.006212853,0.000279236,2.697436,2.5762,vcgencmd_pmic,vcgencmd pmic_read_adc,0
floating_point,newton_raphson,rust,2,OK,0.002289059,0.006173193,0.000276119,2.696826,2.5762,vcgencmd_pmic,vcgencmd pmic_read_adc,0
floating_point,newton_raphson,rust,3,OK,0.002279948,0.006279469,0.000405867,2.754216,2.5762,vcgencmd_pmic,vcgencmd pmic_read_adc,0
floating_point,newton_raphson,rust,4,OK,0.002280633,0.005934794,5.9427e-05,2.602257,2.5762,vcgencmd_pmic,vcgencmd pmic_read_adc,0
floating_point,newton_raphson,rust,5,OK,0.002347263,0.006381264,0.000334245,2.718598,2.5762,vcgencmd_pmic,vcgencmd pmic_read_adc,0
floating_point,newton_raphson,rust,6,OK,0.002365745,0.006378127,0.000283495,2.696033,2.5762,vcgencmd_pmic,vcgencmd pmic_read_adc,0
floating_point,newton_raphson,rust,7,OK,0.002363671,0.006390228,0.000300939,2.703518,2.5762,vcgencmd_pmic,vcgencmd pmic_read_adc,0
floating_point,newton_raphson,rust,8,OK,0.002281818,0.006152359,0.000273939,2.696253,2.5762,vcgencmd_pmic,vcgencmd pmic_read_adc,0
floating_point,newton_raphson,rust,9,OK,0.002381541,0.006214116,7.879e-05,2.609284,2.5762,vcgencmd_pmic,vcgencmd pmic_read_adc,0
floating_point,newton_raphson,rust,10,OK,0.002401392,0.006474676,0.00028821,2.696218,2.5762,vcgencmd_pmic,vcgencmd pmic_read_adc,0
floating_point,newton_raphson,go,1,OK,0.054585716,0.13518057,0.0,2.476482,2.5762,vcgencmd_pmic,vcgencmd pmic_read_adc,0
floating_point,newton_raphson,go,2,OK,0.054733642,0.147558752,0.006553943,2.695943,2.5762,vcgencmd_pmic,vcgencmd pmic_read_adc,0
floating_point,newton_raphson,go,3,OK,0.054829901,0.136265436,0.0,2.48524,2.5762,vcgencmd_pmic,vcgencmd pmic_read_adc,0
floating_point,newton_raphson,go,4,OK,0.054413826,0.137216787,0.0,2.521727,2.5762,vcgencmd_pmic,vcgencmd pmic_read_adc,0
floating_point,newton_raphson,go,5,OK,0.05460379,0.134521952,0.0,2.463601,2.5762,vcgencmd_pmic,vcgencmd pmic_read_adc,0
floating_point,newton_raphson,go,6,OK,0.054112252,0.138775876,0.0,2.564593,2.5762,vcgencmd_pmic,vcgencmd pmic_read_adc,0
floating_point,newton_raphson,go,7,OK,0.054362105,0.135573626,0.0,2.493899,2.5762,vcgencmd_pmic,vcgencmd pmic_read_adc,0
floating_point,newton_raphson,go,8,OK,0.054631363,0.140329206,0.0,2.568657,2.5762,vcgencmd_pmic,vcgencmd pmic_read_adc,0
floating_point,newton_raphson,go,9,OK,0.054312956,0.136961307,0.0,2.521706,2.5762,vcgencmd_pmic,vcgencmd pmic_read_adc,0
floating_point,newton_raphson,go,10,OK,0.054597846,0.13503486,0.0,2.473264,2.5762,vcgencmd_pmic,vcgencmd pmic_read_adc,0
floating_point,newton_raphson,c,1,OK,0.747255732,1.922724119,0.0,2.573047,2.5762,vcgencmd_pmic,vcgencmd pmic_read_adc,0
floating_point,newton_raphson,c,2,OK,0.747292232,1.934909224,0.009734976,2.589227,2.5762,vcgencmd_pmic,vcgencmd pmic_read_adc,0
floating_point,newton_raphson,c,3,OK,0.747114361,1.839205043,0.0,2.461745,2.5762,vcgencmd_pmic,vcgencmd pmic_read_adc,0
floating_point,newton_raphson,c,4,OK,0.74704438,1.91683109,0.0,2.565887,2.5762,vcgencmd_pmic,vcgencmd pmic_read_adc,0
floating_point,newton_raphson,c,5,OK,0.747054861,1.932109481,0.007546748,2.586302,2.5762,vcgencmd_pmic,vcgencmd pmic_read_adc,0
floating_point,newton_raphson,c,6,OK,0.747238621,1.86095071,0.0,2.490437,2.5762,vcgencmd_pmic,vcgencmd pmic_read_adc,0
floating_point,newton_raphson,c,7,OK,0.747306973,1.843372022,0.0,2.466687,2.5762,vcgencmd_pmic,vcgencmd pmic_read_adc,0
floating_point,newton_raphson,c,8,OK,0.747266972,1.876281255,0.0,2.510858,2.5762,vcgencmd_pmic,vcgencmd pmic_read_adc,0
floating_point,newton_raphson,c,9,OK,0.747278621,1.849365879,0.0,2.474801,2.5762,vcgencmd_pmic,vcgencmd pmic_read_adc,0
floating_point,newton_raphson,c,10,OK,0.747231455,1.839721204,0.0,2.46205,2.5762,vcgencmd_pmic,vcgencmd pmic_read_adc,0
floating_point,newton_raphson,cpp,1,OK,0.002091837,0.005652429,0.000263439,2.702136,2.5762,vcgencmd_pmic,vcgencmd pmic_read_adc,0
floating_point,newton_raphson,cpp,2,OK,0.002012892,0.005413891,0.000228279,2.689608,2.5762,vcgencmd_pmic,vcgencmd pmic_read_adc,0
floating_point,newton_raphson,cpp,3,OK,0.002085151,0.005592048,0.000220282,2.681843,2.5762,vcgencmd_pmic,vcgencmd pmic_read_adc,0
floating_point,newton_raphson,cpp,4,OK,0.002043355,0.005517226,0.000253135,2.700082,2.5762,vcgencmd_pmic,vcgencmd pmic_read_adc,0
floating_point,newton_raphson,cpp,5,OK,0.002040373,0.005496248,0.000239839,2.693747,2.5762,vcgencmd_pmic,vcgencmd pmic_read_adc,0
floating_point,newton_raphson,cpp,6,OK,0.002058281,0.005567584,0.00026504,2.704968,2.5762,vcgencmd_pmic,vcgencmd pmic_read_adc,0
floating_point,newton_raphson,cpp,7,OK,0.002074207,0.005614932,0.00027136,2.707026,2.5762,vcgencmd_pmic,vcgencmd pmic_read_adc,0
floating_point,newton_raphson,cpp,8,OK,0.00215767,0.005833983,0.000275394,2.703835,2.5762,vcgencmd_pmic,vcgencmd pmic_read_adc,0
floating_point,newton_raphson,cpp,9,OK,0.002061559,0.005549537,0.000238549,2.691913,2.5762,vcgencmd_pmic,vcgencmd pmic_read_adc,0
floating_point,newton_raphson,cpp,10,OK,0.002138244,0.005770507,0.000261963,2.698713,2.5762,vcgencmd_pmic,vcgencmd pmic_read_adc,0
floating_point,numerical_integration,rust,1,OK,0.002187077,0.005919338,0.00028499,2.706506,2.5762,vcgencmd_pmic,vcgencmd pmic_read_adc,0
floating_point,numerical_integration,rust,2,OK,0.002240911,0.006065634,0.000292599,2.706771,2.5762,vcgencmd_pmic,vcgencmd pmic_read_adc,0
floating_point,numerical_integration,rust,3,OK,0.002284374,0.006154197,0.000269193,2.694041,2.5762,vcgencmd_pmic,vcgencmd pmic_read_adc,0
floating_point,numerical_integration,rust,4,OK,0.002282115,0.006151043,0.000271858,2.695326,2.5762,vcgencmd_pmic,vcgencmd pmic_read_adc,0
floating_point,numerical_integration,rust,5,OK,0.002238263,0.005989263,0.00022305,2.675853,2.5762,vcgencmd_pmic,vcgencmd pmic_read_adc,0
floating_point,numerical_integration,rust,6,OK,0.002335874,0.006753787,0.000736108,2.891332,2.5762,vcgencmd_pmic,vcgencmd pmic_read_adc,0
floating_point,numerical_integration,rust,7,OK,0.002292041,0.006367919,0.000463163,2.778274,2.5762,vcgencmd_pmic,vcgencmd pmic_read_adc,0
floating_point,numerical_integration,rust,8,OK,0.002298504,0.006207901,0.000286495,2.700844,2.5762,vcgencmd_pmic,vcgencmd pmic_read_adc,0
floating_point,numerical_integration,rust,9,OK,0.0022363,0.006043935,0.000282779,2.702649,2.5762,vcgencmd_pmic,vcgencmd pmic_read_adc,0
floating_point,numerical_integration,rust,10,OK,0.002261689,0.006116473,0.00028991,2.704383,2.5762,vcgencmd_pmic,vcgencmd pmic_read_adc,0
floating_point,numerical_integration,go,1,OK,0.139143164,0.347637925,0.0,2.498419,2.5762,vcgencmd_pmic,vcgencmd pmic_read_adc,0
floating_point,numerical_integration,go,2,OK,0.139052608,0.359393076,0.001165747,2.584583,2.5762,vcgencmd_pmic,vcgencmd pmic_read_adc,0
floating_point,numerical_integration,go,3,OK,0.139611479,0.346607765,0.0,2.48266,2.5762,vcgencmd_pmic,vcgencmd pmic_read_adc,0
floating_point,numerical_integration,go,4,OK,0.139708516,0.345260189,0.0,2.47129,2.5762,vcgencmd_pmic,vcgencmd pmic_read_adc,0
floating_point,numerical_integration,go,5,OK,0.139362072,0.36005794,0.00103337,2.583615,2.5762,vcgencmd_pmic,vcgencmd pmic_read_adc,0
floating_point,numerical_integration,go,6,OK,0.138638273,0.358052819,0.0008929,2.582641,2.5762,vcgencmd_pmic,vcgencmd pmic_read_adc,0
floating_point,numerical_integration,go,7,OK,0.139660349,0.3477086,0.0,2.489673,2.5762,vcgencmd_pmic,vcgencmd pmic_read_adc,0
floating_point,numerical_integration,go,8,OK,0.13970485,0.361682305,0.00177467,2.588903,2.5762,vcgencmd_pmic,vcgencmd pmic_read_adc,0
floating_point,numerical_integration,go,9,OK,0.139622219,0.363919938,0.004225177,2.606461,2.5762,vcgencmd_pmic,vcgencmd pmic_read_adc,0
floating_point,numerical_integration,go,10,OK,0.139255608,0.349251672,0.0,2.50799,2.5762,vcgencmd_pmic,vcgencmd pmic_read_adc,0
floating_point,numerical_integration,c,1,OK,0.218203047,0.541702702,0.0,2.482563,2.5762,vcgencmd_pmic,vcgencmd pmic_read_adc,0
floating_point,numerical_integration,c,2,OK,0.218046769,0.569855092,0.008123006,2.613454,2.5762,vcgencmd_pmic,vcgencmd pmic_read_adc,0
floating_point,numerical_integration,c,3,OK,0.215936618,0.536141795,0.0,2.482867,2.5762,vcgencmd_pmic,vcgencmd pmic_read_adc,0
floating_point,numerical_integration,c,4,OK,0.218422047,0.549624571,0.0,2.516342,2.5762,vcgencmd_pmic,vcgencmd pmic_read_adc,0
floating_point,numerical_integration,c,5,OK,0.217465324,0.544670392,0.0,2.504631,2.5762,vcgencmd_pmic,vcgencmd pmic_read_adc,0
floating_point,numerical_integration,c,6,OK,0.218052306,0.545803892,0.0,2.503087,2.5762,vcgencmd_pmic,vcgencmd pmic_read_adc,0
floating_point,numerical_integration,c,7,OK,0.216935471,0.557691526,0.0,2.570771,2.5762,vcgencmd_pmic,vcgencmd pmic_read_adc,0
floating_point,numerical_integration,c,8,OK,0.217848047,0.550997619,0.0,2.529275,2.5762,vcgencmd_pmic,vcgencmd pmic_read_adc,0
floating_point,numerical_integration,c,9,OK,0.216627804,0.533389752,0.0,2.46224,2.5762,vcgencmd_pmic,vcgencmd pmic_read_adc,0
floating_point,numerical_integration,c,10,OK,0.217857103,0.539650453,0.0,2.477084,2.5762,vcgencmd_pmic,vcgencmd pmic_read_adc,0
floating_point,numerical_integration,cpp,1,OK,0.218166084,0.568430314,0.006390848,2.605494,2.5762,vcgencmd_pmic,vcgencmd pmic_read_adc,0
floating_point,numerical_integration,cpp,2,OK,0.216656008,0.533558426,0.0,2.462699,2.5762,vcgencmd_pmic,vcgencmd pmic_read_adc,0
floating_point,numerical_integration,cpp,3,OK,0.216221841,0.560704208,0.003673501,2.59319,2.5762,vcgencmd_pmic,vcgencmd pmic_read_adc,0
floating_point,numerical_integration,cpp,4,OK,0.218101825,0.548605261,0.0,2.515363,2.5762,vcgencmd_pmic,vcgencmd pmic_read_adc,0
floating_point,numerical_integration,cpp,5,OK,0.217230046,0.541517467,0.0,2.49283,2.5762,vcgencmd_pmic,vcgencmd pmic_read_adc,0
floating_point,numerical_integration,cpp,6,OK,0.21828888,0.546478462,0.0,2.503465,2.5762,vcgencmd_pmic,vcgencmd pmic_read_adc,0
floating_point,numerical_integration,cpp,7,OK,0.217972806,0.553393065,0.0,2.538817,2.5762,vcgencmd_pmic,vcgencmd pmic_read_adc,0
floating_point,numerical_integration,cpp,8,OK,0.217866324,0.574895307,0.013628083,2.638752,2.5762,vcgencmd_pmic,vcgencmd pmic_read_adc,0
floating_point,numerical_integration,cpp,9,OK,0.217540009,0.549162893,0.0,2.524422,2.5762,vcgencmd_pmic,vcgencmd pmic_read_adc,0
floating_point,numerical_integration,cpp,10,OK,0.217617861,0.54422299,0.0,2.500819,2.5762,vcgencmd_pmic,vcgencmd pmic_read_adc,0
integer_and_control_flow_intensive,sudoku_solver,rust,1,OK,0.002589152,0.007033592,0.000363419,2.716562,2.5762,vcgencmd_pmic,vcgencmd pmic_read_adc,0
integer_and_control_flow_intensive,sudoku_solver,rust,2,OK,0.002590597,0.006937498,0.000263602,2.677953,2.5762,vcgencmd_pmic,vcgencmd pmic_read_adc,0
integer_and_control_flow_intensive,sudoku_solver,rust,3,OK,0.002605504,0.007020601,0.000308302,2.694527,2.5762,vcgencmd_pmic,vcgencmd pmic_read_adc,0
integer_and_control_flow_intensive,sudoku_solver,rust,4,OK,0.002641004,0.007125542,0.000321787,2.698043,2.5762,vcgencmd_pmic,vcgencmd pmic_read_adc,0
integer_and_control_flow_intensive,sudoku_solver,rust,5,OK,0.002612652,0.007063895,0.000333181,2.703726,2.5762,vcgencmd_pmic,vcgencmd pmic_read_adc,0
integer_and_control_flow_intensive,sudoku_solver,rust,6,OK,0.002588022,0.007006429,0.000339167,2.707252,2.5762,vcgencmd_pmic,vcgencmd pmic_read_adc,0
integer_and_control_flow_intensive,sudoku_solver,rust,7,OK,0.002638763,0.00711448,0.000316499,2.696142,2.5762,vcgencmd_pmic,vcgencmd pmic_read_adc,0
integer_and_control_flow_intensive,sudoku_solver,rust,8,OK,0.002625226,0.007101805,0.000338698,2.705217,2.5762,vcgencmd_pmic,vcgencmd pmic_read_adc,0
integer_and_control_flow_intensive,sudoku_solver,rust,9,OK,0.002661338,0.007175615,0.000319476,2.696243,2.5762,vcgencmd_pmic,vcgencmd pmic_read_adc,0
integer_and_control_flow_intensive,sudoku_solver,rust,10,OK,0.002692337,0.007255166,0.000319167,2.694747,2.5762,vcgencmd_pmic,vcgencmd pmic_read_adc,0
integer_and_control_flow_intensive,sudoku_solver,go,1,OK,0.003233097,0.008718394,0.00038929,2.696608,2.5762,vcgencmd_pmic,vcgencmd pmic_read_adc,0
integer_and_control_flow_intensive,sudoku_solver,go,2,OK,0.003428746,0.009190464,0.000357329,2.680416,2.5762,vcgencmd_pmic,vcgencmd pmic_read_adc,0
integer_and_control_flow_intensive,sudoku_solver,go,3,OK,0.003376431,0.009165896,0.000467534,2.71467,2.5762,vcgencmd_pmic,vcgencmd pmic_read_adc,0
integer_and_control_flow_intensive,sudoku_solver,go,4,OK,0.003399338,0.009620483,0.000863108,2.830105,2.5762,vcgencmd_pmic,vcgencmd pmic_read_adc,0
integer_and_control_flow_intensive,sudoku_solver,go,5,OK,0.003382061,0.009123258,0.000410392,2.697544,2.5762,vcgencmd_pmic,vcgencmd pmic_read_adc,0
integer_and_control_flow_intensive,sudoku_solver,go,6,OK,0.003339209,0.008994836,0.000392366,2.693703,2.5762,vcgencmd_pmic,vcgencmd pmic_read_adc,0
integer_and_control_flow_intensive,sudoku_solver,go,7,OK,0.003361949,0.009582074,0.000921021,2.850154,2.5762,vcgencmd_pmic,vcgencmd pmic_read_adc,0
integer_and_control_flow_intensive,sudoku_solver,go,8,OK,0.003362246,0.009060454,0.000398636,2.694762,2.5762,vcgencmd_pmic,vcgencmd pmic_read_adc,0
integer_and_control_flow_intensive,sudoku_solver,go,9,OK,0.003333931,0.008959595,0.000370722,2.687397,2.5762,vcgencmd_pmic,vcgencmd pmic_read_adc,0
integer_and_control_flow_intensive,sudoku_solver,go,10,OK,0.003384023,0.009073618,0.000355698,2.681311,2.5762,vcgencmd_pmic,vcgencmd pmic_read_adc,0
integer_and_control_flow_intensive,sudoku_solver,c,1,OK,0.002529467,0.006804538,0.000288125,2.690107,2.5762,vcgencmd_pmic,vcgencmd pmic_read_adc,0
integer_and_control_flow_intensive,sudoku_solver,c,2,OK,0.002611542,0.007011885,0.00028403,2.68496,2.5762,vcgencmd_pmic,vcgencmd pmic_read_adc,0
integer_and_control_flow_intensive,sudoku_solver,c,3,OK,0.002530671,0.00684183,0.000322315,2.703564,2.5762,vcgencmd_pmic,vcgencmd pmic_read_adc,0
integer_and_control_flow_intensive,sudoku_solver,c,4,OK,0.002515375,0.00823503,0.001754921,3.273878,2.5762,vcgencmd_pmic,vcgencmd pmic_read_adc,0
integer_and_control_flow_intensive,sudoku_solver,c,5,OK,0.00251206,0.006762173,0.000290604,2.691884,2.5762,vcgencmd_pmic,vcgencmd pmic_read_adc,0
integer_and_control_flow_intensive,sudoku_solver,c,6,OK,0.002511078,0.006772842,0.000303803,2.697185,2.5762,vcgencmd_pmic,vcgencmd pmic_read_adc,0
integer_and_control_flow_intensive,sudoku_solver,c,7,OK,0.002527023,0.006799943,0.000289826,2.690891,2.5762,vcgencmd_pmic,vcgencmd pmic_read_adc,0
integer_and_control_flow_intensive,sudoku_solver,c,8,OK,0.002508819,0.006765333,0.000302113,2.696621,2.5762,vcgencmd_pmic,vcgencmd pmic_read_adc,0
integer_and_control_flow_intensive,sudoku_solver,c,9,OK,0.002504541,0.006741127,0.000288928,2.691562,2.5762,vcgencmd_pmic,vcgencmd pmic_read_adc,0
integer_and_control_flow_intensive,sudoku_solver,c,10,OK,0.002541133,0.006880323,0.000333856,2.707581,2.5762,vcgencmd_pmic,vcgencmd pmic_read_adc,0
integer_and_control_flow_intensive,sudoku_solver,cpp,1,OK,0.002567837,0.006962065,0.000346803,2.711257,2.5762,vcgencmd_pmic,vcgencmd pmic_read_adc,0
integer_and_control_flow_intensive,sudoku_solver,cpp,2,OK,0.002537245,0.006821464,0.000285013,2.688532,2.5762,vcgencmd_pmic,vcgencmd pmic_read_adc,0
integer_and_control_flow_intensive,sudoku_solver,cpp,3,OK,0.002508781,0.006777527,0.000314405,2.701522,2.5762,vcgencmd_pmic,vcgencmd pmic_read_adc,0
integer_and_control_flow_intensive,sudoku_solver,cpp,4,OK,0.002550801,0.006912039,0.000340665,2.709752,2.5762,vcgencmd_pmic,vcgencmd pmic_read_adc,0
integer_and_control_flow_intensive,sudoku_solver,cpp,5,OK,0.002575744,0.006900125,0.000264493,2.678886,2.5762,vcgencmd_pmic,vcgencmd pmic_read_adc,0
integer_and_control_flow_intensive,sudoku_solver,cpp,6,OK,0.002543578,0.006913002,0.000360236,2.717826,2.5762,vcgencmd_pmic,vcgencmd pmic_read_adc,0
integer_and_control_flow_intensive,sudoku_solver,cpp,7,OK,0.002533727,0.006830876,0.000303489,2.695979,2.5762,vcgencmd_pmic,vcgencmd pmic_read_adc,0
integer_and_control_flow_intensive,sudoku_solver,cpp,8,OK,0.002521745,0.006771161,0.000274642,2.685109,2.5762,vcgencmd_pmic,vcgencmd pmic_read_adc,0
integer_and_control_flow_intensive,sudoku_solver,cpp,9,OK,0.002526152,0.006880317,0.000372444,2.723635,2.5762,vcgencmd_pmic,vcgencmd pmic_read_adc,0
integer_and_control_flow_intensive,sudoku_solver,cpp,10,OK,0.002552967,0.006913034,0.00033608,2.707843,2.5762,vcgencmd_pmic,vcgencmd pmic_read_adc,0
integer_and_control_flow_intensive,towers_of_hanoi,rust,1,OK,0.383863789,0.94823703,0.0,2.470244,2.5762,vcgencmd_pmic,vcgencmd pmic_read_adc,0
integer_and_control_flow_intensive,towers_of_hanoi,rust,2,OK,0.383030954,0.989844679,0.003080335,2.584242,2.5762,vcgencmd_pmic,vcgencmd pmic_read_adc,0
integer_and_control_flow_intensive,towers_of_hanoi,rust,3,OK,0.384541587,0.996701415,0.006045379,2.591921,2.5762,vcgencmd_pmic,vcgencmd pmic_read_adc,0
integer_and_control_flow_intensive,towers_of_hanoi,rust,4,OK,0.384321624,0.948002499,0.0,2.466691,2.5762,vcgencmd_pmic,vcgencmd pmic_read_adc,0
integer_and_control_flow_intensive,towers_of_hanoi,rust,5,OK,0.38563183,0.9610568,0.0,2.492162,2.5762,vcgencmd_pmic,vcgencmd pmic_read_adc,0
integer_and_control_flow_intensive,towers_of_hanoi,rust,6,OK,0.382798602,0.948936106,0.0,2.478943,2.5762,vcgencmd_pmic,vcgencmd pmic_read_adc,0
integer_and_control_flow_intensive,towers_of_hanoi,rust,7,OK,0.384044457,0.95591008,0.0,2.489061,2.5762,vcgencmd_pmic,vcgencmd pmic_read_adc,0
integer_and_control_flow_intensive,towers_of_hanoi,rust,8,OK,0.383466122,0.959250858,0.0,2.501527,2.5762,vcgencmd_pmic,vcgencmd pmic_read_adc,0
integer_and_control_flow_intensive,towers_of_hanoi,rust,9,OK,0.383203547,0.964795402,0.0,2.51771,2.5762,vcgencmd_pmic,vcgencmd pmic_read_adc,0
integer_and_control_flow_intensive,towers_of_hanoi,rust,10,OK,0.382497787,0.957527939,0.0,2.503356,2.5762,vcgencmd_pmic,vcgencmd pmic_read_adc,0
integer_and_control_flow_intensive,towers_of_hanoi,go,1,OK,0.591791135,1.501851981,0.0,2.537808,2.5762,vcgencmd_pmic,vcgencmd pmic_read_adc,0
integer_and_control_flow_intensive,towers_of_hanoi,go,2,OK,0.589497946,1.464966062,0.0,2.485108,2.5762,vcgencmd_pmic,vcgencmd pmic_read_adc,0
integer_and_control_flow_intensive,towers_of_hanoi,go,3,OK,0.592715933,1.544374115,0.017419328,2.605589,2.5762,vcgencmd_pmic,vcgencmd pmic_read_adc,0
integer_and_control_flow_intensive,towers_of_hanoi,go,4,OK,0.591880025,1.478199647,0.0,2.497465,2.5762,vcgencmd_pmic,vcgencmd pmic_read_adc,0
integer_and_control_flow_intensive,towers_of_hanoi,go,5,OK,0.59126506,1.531373845,0.008156797,2.589996,2.5762,vcgencmd_pmic,vcgencmd pmic_read_adc,0
integer_and_control_flow_intensive,towers_of_hanoi,go,6,OK,0.590090595,1.476198367,0.0,2.501647,2.5762,vcgencmd_pmic,vcgencmd pmic_read_adc,0
integer_and_control_flow_intensive,towers_of_hanoi,go,7,OK,0.589365279,1.456913032,0.0,2.472003,2.5762,vcgencmd_pmic,vcgencmd pmic_read_adc,0
integer_and_control_flow_intensive,towers_of_hanoi,go,8,OK,0.589894984,1.472287036,0.0,2.495846,2.5762,vcgencmd_pmic,vcgencmd pmic_read_adc,0
integer_and_control_flow_intensive,towers_of_hanoi,go,9,OK,0.58964791,1.528011235,0.008960289,2.591396,2.5762,vcgencmd_pmic,vcgencmd pmic_read_adc,0
integer_and_control_flow_intensive,towers_of_hanoi,go,10,OK,0.590182985,1.477678911,0.0,2.503764,2.5762,vcgencmd_pmic,vcgencmd pmic_read_adc,0
integer_and_control_flow_intensive,towers_of_hanoi,c,1,OK,0.137198493,0.340922614,0.0,2.484886,2.5762,vcgencmd_pmic,vcgencmd pmic_read_adc,0
integer_and_control_flow_intensive,towers_of_hanoi,c,2,OK,0.13708829,0.338976638,0.0,2.472688,2.5762,vcgencmd_pmic,vcgencmd pmic_read_adc,0
integer_and_control_flow_intensive,towers_of_hanoi,c,3,OK,0.137145216,0.357767365,0.00445386,2.608676,2.5762,vcgencmd_pmic,vcgencmd pmic_read_adc,0
integer_and_control_flow_intensive,towers_of_hanoi,c,4,OK,0.137174401,0.355709134,0.002320442,2.593116,2.5762,vcgencmd_pmic,vcgencmd pmic_read_adc,0
integer_and_control_flow_intensive,towers_of_hanoi,c,5,OK,0.137397587,0.346431871,0.0,2.521382,2.5762,vcgencmd_pmic,vcgencmd pmic_read_adc,0
integer_and_control_flow_intensive,towers_of_hanoi,c,6,OK,0.138060866,0.357988236,0.002315833,2.592974,2.5762,vcgencmd_pmic,vcgencmd pmic_read_adc,0
integer_and_control_flow_intensive,towers_of_hanoi,c,7,OK,0.137158939,0.339761757,0.0,2.477139,2.5762,vcgencmd_pmic,vcgencmd pmic_read_adc,0
integer_and_control_flow_intensive,towers_of_hanoi,c,8,OK,0.137171438,0.341107781,0.0,2.486726,2.5762,vcgencmd_pmic,vcgencmd pmic_read_adc,0
integer_and_control_flow_intensive,towers_of_hanoi,c,9,OK,0.137299791,0.343082109,0.0,2.498781,2.5762,vcgencmd_pmic,vcgencmd pmic_read_adc,0
integer_and_control_flow_intensive,towers_of_hanoi,c,10,OK,0.137258864,0.353269933,0.0,2.57375,2.5762,vcgencmd_pmic,vcgencmd pmic_read_adc,0
integer_and_control_flow_intensive,towers_of_hanoi,cpp,1,OK,0.138663959,0.371311368,0.014085277,2.677778,2.5762,vcgencmd_pmic,vcgencmd pmic_read_adc,0
integer_and_control_flow_intensive,towers_of_hanoi,cpp,2,OK,0.138818626,0.348455574,0.0,2.51015,2.5762,vcgencmd_pmic,vcgencmd pmic_read_adc,0
integer_and_control_flow_intensive,towers_of_hanoi,cpp,3,OK,0.138910126,0.350033723,0.0,2.519858,2.5762,vcgencmd_pmic,vcgencmd pmic_read_adc,0
integer_and_control_flow_intensive,towers_of_hanoi,cpp,4,OK,0.138956071,0.34797956,0.0,2.504242,2.5762,vcgencmd_pmic,vcgencmd pmic_read_adc,0
integer_and_control_flow_intensive,towers_of_hanoi,cpp,5,OK,0.138757978,0.366935066,0.009466763,2.644425,2.5762,vcgencmd_pmic,vcgencmd pmic_read_adc,0
integer_and_control_flow_intensive,towers_of_hanoi,cpp,6,OK,0.1387622,0.342692125,0.0,2.469636,2.5762,vcgencmd_pmic,vcgencmd pmic_read_adc,0
integer_and_control_flow_intensive,towers_of_hanoi,cpp,7,OK,0.138854163,0.344943733,0.0,2.484216,2.5762,vcgencmd_pmic,vcgencmd pmic_read_adc,0
integer_and_control_flow_intensive,towers_of_hanoi,cpp,8,OK,0.138776774,0.368055433,0.010538708,2.65214,2.5762,vcgencmd_pmic,vcgencmd pmic_read_adc,0
integer_and_control_flow_intensive,towers_of_hanoi,cpp,9,OK,0.138894219,0.344988725,0.0,2.483823,2.5762,vcgencmd_pmic,vcgencmd pmic_read_adc,0
integer_and_control_flow_intensive,towers_of_hanoi,cpp,10,OK,0.138765255,0.344444295,0.0,2.482208,2.5762,vcgencmd_pmic,vcgencmd pmic_read_adc,0
integer_and_control_flow_intensive,knights_tour,rust,1,OK,0.002328892,0.006317323,0.000317631,2.712587,2.5762,vcgencmd_pmic,vcgencmd pmic_read_adc,0
integer_and_control_flow_intensive,knights_tour,rust,2,OK,0.002261559,0.006066711,0.000240483,2.682535,2.5762,vcgencmd_pmic,vcgencmd pmic_read_adc,0
integer_and_control_flow_intensive,knights_tour,rust,3,OK,0.002322263,0.006291971,0.000309357,2.709414,2.5762,vcgencmd_pmic,vcgencmd pmic_read_adc,0
integer_and_control_flow_intensive,knights_tour,rust,4,OK,0.00235704,0.006384402,0.000312196,2.708652,2.5762,vcgencmd_pmic,vcgencmd pmic_read_adc,0
integer_and_control_flow_intensive,knights_tour,rust,5,OK,0.002281244,0.006251108,0.000374167,2.740219,2.5762,vcgencmd_pmic,vcgencmd pmic_read_adc,0
integer_and_control_flow_intensive,knights_tour,rust,6,OK,0.002253745,0.006134197,0.000328099,2.72178,2.5762,vcgencmd_pmic,vcgencmd pmic_read_adc,0
integer_and_control_flow_intensive,knights_tour,rust,7,OK,0.002288966,0.006173944,0.00027711,2.697263,2.5762,vcgencmd_pmic,vcgencmd pmic_read_adc,0
integer_and_control_flow_intensive,knights_tour,rust,8,OK,0.0022453,0.006075993,0.000291651,2.706094,2.5762,vcgencmd_pmic,vcgencmd pmic_read_adc,0
integer_and_control_flow_intensive,knights_tour,rust,9,OK,0.002307022,0.006215108,0.000271758,2.693996,2.5762,vcgencmd_pmic,vcgencmd pmic_read_adc,0
integer_and_control_flow_intensive,knights_tour,rust,10,OK,0.002265207,0.006159557,0.000323931,2.719203,2.5762,vcgencmd_pmic,vcgencmd pmic_read_adc,0
integer_and_control_flow_intensive,knights_tour,go,1,OK,0.002481689,0.006729919,0.000336592,2.71183,2.5762,vcgencmd_pmic,vcgencmd pmic_read_adc,0
integer_and_control_flow_intensive,knights_tour,go,2,OK,0.002489208,0.007097867,0.000685169,2.851456,2.5762,vcgencmd_pmic,vcgencmd pmic_read_adc,0
integer_and_control_flow_intensive,knights_tour,go,3,OK,0.002556263,0.006875834,0.000290389,2.689799,2.5762,vcgencmd_pmic,vcgencmd pmic_read_adc,0
integer_and_control_flow_intensive,knights_tour,go,4,OK,0.002523763,0.006866726,0.000365008,2.720828,2.5762,vcgencmd_pmic,vcgencmd pmic_read_adc,0
integer_and_control_flow_intensive,knights_tour,go,5,OK,0.002511559,0.007038398,0.00056812,2.802402,2.5762,vcgencmd_pmic,vcgencmd pmic_read_adc,0
integer_and_control_flow_intensive,knights_tour,go,6,OK,0.002500874,0.006760842,0.00031809,2.703392,2.5762,vcgencmd_pmic,vcgencmd pmic_read_adc,0
integer_and_control_flow_intensive,knights_tour,go,7,OK,0.002548281,0.006955236,0.000390354,2.729383,2.5762,vcgencmd_pmic,vcgencmd pmic_read_adc,0
integer_and_control_flow_intensive,knights_tour,go,8,OK,0.002461893,0.006661271,0.000318942,2.705752,2.5762,vcgencmd_pmic,vcgencmd pmic_read_adc,0
integer_and_control_flow_intensive,knights_tour,go,9,OK,0.00248293,0.006723639,0.000327115,2.707945,2.5762,vcgencmd_pmic,vcgencmd pmic_read_adc,0
integer_and_control_flow_intensive,knights_tour,go,10,OK,0.002478874,0.006745214,0.000359139,2.72108,2.5762,vcgencmd_pmic,vcgencmd pmic_read_adc,0
integer_and_control_flow_intensive,knights_tour,c,1,OK,0.002059559,0.005596382,0.000290546,2.717272,2.5762,vcgencmd_pmic,vcgencmd pmic_read_adc,0
integer_and_control_flow_intensive,knights_tour,c,2,OK,0.002129781,0.005743753,0.000257011,2.696875,2.5762,vcgencmd_pmic,vcgencmd pmic_read_adc,0
integer_and_control_flow_intensive,knights_tour,c,3,OK,0.002122466,0.005821263,0.000353366,2.742688,2.5762,vcgencmd_pmic,vcgencmd pmic_read_adc,0
integer_and_control_flow_intensive,knights_tour,c,4,OK,0.002054485,0.005539175,0.000246411,2.696138,2.5762,vcgencmd_pmic,vcgencmd pmic_read_adc,0
integer_and_control_flow_intensive,knights_tour,c,5,OK,0.00206754,0.005549776,0.000223379,2.684241,2.5762,vcgencmd_pmic,vcgencmd pmic_read_adc,0
integer_and_control_flow_intensive,knights_tour,c,6,OK,0.002058447,0.006113931,0.00081096,2.970167,2.5762,vcgencmd_pmic,vcgencmd pmic_read_adc,0
integer_and_control_flow_intensive,knights_tour,c,7,OK,0.002090615,0.00567556,0.000289718,2.71478,2.5762,vcgencmd_pmic,vcgencmd pmic_read_adc,0
integer_and_control_flow_intensive,knights_tour,c,8,OK,0.002093596,0.005698078,0.000304556,2.72167,2.5762,vcgencmd_pmic,vcgencmd pmic_read_adc,0
integer_and_control_flow_intensive,knights_tour,c,9,OK,0.002099651,0.005758179,0.000349058,2.742446,2.5762,vcgencmd_pmic,vcgencmd pmic_read_adc,0
integer_and_control_flow_intensive,knights_tour,c,10,OK,0.002078207,0.006014069,0.000660192,2.893874,2.5762,vcgencmd_pmic,vcgencmd pmic_read_adc,0
integer_and_control_flow_intensive,knights_tour,cpp,1,OK,0.002050411,0.005541555,0.000259286,2.702656,2.5762,vcgencmd_pmic,vcgencmd pmic_read_adc,0
integer_and_control_flow_intensive,knights_tour,cpp,2,OK,0.002064966,0.005530297,0.000210532,2.678154,2.5762,vcgencmd_pmic,vcgencmd pmic_read_adc,0
integer_and_control_flow_intensive,knights_tour,cpp,3,OK,0.002047855,0.005531416,0.000255732,2.701078,2.5762,vcgencmd_pmic,vcgencmd pmic_read_adc,0
integer_and_control_flow_intensive,knights_tour,cpp,4,OK,0.002112392,0.005677747,0.000235803,2.687828,2.5762,vcgencmd_pmic,vcgencmd pmic_read_adc,0
integer_and_control_flow_intensive,knights_tour,cpp,5,OK,0.002068466,0.005608002,0.00027922,2.711189,2.5762,vcgencmd_pmic,vcgencmd pmic_read_adc,0
integer_and_control_flow_intensive,knights_tour,cpp,6,OK,0.002068226,0.005627313,0.000299149,2.72084,2.5762,vcgencmd_pmic,vcgencmd pmic_read_adc,0
integer_and_control_flow_intensive,knights_tour,cpp,7,OK,0.0021168,0.005767702,0.000314402,2.724727,2.5762,vcgencmd_pmic,vcgencmd pmic_read_adc,0
integer_and_control_flow_intensive,knights_tour,cpp,8,OK,0.002112578,0.005681498,0.000239075,2.689367,2.5762,vcgencmd_pmic,vcgencmd pmic_read_adc,0
integer_and_control_flow_intensive,knights_tour,cpp,9,OK,0.002098096,0.005686148,0.000281033,2.710147,2.5762,vcgencmd_pmic,vcgencmd pmic_read_adc,0
integer_and_control_flow_intensive,knights_tour,cpp,10,OK,0.002083855,0.005617299,0.000248872,2.695629,2.5762,vcgencmd_pmic,vcgencmd pmic_read_adc,0
integer_and_control_flow_intensive,producer_consumer_single_thread,rust,1,OK,0.003888821,0.010635492,0.000617111,2.734889,2.5762,vcgencmd_pmic,vcgencmd pmic_read_adc,0
integer_and_control_flow_intensive,producer_consumer_single_thread,rust,2,OK,0.00390345,0.010579977,0.000523909,2.710417,2.5762,vcgencmd_pmic,vcgencmd pmic_read_adc,0
integer_and_control_flow_intensive,producer_consumer_single_thread,rust,3,OK,0.003910433,0.010640366,0.000566309,2.72102,2.5762,vcgencmd_pmic,vcgencmd pmic_read_adc,0
integer_and_control_flow_intensive,producer_consumer_single_thread,rust,4,OK,0.003917303,0.01064447,0.000552714,2.717296,2.5762,vcgencmd_pmic,vcgencmd pmic_read_adc,0
integer_and_control_flow_intensive,producer_consumer_single_thread,rust,5,OK,0.003911858,0.01096244,0.000884711,2.802361,2.5762,vcgencmd_pmic,vcgencmd pmic_read_adc,0
integer_and_control_flow_intensive,producer_consumer_single_thread,rust,6,OK,0.003921025,0.01065317,0.000551825,2.716935,2.5762,vcgencmd_pmic,vcgencmd pmic_read_adc,0
integer_and_control_flow_intensive,producer_consumer_single_thread,rust,7,OK,0.003926747,0.010575808,0.000459722,2.693275,2.5762,vcgencmd_pmic,vcgencmd pmic_read_adc,0
integer_and_control_flow_intensive,producer_consumer_single_thread,rust,8,OK,0.00395171,0.010708537,0.000528142,2.709849,2.5762,vcgencmd_pmic,vcgencmd pmic_read_adc,0
integer_and_control_flow_intensive,producer_consumer_single_thread,rust,9,OK,0.003971117,0.010739854,0.000509462,2.704492,2.5762,vcgencmd_pmic,vcgencmd pmic_read_adc,0
integer_and_control_flow_intensive,producer_consumer_single_thread,rust,10,OK,0.004034043,0.010887059,0.000494557,2.698796,2.5762,vcgencmd_pmic,vcgencmd pmic_read_adc,0
integer_and_control_flow_intensive,producer_consumer_single_thread,go,1,OK,0.005295842,0.015415643,0.001772495,2.910896,2.5762,vcgencmd_pmic,vcgencmd pmic_read_adc,0
integer_and_control_flow_intensive,producer_consumer_single_thread,go,2,OK,0.005401916,0.014789598,0.000873182,2.737843,2.5762,vcgencmd_pmic,vcgencmd pmic_read_adc,0
integer_and_control_flow_intensive,producer_consumer_single_thread,go,3,OK,0.005380323,0.014586061,0.000725273,2.711001,2.5762,vcgencmd_pmic,vcgencmd pmic_read_adc,0
integer_and_control_flow_intensive,producer_consumer_single_thread,go,4,OK,0.005402879,0.014662655,0.000743758,2.71386,2.5762,vcgencmd_pmic,vcgencmd pmic_read_adc,0
integer_and_control_flow_intensive,producer_consumer_single_thread,go,5,OK,0.005397027,0.014653182,0.000749361,2.715047,2.5762,vcgencmd_pmic,vcgencmd pmic_read_adc,0
integer_and_control_flow_intensive,producer_consumer_single_thread,go,6,OK,0.005374064,0.014655906,0.000811242,2.727155,2.5762,vcgencmd_pmic,vcgencmd pmic_read_adc,0
integer_and_control_flow_intensive,producer_consumer_single_thread,go,7,OK,0.005381786,0.014592799,0.000728242,2.711516,2.5762,vcgencmd_pmic,vcgencmd pmic_read_adc,0
integer_and_control_flow_intensive,producer_consumer_single_thread,go,8,OK,0.005338731,0.01443686,0.000683221,2.704174,2.5762,vcgencmd_pmic,vcgencmd pmic_read_adc,0
integer_and_control_flow_intensive,producer_consumer_single_thread,go,9,OK,0.005383953,0.014473363,0.000603223,2.688241,2.5762,vcgencmd_pmic,vcgencmd pmic_read_adc,0
integer_and_control_flow_intensive,producer_consumer_single_thread,go,10,OK,0.005379694,0.015009099,0.001149931,2.789954,2.5762,vcgencmd_pmic,vcgencmd pmic_read_adc,0
integer_and_control_flow_intensive,producer_consumer_single_thread,c,1,OK,0.005949565,0.016414505,0.001087236,2.758942,2.5762,vcgencmd_pmic,vcgencmd pmic_read_adc,0
integer_and_control_flow_intensive,producer_consumer_single_thread,c,2,OK,0.005090434,0.013805916,0.00069194,2.712129,2.5762,vcgencmd_pmic,vcgencmd pmic_read_adc,0
integer_and_control_flow_intensive,producer_consumer_single_thread,c,3,OK,0.005108693,0.013837804,0.000676789,2.708678,2.5762,vcgencmd_pmic,vcgencmd pmic_read_adc,0
integer_and_control_flow_intensive,producer_consumer_single_thread,c,4,OK,0.00518086,0.014028867,0.000681935,2.707826,2.5762,vcgencmd_pmic,vcgencmd pmic_read_adc,0
integer_and_control_flow_intensive,producer_consumer_single_thread,c,5,OK,0.005131434,0.013989036,0.000769436,2.726146,2.5762,vcgencmd_pmic,vcgencmd pmic_read_adc,0
integer_and_control_flow_intensive,producer_consumer_single_thread,c,6,OK,0.005185045,0.014004319,0.000646606,2.700906,2.5762,vcgencmd_pmic,vcgencmd pmic_read_adc,0
integer_and_control_flow_intensive,producer_consumer_single_thread,c,7,OK,0.005131489,0.013968583,0.000748841,2.722131,2.5762,vcgencmd_pmic,vcgencmd pmic_read_adc,0
integer_and_control_flow_intensive,producer_consumer_single_thread,c,8,OK,0.005117212,0.014100058,0.000917096,2.755418,2.5762,vcgencmd_pmic,vcgencmd pmic_read_adc,0
integer_and_control_flow_intensive,producer_consumer_single_thread,c,9,OK,0.00509999,0.013888402,0.000749808,2.723221,2.5762,vcgencmd_pmic,vcgencmd pmic_read_adc,0
integer_and_control_flow_intensive,producer_consumer_single_thread,c,10,OK,0.005197897,0.014068446,0.000677624,2.706565,2.5762,vcgencmd_pmic,vcgencmd pmic_read_adc,0
integer_and_control_flow_intensive,producer_consumer_single_thread,cpp,1,OK,0.005095322,0.01379387,0.000667301,2.707164,2.5762,vcgencmd_pmic,vcgencmd pmic_read_adc,0
integer_and_control_flow_intensive,producer_consumer_single_thread,cpp,2,OK,0.005218638,0.015119182,0.001674927,2.897151,2.5762,vcgencmd_pmic,vcgencmd pmic_read_adc,0
integer_and_control_flow_intensive,producer_consumer_single_thread,cpp,3,OK,0.005122045,0.014006104,0.000810692,2.734475,2.5762,vcgencmd_pmic,vcgencmd pmic_read_adc,0
integer_and_control_flow_intensive,producer_consumer_single_thread,cpp,4,OK,0.005119175,0.013856184,0.000668165,2.706722,2.5762,vcgencmd_pmic,vcgencmd pmic_read_adc,0
integer_and_control_flow_intensive,producer_consumer_single_thread,cpp,5,OK,0.005137601,0.014840898,0.00160541,2.888682,2.5762,vcgencmd_pmic,vcgencmd pmic_read_adc,0
integer_and_control_flow_intensive,producer_consumer_single_thread,cpp,6,OK,0.00514849,0.013922042,0.000658502,2.704102,2.5762,vcgencmd_pmic,vcgencmd pmic_read_adc,0
integer_and_control_flow_intensive,producer_consumer_single_thread,cpp,7,OK,0.005135471,0.013834209,0.000604209,2.693854,2.5762,vcgencmd_pmic,vcgencmd pmic_read_adc,0
integer_and_control_flow_intensive,producer_consumer_single_thread,cpp,8,OK,0.005235601,0.013534246,4.6291e-05,2.585042,2.5762,vcgencmd_pmic,vcgencmd pmic_read_adc,0
integer_and_control_flow_intensive,producer_consumer_single_thread,cpp,9,OK,0.005150212,0.013865499,0.000597523,2.692219,2.5762,vcgencmd_pmic,vcgencmd pmic_read_adc,0
integer_and_control_flow_intensive,producer_consumer_single_thread,cpp,10,OK,0.005205509,0.014151871,0.000741439,2.718633,2.5762,vcgencmd_pmic,vcgencmd pmic_read_adc,0
integer_and_control_flow_intensive,josephus_problem,rust,1,OK,0.002440652,0.006563559,0.000275951,2.689265,2.5762,vcgencmd_pmic,vcgencmd pmic_read_adc,0
integer_and_control_flow_intensive,josephus_problem,rust,2,OK,0.002357393,0.006449761,0.000376645,2.735972,2.5762,vcgencmd_pmic,vcgencmd pmic_read_adc,0
integer_and_control_flow_intensive,josephus_problem,rust,3,OK,0.00235767,0.006381462,0.000307633,2.706682,2.5762,vcgencmd_pmic,vcgencmd pmic_read_adc,0
integer_and_control_flow_intensive,josephus_problem,rust,4,OK,0.002404837,0.006516084,0.000320743,2.709574,2.5762,vcgencmd_pmic,vcgencmd pmic_read_adc,0
integer_and_control_flow_intensive,josephus_problem,rust,5,OK,0.002348411,0.006299504,0.000249528,2.682454,2.5762,vcgencmd_pmic,vcgencmd pmic_read_adc,0
integer_and_control_flow_intensive,josephus_problem,rust,6,OK,0.002279911,0.006143933,0.000270426,2.694813,2.5762,vcgencmd_pmic,vcgencmd pmic_read_adc,0
integer_and_control_flow_intensive,josephus_problem,rust,7,OK,0.002347837,0.006351633,0.000303135,2.705313,2.5762,vcgencmd_pmic,vcgencmd pmic_read_adc,0
integer_and_control_flow_intensive,josephus_problem,rust,8,OK,0.002368411,0.006494665,0.000393165,2.742204,2.5762,vcgencmd_pmic,vcgencmd pmic_read_adc,0
integer_and_control_flow_intensive,josephus_problem,rust,9,OK,0.002366393,0.00641269,0.000316388,2.709901,2.5762,vcgencmd_pmic,vcgencmd pmic_read_adc,0
integer_and_control_flow_intensive,josephus_problem,rust,10,OK,0.002409837,0.00675002,0.000541798,2.801028,2.5762,vcgencmd_pmic,vcgencmd pmic_read_adc,0
integer_and_control_flow_intensive,josephus_problem,go,1,OK,0.002538319,0.006866521,0.000327304,2.705145,2.5762,vcgencmd_pmic,vcgencmd pmic_read_adc,0
integer_and_control_flow_intensive,josephus_problem,go,2,OK,0.002512689,0.006847423,0.000374234,2.725137,2.5762,vcgencmd_pmic,vcgencmd pmic_read_adc,0
integer_and_control_flow_intensive,josephus_problem,go,3,OK,0.004359414,0.01193526,0.000704538,2.737813,2.5762,vcgencmd_pmic,vcgencmd pmic_read_adc,0
integer_and_control_flow_intensive,josephus_problem,go,4,OK,0.002466208,0.006686598,0.000333153,2.711287,2.5762,vcgencmd_pmic,vcgencmd pmic_read_adc,0
integer_and_control_flow_intensive,josephus_problem,go,5,OK,0.002533078,0.006881502,0.000355786,2.716656,2.5762,vcgencmd_pmic,vcgencmd pmic_read_adc,0
integer_and_control_flow_intensive,josephus_problem,go,6,OK,0.002499763,0.006764037,0.000324148,2.705871,2.5762,vcgencmd_pmic,vcgencmd pmic_read_adc,0
integer_and_control_flow_intensive,josephus_problem,go,7,OK,0.002531763,0.006922488,0.00040016,2.734256,2.5762,vcgencmd_pmic,vcgencmd pmic_read_adc,0
integer_and_control_flow_intensive,josephus_problem,go,8,OK,0.002521597,0.006770659,0.000274521,2.685068,2.5762,vcgencmd_pmic,vcgencmd pmic_read_adc,0
integer_and_control_flow_intensive,josephus_problem,go,9,OK,0.002471318,0.006665692,0.000299083,2.697221,2.5762,vcgencmd_pmic,vcgencmd pmic_read_adc,0
integer_and_control_flow_intensive,josephus_problem,go,10,OK,0.002486689,0.006853616,0.000447408,2.756121,2.5762,vcgencmd_pmic,vcgencmd pmic_read_adc,0
integer_and_control_flow_intensive,josephus_problem,c,1,OK,0.002407504,0.006493267,0.000291055,2.697095,2.5762,vcgencmd_pmic,vcgencmd pmic_read_adc,0
integer_and_control_flow_intensive,josephus_problem,c,2,OK,0.002404671,0.006506864,0.000311951,2.705927,2.5762,vcgencmd_pmic,vcgencmd pmic_read_adc,0
integer_and_control_flow_intensive,josephus_problem,c,3,OK,0.002335411,0.006299643,0.000283157,2.697445,2.5762,vcgencmd_pmic,vcgencmd pmic_read_adc,0
integer_and_control_flow_intensive,josephus_problem,c,4,OK,0.0024013,0.006545088,0.000358859,2.725644,2.5762,vcgencmd_pmic,vcgencmd pmic_read_adc,0
integer_and_control_flow_intensive,josephus_problem,c,5,OK,0.002392096,0.00672897,0.000566452,2.813002,2.5762,vcgencmd_pmic,vcgencmd pmic_read_adc,0
integer_and_control_flow_intensive,josephus_problem,c,6,OK,0.002347485,0.006373549,0.000325958,2.715054,2.5762,vcgencmd_pmic,vcgencmd pmic_read_adc,0
integer_and_control_flow_intensive,josephus_problem,c,7,OK,0.002361411,0.006330069,0.000246602,2.68063,2.5762,vcgencmd_pmic,vcgencmd pmic_read_adc,0
integer_and_control_flow_intensive,josephus_problem,c,8,OK,0.002372115,0.006577045,0.000466002,2.77265,2.5762,vcgencmd_pmic,vcgencmd pmic_read_adc,0
integer_and_control_flow_intensive,josephus_problem,c,9,OK,0.002412301,0.006551182,0.000336612,2.71574,2.5762,vcgencmd_pmic,vcgencmd pmic_read_adc,0
integer_and_control_flow_intensive,josephus_problem,c,10,OK,0.002411874,0.00653658,0.00032311,2.710166,2.5762,vcgencmd_pmic,vcgencmd pmic_read_adc,0
integer_and_control_flow_intensive,josephus_problem,cpp,1,OK,0.002379967,0.006449686,0.000318415,2.70999,2.5762,vcgencmd_pmic,vcgencmd pmic_read_adc,0
integer_and_control_flow_intensive,josephus_problem,cpp,2,OK,0.002403411,0.006550236,0.000358569,2.725392,2.5762,vcgencmd_pmic,vcgencmd pmic_read_adc,0
integer_and_control_flow_intensive,josephus_problem,cpp,3,OK,0.002399652,0.006536682,0.000354699,2.724012,2.5762,vcgencmd_pmic,vcgencmd pmic_read_adc,0
integer_and_control_flow_intensive,josephus_problem,cpp,4,OK,0.002396708,0.006483057,0.000308658,2.704984,2.5762,vcgencmd_pmic,vcgencmd pmic_read_adc,0
integer_and_control_flow_intensive,josephus_problem,cpp,5,OK,0.002415541,0.006644113,0.000421196,2.750569,2.5762,vcgencmd_pmic,vcgencmd pmic_read_adc,0
integer_and_control_flow_intensive,josephus_problem,cpp,6,OK,0.002415282,0.006566821,0.000344572,2.718863,2.5762,vcgencmd_pmic,vcgencmd pmic_read_adc,0
integer_and_control_flow_intensive,josephus_problem,cpp,7,OK,0.002402541,0.006493324,0.000303898,2.70269,2.5762,vcgencmd_pmic,vcgencmd pmic_read_adc,0
integer_and_control_flow_intensive,josephus_problem,cpp,8,OK,0.00238156,0.006403405,0.00026803,2.688744,2.5762,vcgencmd_pmic,vcgencmd pmic_read_adc,0
integer_and_control_flow_intensive,josephus_problem,cpp,9,OK,0.002403967,0.00650081,0.00030771,2.704201,2.5762,vcgencmd_pmic,vcgencmd pmic_read_adc,0
integer_and_control_flow_intensive,josephus_problem,cpp,10,OK,0.002421152,0.007098761,0.000861389,2.931977,2.5762,vcgencmd_pmic,vcgencmd pmic_read_adc,0
string_and_text_processing,command_line_argument_parser,rust,1,OK,0.002217893,0.005990538,0.000276802,2.701004,2.5762,vcgencmd_pmic,vcgencmd pmic_read_adc,0
string_and_text_processing,command_line_argument_parser,rust,2,OK,0.002215374,0.005997607,0.000290361,2.707266,2.5762,vcgencmd_pmic,vcgencmd pmic_read_adc,0
string_and_text_processing,command_line_argument_parser,rust,3,OK,0.00224843,0.006132017,0.000339612,2.727244,2.5762,vcgencmd_pmic,vcgencmd pmic_read_adc,0
string_and_text_processing,command_line_argument_parser,rust,4,OK,0.002206374,0.006035544,0.000351483,2.735504,2.5762,vcgencmd_pmic,vcgencmd pmic_read_adc,0
string_and_text_processing,command_line_argument_parser,rust,5,OK,0.002254781,0.006128284,0.000319517,2.717907,2.5762,vcgencmd_pmic,vcgencmd pmic_read_adc,0
string_and_text_processing,command_line_argument_parser,rust,6,OK,0.002243096,0.00611373,0.000335066,2.725577,2.5762,vcgencmd_pmic,vcgencmd pmic_read_adc,0
string_and_text_processing,command_line_argument_parser,rust,7,OK,0.002205855,0.005781695,9.8971e-05,2.621068,2.5762,vcgencmd_pmic,vcgencmd pmic_read_adc,0
string_and_text_processing,command_line_argument_parser,rust,8,OK,0.002255689,0.006124902,0.000313796,2.715313,2.5762,vcgencmd_pmic,vcgencmd pmic_read_adc,0
string_and_text_processing,command_line_argument_parser,rust,9,OK,0.002163207,0.005844398,0.000271544,2.701728,2.5762,vcgencmd_pmic,vcgencmd pmic_read_adc,0
string_and_text_processing,command_line_argument_parser,rust,10,OK,0.002258929,0.006146044,0.000326591,2.720778,2.5762,vcgencmd_pmic,vcgencmd pmic_read_adc,0
string_and_text_processing,command_line_argument_parser,go,1,OK,0.002501615,0.006917781,0.00047312,2.765326,2.5762,vcgencmd_pmic,vcgencmd pmic_read_adc,0
string_and_text_processing,command_line_argument_parser,go,2,OK,0.002523467,0.006826263,0.000325307,2.705113,2.5762,vcgencmd_pmic,vcgencmd pmic_read_adc,0
string_and_text_processing,command_line_argument_parser,go,3,OK,0.002553355,0.007106625,0.000528672,2.78325,2.5762,vcgencmd_pmic,vcgencmd pmic_read_adc,0
string_and_text_processing,command_line_argument_parser,go,4,OK,0.002567856,0.006989501,0.00037419,2.721921,2.5762,vcgencmd_pmic,vcgencmd pmic_read_adc,0
string_and_text_processing,command_line_argument_parser,go,5,OK,0.002504855,0.007054044,0.000601037,2.816149,2.5762,vcgencmd_pmic,vcgencmd pmic_read_adc,0
string_and_text_processing,command_line_argument_parser,go,6,OK,0.002547227,0.006873214,0.000311048,2.698312,2.5762,vcgencmd_pmic,vcgencmd pmic_read_adc,0
string_and_text_processing,command_line_argument_parser,go,7,OK,0.002519282,0.006845814,0.00035564,2.717367,2.5762,vcgencmd_pmic,vcgencmd pmic_read_adc,0
string_and_text_processing,command_line_argument_parser,go,8,OK,0.002495559,0.006792138,0.000363079,2.72169,2.5762,vcgencmd_pmic,vcgencmd pmic_read_adc,0
string_and_text_processing,command_line_argument_parser,go,9,OK,0.002451763,0.006796951,0.000480719,2.772271,2.5762,vcgencmd_pmic,vcgencmd pmic_read_adc,0
string_and_text_processing,command_line_argument_parser,go,10,OK,0.002522596,0.006902066,0.000403354,2.736096,2.5762,vcgencmd_pmic,vcgencmd pmic_read_adc,0
string_and_text_processing,command_line_argument_parser,c,1,OK,0.002006855,0.005379696,0.000209636,2.68066,2.5762,vcgencmd_pmic,vcgencmd pmic_read_adc,0
string_and_text_processing,command_line_argument_parser,c,2,OK,0.002444393,0.006578883,0.000281638,2.691418,2.5762,vcgencmd_pmic,vcgencmd pmic_read_adc,0
string_and_text_processing,command_line_argument_parser,c,3,OK,0.002059355,0.005596089,0.000290779,2.717399,2.5762,vcgencmd_pmic,vcgencmd pmic_read_adc,0
string_and_text_processing,command_line_argument_parser,c,4,OK,0.002094207,0.005684418,0.000289322,2.714353,2.5762,vcgencmd_pmic,vcgencmd pmic_read_adc,0
string_and_text_processing,command_line_argument_parser,c,5,OK,0.002072837,0.005602215,0.000262172,2.70268,2.5762,vcgencmd_pmic,vcgencmd pmic_read_adc,0
string_and_text_processing,command_line_argument_parser,c,6,OK,0.002019947,0.005431173,0.000227386,2.68877,2.5762,vcgencmd_pmic,vcgencmd pmic_read_adc,0
string_and_text_processing,command_line_argument_parser,c,7,OK,0.002002522,0.005394276,0.000235379,2.693741,2.5762,vcgencmd_pmic,vcgencmd pmic_read_adc,0
string_and_text_processing,command_line_argument_parser,c,8,OK,0.002002207,0.005445734,0.000287648,2.719866,2.5762,vcgencmd_pmic,vcgencmd pmic_read_adc,0
string_and_text_processing,command_line_argument_parser,c,9,OK,0.002072429,0.005652382,0.00031339,2.727419,2.5762,vcgencmd_pmic,vcgencmd pmic_read_adc,0
string_and_text_processing,command_line_argument_parser,c,10,OK,0.002055392,0.005958182,0.000663081,2.898806,2.5762,vcgencmd_pmic,vcgencmd pmic_read_adc,0
string_and_text_processing,command_line_argument_parser,cpp,1,OK,0.00275619,0.007482039,0.000381542,2.714631,2.5762,vcgencmd_pmic,vcgencmd pmic_read_adc,0
string_and_text_processing,command_line_argument_parser,cpp,2,OK,0.002799245,0.007590584,0.000379169,2.711654,2.5762,vcgencmd_pmic,vcgencmd pmic_read_adc,0
string_and_text_processing,command_line_argument_parser,cpp,3,OK,0.002783153,0.007674828,0.000504869,2.757602,2.5762,vcgencmd_pmic,vcgencmd pmic_read_adc,0
string_and_text_processing,command_line_argument_parser,cpp,4,OK,0.002786986,0.007244071,6.4238e-05,2.599249,2.5762,vcgencmd_pmic,vcgencmd pmic_read_adc,0
string_and_text_processing,command_line_argument_parser,cpp,5,OK,0.002780208,0.007541809,0.000379437,2.712678,2.5762,vcgencmd_pmic,vcgencmd pmic_read_adc,0
string_and_text_processing,command_line_argument_parser,cpp,6,OK,0.002733485,0.007385419,0.000343415,2.701833,2.5762,vcgencmd_pmic,vcgencmd pmic_read_adc,0
string_and_text_processing,command_line_argument_parser,cpp,7,OK,0.002776097,0.007594131,0.00044235,2.735542,2.5762,vcgencmd_pmic,vcgencmd pmic_read_adc,0
string_and_text_processing,command_line_argument_parser,cpp,8,OK,0.002790949,0.007575716,0.000385673,2.714387,2.5762,vcgencmd_pmic,vcgencmd pmic_read_adc,0
string_and_text_processing,command_line_argument_parser,cpp,9,OK,0.002782245,0.007248327,8.0707e-05,2.605208,2.5762,vcgencmd_pmic,vcgencmd pmic_read_adc,0
string_and_text_processing,command_line_argument_parser,cpp,10,OK,0.002754505,0.007489532,0.000393376,2.719012,2.5762,vcgencmd_pmic,vcgencmd pmic_read_adc,0
string_and_text_processing,anagram_checker,rust,1,OK,0.710249711,1.779186535,0.0,2.505016,2.5762,vcgencmd_pmic,vcgencmd pmic_read_adc,0
string_and_text_processing,anagram_checker,rust,2,OK,0.711197861,1.771068297,0.0,2.490261,2.5762,vcgencmd_pmic,vcgencmd pmic_read_adc,0
string_and_text_processing,anagram_checker,rust,3,OK,0.710448526,1.771621689,0.0,2.493666,2.5762,vcgencmd_pmic,vcgencmd pmic_read_adc,0
string_and_text_processing,anagram_checker,rust,4,OK,0.710300989,1.774465762,0.0,2.498188,2.5762,vcgencmd_pmic,vcgencmd pmic_read_adc,0
string_and_text_processing,anagram_checker,rust,5,OK,0.710990693,2.032051216,0.200396993,2.858056,2.5762,vcgencmd_pmic,vcgencmd pmic_read_adc,0
string_and_text_processing,anagram_checker,rust,6,OK,0.71004584,1.761004214,0.0,2.480127,2.5762,vcgencmd_pmic,vcgencmd pmic_read_adc,0
string_and_text_processing,anagram_checker,rust,7,OK,0.710807619,1.879513241,0.048330653,2.644194,2.5762,vcgencmd_pmic,vcgencmd pmic_read_adc,0
string_and_text_processing,anagram_checker,rust,8,OK,0.710177933,1.76366085,0.0,2.483407,2.5762,vcgencmd_pmic,vcgencmd pmic_read_adc,0
string_and_text_processing,anagram_checker,rust,9,OK,0.711462991,1.796076937,0.0,2.524484,2.5762,vcgencmd_pmic,vcgencmd pmic_read_adc,0
string_and_text_processing,anagram_checker,rust,10,OK,0.711579602,1.77797165,0.0,2.498626,2.5762,vcgencmd_pmic,vcgencmd pmic_read_adc,0
string_and_text_processing,anagram_checker,go,1,OK,1.762905868,4.570823551,0.029225454,2.592778,2.5762,vcgencmd_pmic,vcgencmd pmic_read_adc,0
string_and_text_processing,anagram_checker,go,2,OK,1.72905487,4.462582554,0.008191398,2.580938,2.5762,vcgencmd_pmic,vcgencmd pmic_read_adc,0
string_and_text_processing,anagram_checker,go,3,OK,1.767739375,4.409711606,0.0,2.494548,2.5762,vcgencmd_pmic,vcgencmd pmic_read_adc,0
string_and_text_processing,anagram_checker,go,4,OK,1.770669324,4.417693361,0.0,2.494929,2.5762,vcgencmd_pmic,vcgencmd pmic_read_adc,0
string_and_text_processing,anagram_checker,go,5,OK,1.744463857,4.36506288,0.0,2.502237,2.5762,vcgencmd_pmic,vcgencmd pmic_read_adc,0
string_and_text_processing,anagram_checker,go,6,OK,1.767054356,4.407892352,0.0,2.494486,2.5762,vcgencmd_pmic,vcgencmd pmic_read_adc,0
string_and_text_processing,anagram_checker,go,7,OK,1.716394757,4.290446228,0.0,2.499685,2.5762,vcgencmd_pmic,vcgencmd pmic_read_adc,0
string_and_text_processing,anagram_checker,go,8,OK,1.73071615,4.605717782,0.147046836,2.661163,2.5762,vcgencmd_pmic,vcgencmd pmic_read_adc,0
string_and_text_processing,anagram_checker,go,9,OK,1.754461836,4.609991463,0.090146881,2.627582,2.5762,vcgencmd_pmic,vcgencmd pmic_read_adc,0
string_and_text_processing,anagram_checker,go,10,OK,1.739306775,4.303815474,0.0,2.474443,2.5762,vcgencmd_pmic,vcgencmd pmic_read_adc,0
string_and_text_processing,anagram_checker,c,1,OK,0.302608124,0.782761881,0.003182832,2.586718,2.5762,vcgencmd_pmic,vcgencmd pmic_read_adc,0
string_and_text_processing,anagram_checker,c,2,OK,0.301701975,0.750250598,0.0,2.486727,2.5762,vcgencmd_pmic,vcgencmd pmic_read_adc,0
string_and_text_processing,anagram_checker,c,3,OK,0.305523166,0.765781289,0.0,2.506459,2.5762,vcgencmd_pmic,vcgencmd pmic_read_adc,0
string_and_text_processing,anagram_checker,c,4,OK,0.30105203,0.759377705,0.0,2.522414,2.5762,vcgencmd_pmic,vcgencmd pmic_read_adc,0
string_and_text_processing,anagram_checker,c,5,OK,0.303702774,0.763574677,0.0,2.514217,2.5762,vcgencmd_pmic,vcgencmd pmic_read_adc,0
string_and_text_processing,anagram_checker,c,6,OK,0.302365976,0.748258278,0.0,2.474678,2.5762,vcgencmd_pmic,vcgencmd pmic_read_adc,0
string_and_text_processing,anagram_checker,c,7,OK,0.301654494,0.751390576,0.0,2.490898,2.5762,vcgencmd_pmic,vcgencmd pmic_read_adc,0
string_and_text_processing,anagram_checker,c,8,OK,0.302188346,0.753438497,0.0,2.493274,2.5762,vcgencmd_pmic,vcgencmd pmic_read_adc,0
string_and_text_processing,anagram_checker,c,9,OK,0.303315904,0.764815147,0.0,2.521514,2.5762,vcgencmd_pmic,vcgencmd pmic_read_adc,0
string_and_text_processing,anagram_checker,c,10,OK,0.302729458,0.747168392,0.0,2.468106,2.5762,vcgencmd_pmic,vcgencmd pmic_read_adc,0
string_and_text_processing,anagram_checker,cpp,1,OK,0.709000468,1.846766488,0.020239482,2.604747,2.5762,vcgencmd_pmic,vcgencmd pmic_read_adc,0
string_and_text_processing,anagram_checker,cpp,2,OK,0.715871702,1.818343116,0.0,2.540041,2.5762,vcgencmd_pmic,vcgencmd pmic_read_adc,0
string_and_text_processing,anagram_checker,cpp,3,OK,0.715118255,1.78279267,0.0,2.493004,2.5762,vcgencmd_pmic,vcgencmd pmic_read_adc,0
string_and_text_processing,anagram_checker,cpp,4,OK,0.709600006,1.775752017,0.0,2.502469,2.5762,vcgencmd_pmic,vcgencmd pmic_read_adc,0
string_and_text_processing,anagram_checker,cpp,5,OK,0.70965508,1.7651155,0.0,2.487286,2.5762,vcgencmd_pmic,vcgencmd pmic_read_adc,0
string_and_text_processing,anagram_checker,cpp,6,OK,0.709973433,1.801483749,0.0,2.537396,2.5762,vcgencmd_pmic,vcgencmd pmic_read_adc,0
string_and_text_processing,anagram_checker,cpp,7,OK,0.711129064,1.853151495,0.0211408,2.605928,2.5762,vcgencmd_pmic,vcgencmd pmic_read_adc,0
string_and_text_processing,anagram_checker,cpp,8,OK,0.70961921,1.953492628,0.125371619,2.752875,2.5762,vcgencmd_pmic,vcgencmd pmic_read_adc,0
string_and_text_processing,anagram_checker,cpp,9,OK,0.710651396,1.850907906,0.02012778,2.604523,2.5762,vcgencmd_pmic,vcgencmd pmic_read_adc,0
string_and_text_processing,anagram_checker,cpp,10,OK,0.709893914,1.848382374,0.019553673,2.603744,2.5762,vcgencmd_pmic,vcgencmd pmic_read_adc,0
string_and_text_processing,sha1_pure_implementation,rust,1,OK,0.010362368,0.02806136,0.001365828,2.708007,2.5762,vcgencmd_pmic,vcgencmd pmic_read_adc,0
string_and_text_processing,sha1_pure_implementation,rust,2,OK,0.010504221,0.028539858,0.001478884,2.716989,2.5762,vcgencmd_pmic,vcgencmd pmic_read_adc,0
string_and_text_processing,sha1_pure_implementation,rust,3,OK,0.010511109,0.028691869,0.00161315,2.729671,2.5762,vcgencmd_pmic,vcgencmd pmic_read_adc,0
string_and_text_processing,sha1_pure_implementation,rust,4,OK,0.010462905,0.028639676,0.00168514,2.737259,2.5762,vcgencmd_pmic,vcgencmd pmic_read_adc,0
string_and_text_processing,sha1_pure_implementation,rust,5,OK,0.010454961,0.029432602,0.002498531,2.81518,2.5762,vcgencmd_pmic,vcgencmd pmic_read_adc,0
string_and_text_processing,sha1_pure_implementation,rust,6,OK,0.010517128,0.028473841,0.001379616,2.707378,2.5762,vcgencmd_pmic,vcgencmd pmic_read_adc,0
string_and_text_processing,sha1_pure_implementation,rust,7,OK,0.010426554,0.028294967,0.001434079,2.713741,2.5762,vcgencmd_pmic,vcgencmd pmic_read_adc,0
string_and_text_processing,sha1_pure_implementation,rust,8,OK,0.010398628,0.028302767,0.001513822,2.721779,2.5762,vcgencmd_pmic,vcgencmd pmic_read_adc,0
string_and_text_processing,sha1_pure_implementation,rust,9,OK,0.010458535,0.028778704,0.001835426,2.751696,2.5762,vcgencmd_pmic,vcgencmd pmic_read_adc,0
string_and_text_processing,sha1_pure_implementation,rust,10,OK,0.010511961,0.028604875,0.001523961,2.721174,2.5762,vcgencmd_pmic,vcgencmd pmic_read_adc,0
string_and_text_processing,sha1_pure_implementation,go,1,OK,0.013234465,0.034244185,0.000149556,2.587501,2.5762,vcgencmd_pmic,vcgencmd pmic_read_adc,0
string_and_text_processing,sha1_pure_implementation,go,2,OK,0.013508484,0.036770661,0.001970105,2.722042,2.5762,vcgencmd_pmic,vcgencmd pmic_read_adc,0
string_and_text_processing,sha1_pure_implementation,go,3,OK,0.013269021,0.0360993,0.001915648,2.72057,2.5762,vcgencmd_pmic,vcgencmd pmic_read_adc,0
string_and_text_processing,sha1_pure_implementation,go,4,OK,0.013301725,0.036145156,0.001877252,2.717328,2.5762,vcgencmd_pmic,vcgencmd pmic_read_adc,0
string_and_text_processing,sha1_pure_implementation,go,5,OK,0.013270576,0.039621103,0.005433445,2.985636,2.5762,vcgencmd_pmic,vcgencmd pmic_read_adc,0
string_and_text_processing,sha1_pure_implementation,go,6,OK,0.013421503,0.03654578,0.001969304,2.722928,2.5762,vcgencmd_pmic,vcgencmd pmic_read_adc,0
string_and_text_processing,sha1_pure_implementation,go,7,OK,0.013353613,0.036655521,0.002253943,2.744989,2.5762,vcgencmd_pmic,vcgencmd pmic_read_adc,0
string_and_text_processing,sha1_pure_implementation,go,8,OK,0.013298965,0.036518785,0.002257991,2.745987,2.5762,vcgencmd_pmic,vcgencmd pmic_read_adc,0
string_and_text_processing,sha1_pure_implementation,go,9,OK,0.01346778,0.036533232,0.001837537,2.712639,2.5762,vcgencmd_pmic,vcgencmd pmic_read_adc,0
string_and_text_processing,sha1_pure_implementation,go,10,OK,0.013275243,0.036304756,0.002105075,2.734771,2.5762,vcgencmd_pmic,vcgencmd pmic_read_adc,0
string_and_text_processing,sha1_pure_implementation,c,1,OK,0.011899037,0.032141667,0.001487368,2.701199,2.5762,vcgencmd_pmic,vcgencmd pmic_read_adc,0
string_and_text_processing,sha1_pure_implementation,c,2,OK,0.012030482,0.032576987,0.001584059,2.70787,2.5762,vcgencmd_pmic,vcgencmd pmic_read_adc,0
string_and_text_processing,sha1_pure_implementation,c,3,OK,0.011995722,0.032752634,0.001849255,2.73036,2.5762,vcgencmd_pmic,vcgencmd pmic_read_adc,0
string_and_text_processing,sha1_pure_implementation,c,4,OK,0.011810148,0.032105143,0.00167984,2.718437,2.5762,vcgencmd_pmic,vcgencmd pmic_read_adc,0
string_and_text_processing,sha1_pure_implementation,c,5,OK,0.011777277,0.032209292,0.001868671,2.734867,2.5762,vcgencmd_pmic,vcgencmd pmic_read_adc,0
string_and_text_processing,sha1_pure_implementation,c,6,OK,0.0117145,0.031989775,0.00181088,2.730784,2.5762,vcgencmd_pmic,vcgencmd pmic_read_adc,0
string_and_text_processing,sha1_pure_implementation,c,7,OK,0.011811037,0.032426393,0.001998799,2.745431,2.5762,vcgencmd_pmic,vcgencmd pmic_read_adc,0
string_and_text_processing,sha1_pure_implementation,c,8,OK,0.011760685,0.031810201,0.001512324,2.704792,2.5762,vcgencmd_pmic,vcgencmd pmic_read_adc,0
string_and_text_processing,sha1_pure_implementation,c,9,OK,0.011987482,0.032720599,0.001838448,2.729564,2.5762,vcgencmd_pmic,vcgencmd pmic_read_adc,0
string_and_text_processing,sha1_pure_implementation,c,10,OK,0.011732592,0.031726442,0.001500938,2.704129,2.5762,vcgencmd_pmic,vcgencmd pmic_read_adc,0
string_and_text_processing,sha1_pure_implementation,cpp,1,OK,0.012378594,0.034070749,0.002181015,2.752392,2.5762,vcgencmd_pmic,vcgencmd pmic_read_adc,0
string_and_text_processing,sha1_pure_implementation,cpp,2,OK,0.012388427,0.033424447,0.001509381,2.698038,2.5762,vcgencmd_pmic,vcgencmd pmic_read_adc,0
string_and_text_processing,sha1_pure_implementation,cpp,3,OK,0.012410186,0.033715416,0.001744295,2.716753,2.5762,vcgencmd_pmic,vcgencmd pmic_read_adc,0
string_and_text_processing,sha1_pure_implementation,cpp,4,OK,0.012294946,0.034493342,0.002819102,2.80549,2.5762,vcgencmd_pmic,vcgencmd pmic_read_adc,0
string_and_text_processing,sha1_pure_implementation,cpp,5,OK,0.012349205,0.033456954,0.001642932,2.70924,2.5762,vcgencmd_pmic,vcgencmd pmic_read_adc,0
string_and_text_processing,sha1_pure_implementation,cpp,6,OK,0.01237213,0.033555481,0.0016824,2.712183,2.5762,vcgencmd_pmic,vcgencmd pmic_read_adc,0
string_and_text_processing,sha1_pure_implementation,cpp,7,OK,0.012295667,0.033856672,0.002180575,2.753545,2.5762,vcgencmd_pmic,vcgencmd pmic_read_adc,0
string_and_text_processing,sha1_pure_implementation,cpp,8,OK,0.012427982,0.034830109,0.002813142,2.802555,2.5762,vcgencmd_pmic,vcgencmd pmic_read_adc,0
string_and_text_processing,sha1_pure_implementation,cpp,9,OK,0.012377297,0.033751862,0.001865469,2.726917,2.5762,vcgencmd_pmic,vcgencmd pmic_read_adc,0
string_and_text_processing,sha1_pure_implementation,cpp,10,OK,0.012293464,0.033345406,0.001674984,2.71245,2.5762,vcgencmd_pmic,vcgencmd pmic_read_adc,0
string_and_text_processing,longest_common_subsequence,rust,1,OK,0.014558912,0.037887588,0.000380919,2.602364,2.5762,vcgencmd_pmic,vcgencmd pmic_read_adc,0
string_and_text_processing,longest_common_subsequence,rust,2,OK,0.014541634,0.039689427,0.002227269,2.729365,2.5762,vcgencmd_pmic,vcgencmd pmic_read_adc,0
string_and_text_processing,longest_common_subsequence,rust,3,OK,0.01461906,0.038356817,0.000695195,2.623754,2.5762,vcgencmd_pmic,vcgencmd pmic_read_adc,0
string_and_text_processing,longest_common_subsequence,rust,4,OK,0.01453419,0.039670301,0.002227321,2.729447,2.5762,vcgencmd_pmic,vcgencmd pmic_read_adc,0
string_and_text_processing,longest_common_subsequence,rust,5,OK,0.01455469,0.039410083,0.001914291,2.707724,2.5762,vcgencmd_pmic,vcgencmd pmic_read_adc,0
string_and_text_processing,longest_common_subsequence,rust,6,OK,0.014681967,0.039956195,0.002132512,2.721447,2.5762,vcgencmd_pmic,vcgencmd pmic_read_adc,0
string_and_text_processing,longest_common_subsequence,rust,7,OK,0.014597134,0.041095844,0.003490707,2.815336,2.5762,vcgencmd_pmic,vcgencmd pmic_read_adc,0
string_and_text_processing,longest_common_subsequence,rust,8,OK,0.014568616,0.039470132,0.001938463,2.709257,2.5762,vcgencmd_pmic,vcgencmd pmic_read_adc,0
string_and_text_processing,longest_common_subsequence,rust,9,OK,0.014552116,0.039755195,0.002266034,2.731919,2.5762,vcgencmd_pmic,vcgencmd pmic_read_adc,0
string_and_text_processing,longest_common_subsequence,rust,10,OK,0.014596486,0.039492107,0.00188864,2.70559,2.5762,vcgencmd_pmic,vcgencmd pmic_read_adc,0
string_and_text_processing,longest_common_subsequence,go,1,OK,0.015925859,0.04166579,0.000637592,2.616235,2.5762,vcgencmd_pmic,vcgencmd pmic_read_adc,0
string_and_text_processing,longest_common_subsequence,go,2,OK,0.015836136,0.043120943,0.002323889,2.722946,2.5762,vcgencmd_pmic,vcgencmd pmic_read_adc,0
string_and_text_processing,longest_common_subsequence,go,3,OK,0.015825191,0.042850036,0.002081179,2.707711,2.5762,vcgencmd_pmic,vcgencmd pmic_read_adc,0
string_and_text_processing,longest_common_subsequence,go,4,OK,0.015827913,0.043057297,0.002281428,2.72034,2.5762,vcgencmd_pmic,vcgencmd pmic_read_adc,0
string_and_text_processing,longest_common_subsequence,go,5,OK,0.01581784,0.043177009,0.00242709,2.72964,2.5762,vcgencmd_pmic,vcgencmd pmic_read_adc,0
string_and_text_processing,longest_common_subsequence,go,6,OK,0.015840654,0.043338715,0.002530022,2.735917,2.5762,vcgencmd_pmic,vcgencmd pmic_read_adc,0
string_and_text_processing,longest_common_subsequence,go,7,OK,0.015822933,0.042893147,0.002130107,2.710822,2.5762,vcgencmd_pmic,vcgencmd pmic_read_adc,0
string_and_text_processing,longest_common_subsequence,go,8,OK,0.015822933,0.043484727,0.002721687,2.748209,2.5762,vcgencmd_pmic,vcgencmd pmic_read_adc,0
string_and_text_processing,longest_common_subsequence,go,9,OK,0.015929562,0.042753105,0.001715367,2.683885,2.5762,vcgencmd_pmic,vcgencmd pmic_read_adc,0
string_and_text_processing,longest_common_subsequence,go,10,OK,0.015804229,0.043322055,0.0026072,2.741169,2.5762,vcgencmd_pmic,vcgencmd pmic_read_adc,0
string_and_text_processing,longest_common_subsequence,c,1,OK,0.010301034,0.028998528,0.002461004,2.815108,2.5762,vcgencmd_pmic,vcgencmd pmic_read_adc,0
string_and_text_processing,longest_common_subsequence,c,2,OK,0.010345534,0.028278638,0.001626473,2.733415,2.5762,vcgencmd_pmic,vcgencmd pmic_read_adc,0
string_and_text_processing,longest_common_subsequence,c,3,OK,0.010299386,0.027937193,0.001403915,2.712511,2.5762,vcgencmd_pmic,vcgencmd pmic_read_adc,0
string_and_text_processing,longest_common_subsequence,c,4,OK,0.010393794,0.028076522,0.00130003,2.701278,2.5762,vcgencmd_pmic,vcgencmd pmic_read_adc,0
string_and_text_processing,longest_common_subsequence,c,5,OK,0.010313812,0.027927023,0.001356581,2.70773,2.5762,vcgencmd_pmic,vcgencmd pmic_read_adc,0
string_and_text_processing,longest_common_subsequence,c,6,OK,0.010311869,0.028788181,0.002222744,2.791752,2.5762,vcgencmd_pmic,vcgencmd pmic_read_adc,0
string_and_text_processing,longest_common_subsequence,c,7,OK,0.01027896,0.0281719,0.001691243,2.740734,2.5762,vcgencmd_pmic,vcgencmd pmic_read_adc,0
string_and_text_processing,longest_common_subsequence,c,8,OK,0.010354794,0.027066054,0.000390034,2.613867,2.5762,vcgencmd_pmic,vcgencmd pmic_read_adc,0
string_and_text_processing,longest_common_subsequence,c,9,OK,0.010295887,0.027887089,0.001362825,2.708566,2.5762,vcgencmd_pmic,vcgencmd pmic_read_adc,0
string_and_text_processing,longest_common_subsequence,c,10,OK,0.010337016,0.028176137,0.001545916,2.725752,2.5762,vcgencmd_pmic,vcgencmd pmic_read_adc,0
string_and_text_processing,longest_common_subsequence,cpp,1,OK,0.010696961,0.028988845,0.001431334,2.710008,2.5762,vcgencmd_pmic,vcgencmd pmic_read_adc,0
string_and_text_processing,longest_common_subsequence,cpp,2,OK,0.010559739,0.029203402,0.001999402,2.765542,2.5762,vcgencmd_pmic,vcgencmd pmic_read_adc,0
string_and_text_processing,longest_common_subsequence,cpp,3,OK,0.010508628,0.028828771,0.001756444,2.743343,2.5762,vcgencmd_pmic,vcgencmd pmic_read_adc,0
string_and_text_processing,longest_common_subsequence,cpp,4,OK,0.010687036,0.02890069,0.001368748,2.704276,2.5762,vcgencmd_pmic,vcgencmd pmic_read_adc,0
string_and_text_processing,longest_common_subsequence,cpp,5,OK,0.010590868,0.029751692,0.002467498,2.809184,2.5762,vcgencmd_pmic,vcgencmd pmic_read_adc,0
string_and_text_processing,longest_common_subsequence,cpp,6,OK,0.010538886,0.028629542,0.001479264,2.716562,2.5762,vcgencmd_pmic,vcgencmd pmic_read_adc,0
string_and_text_processing,longest_common_subsequence,cpp,7,OK,0.010585073,0.029249579,0.001980314,2.763286,2.5762,vcgencmd_pmic,vcgencmd pmic_read_adc,0
string_and_text_processing,longest_common_subsequence,cpp,8,OK,0.010574906,0.028907378,0.001664305,2.733583,2.5762,vcgencmd_pmic,vcgencmd pmic_read_adc,0
string_and_text_processing,longest_common_subsequence,cpp,9,OK,0.010524035,0.028511463,0.001399444,2.709176,2.5762,vcgencmd_pmic,vcgencmd pmic_read_adc,0
string_and_text_processing,longest_common_subsequence,cpp,10,OK,0.010580054,0.028643571,0.001387236,2.707318,2.5762,vcgencmd_pmic,vcgencmd pmic_read_adc,0
string_and_text_processing,palindrome_detection,rust,1,OK,0.251498081,0.628790472,0.0,2.50018,2.5762,vcgencmd_pmic,vcgencmd pmic_read_adc,0
string_and_text_processing,palindrome_detection,rust,2,OK,0.254269289,0.63805776,0.0,2.509378,2.5762,vcgencmd_pmic,vcgencmd pmic_read_adc,0
string_and_text_processing,palindrome_detection,rust,3,OK,0.25201323,0.63832494,0.0,2.532902,2.5762,vcgencmd_pmic,vcgencmd pmic_read_adc,0
string_and_text_processing,palindrome_detection,rust,4,OK,0.251886026,0.719174906,0.070266126,2.85516,2.5762,vcgencmd_pmic,vcgencmd pmic_read_adc,0
string_and_text_processing,palindrome_detection,rust,5,OK,0.252402675,0.627944033,0.0,2.487866,2.5762,vcgencmd_pmic,vcgencmd pmic_read_adc,0
string_and_text_processing,palindrome_detection,rust,6,OK,0.251660452,0.65646925,0.008141594,2.608552,2.5762,vcgencmd_pmic,vcgencmd pmic_read_adc,0
string_and_text_processing,palindrome_detection,rust,7,OK,0.251892045,0.658166331,0.009242045,2.61289,2.5762,vcgencmd_pmic,vcgencmd pmic_read_adc,0
string_and_text_processing,palindrome_detection,rust,8,OK,0.254510234,0.6371511,0.0,2.50344,2.5762,vcgencmd_pmic,vcgencmd pmic_read_adc,0
string_and_text_processing,palindrome_detection,rust,9,OK,0.251863897,0.659233979,0.010382208,2.617421,2.5762,vcgencmd_pmic,vcgencmd pmic_read_adc,0
string_and_text_processing,palindrome_detection,rust,10,OK,0.253350381,0.641163183,0.0,2.530737,2.5762,vcgencmd_pmic,vcgencmd pmic_read_adc,0
string_and_text_processing,palindrome_detection,go,1,OK,0.199872908,0.500541024,0.0,2.504297,2.5762,vcgencmd_pmic,vcgencmd pmic_read_adc,0
string_and_text_processing,palindrome_detection,go,2,OK,0.201291743,0.512974193,0.0,2.548412,2.5762,vcgencmd_pmic,vcgencmd pmic_read_adc,0
string_and_text_processing,palindrome_detection,go,3,OK,0.200612131,0.520844762,0.00402779,2.596278,2.5762,vcgencmd_pmic,vcgencmd pmic_read_adc,0
string_and_text_processing,palindrome_detection,go,4,OK,0.20105539,0.503042194,0.0,2.502008,2.5762,vcgencmd_pmic,vcgencmd pmic_read_adc,0
string_and_text_processing,palindrome_detection,go,5,OK,0.20209817,0.530929374,0.010284068,2.627086,2.5762,vcgencmd_pmic,vcgencmd pmic_read_adc,0
string_and_text_processing,palindrome_detection,go,6,OK,0.200823113,0.503027658,0.0,2.50483,2.5762,vcgencmd_pmic,vcgencmd pmic_read_adc,0
string_and_text_processing,palindrome_detection,go,7,OK,0.200183389,0.500744334,0.0,2.501428,2.5762,vcgencmd_pmic,vcgencmd pmic_read_adc,0
string_and_text_processing,palindrome_detection,go,8,OK,0.200336223,0.502049386,0.0,2.506034,2.5762,vcgencmd_pmic,vcgencmd pmic_read_adc,0
string_and_text_processing,palindrome_detection,go,9,OK,0.200629853,0.502271019,0.0,2.503471,2.5762,vcgencmd_pmic,vcgencmd pmic_read_adc,0
string_and_text_processing,palindrome_detection,go,10,OK,0.201633447,0.526596798,0.007148712,2.611654,2.5762,vcgencmd_pmic,vcgencmd pmic_read_adc,0
string_and_text_processing,palindrome_detection,c,1,OK,0.054022307,0.135520602,0.0,2.508604,2.5762,vcgencmd_pmic,vcgencmd pmic_read_adc,0
string_and_text_processing,palindrome_detection,c,2,OK,0.054046548,0.134870999,0.0,2.49546,2.5762,vcgencmd_pmic,vcgencmd pmic_read_adc,0
string_and_text_processing,palindrome_detection,c,3,OK,0.054038734,0.139928654,0.000714067,2.589414,2.5762,vcgencmd_pmic,vcgencmd pmic_read_adc,0
string_and_text_processing,palindrome_detection,c,4,OK,0.054094215,0.142616774,0.003259257,2.636451,2.5762,vcgencmd_pmic,vcgencmd pmic_read_adc,0
string_and_text_processing,palindrome_detection,c,5,OK,0.054078807,0.134931761,0.0,2.495095,2.5762,vcgencmd_pmic,vcgencmd pmic_read_adc,0
string_and_text_processing,palindrome_detection,c,6,OK,0.054034585,0.136125277,0.0,2.519225,2.5762,vcgencmd_pmic,vcgencmd pmic_read_adc,0
string_and_text_processing,palindrome_detection,c,7,OK,0.054058419,0.134562973,0.0,2.489214,2.5762,vcgencmd_pmic,vcgencmd pmic_read_adc,0
string_and_text_processing,palindrome_detection,c,8,OK,0.054018363,0.140154181,0.000992074,2.594565,2.5762,vcgencmd_pmic,vcgencmd pmic_read_adc,0
string_and_text_processing,palindrome_detection,c,9,OK,0.054107029,0.136140454,0.0,2.516132,2.5762,vcgencmd_pmic,vcgencmd pmic_read_adc,0
string_and_text_processing,palindrome_detection,c,10,OK,0.05399516,0.134520302,0.0,2.49134,2.5762,vcgencmd_pmic,vcgencmd pmic_read_adc,0
string_and_text_processing,palindrome_detection,cpp,1,OK,0.166389132,0.43171266,0.003060978,2.594597,2.5762,vcgencmd_pmic,vcgencmd pmic_read_adc,0
string_and_text_processing,palindrome_detection,cpp,2,OK,0.166146113,0.430430831,0.002405215,2.590677,2.5762,vcgencmd_pmic,vcgencmd pmic_read_adc,0
string_and_text_processing,palindrome_detection,cpp,3,OK,0.166123613,0.445113436,0.017145784,2.679411,2.5762,vcgencmd_pmic,vcgencmd pmic_read_adc,0
string_and_text_processing,palindrome_detection,cpp,4,OK,0.167151745,0.433311731,0.002695406,2.592326,2.5762,vcgencmd_pmic,vcgencmd pmic_read_adc,0
string_and_text_processing,palindrome_detection,cpp,5,OK,0.166761244,0.419267284,0.0,2.514177,2.5762,vcgencmd_pmic,vcgencmd pmic_read_adc,0
string_and_text_processing,palindrome_detection,cpp,6,OK,0.166740651,0.434608173,0.005050908,2.606492,2.5762,vcgencmd_pmic,vcgencmd pmic_read_adc,0
string_and_text_processing,palindrome_detection,cpp,7,OK,0.166084558,0.41037875,0.0,2.470903,2.5762,vcgencmd_pmic,vcgencmd pmic_read_adc,0
string_and_text_processing,palindrome_detection,cpp,8,OK,0.167139244,0.421887782,0.0,2.52417,2.5762,vcgencmd_pmic,vcgencmd pmic_read_adc,0
string_and_text_processing,palindrome_detection,cpp,9,OK,0.166687114,0.417963604,0.0,2.507474,2.5762,vcgencmd_pmic,vcgencmd pmic_read_adc,0
string_and_text_processing,palindrome_detection,cpp,10,OK,0.167121245,0.436336608,0.005798857,2.610899,2.5762,vcgencmd_pmic,vcgencmd pmic_read_adc,0
memory_intensive_and_allocation_heavy,crc_32,java,1,OK,0.040144692,0.099689166,0.0,2.483247,2.5762,vcgencmd_pmic,vcgencmd pmic_read_adc,0
memory_intensive_and_allocation_heavy,crc_32,java,2,OK,0.039516155,0.107409276,0.005607757,2.718111,2.5762,vcgencmd_pmic,vcgencmd pmic_read_adc,0
memory_intensive_and_allocation_heavy,crc_32,java,3,OK,0.038932061,0.106202652,0.005905876,2.727897,2.5762,vcgencmd_pmic,vcgencmd pmic_read_adc,0
memory_intensive_and_allocation_heavy,crc_32,java,4,OK,0.039104099,0.105818566,0.005078586,2.706073,2.5762,vcgencmd_pmic,vcgencmd pmic_read_adc,0
memory_intensive_and_allocation_heavy,crc_32,java,5,OK,0.039392173,0.10735864,0.005876524,2.72538,2.5762,vcgencmd_pmic,vcgencmd pmic_read_adc,0
memory_intensive_and_allocation_heavy,crc_32,java,6,OK,0.039432784,0.106528514,0.004941776,2.701522,2.5762,vcgencmd_pmic,vcgencmd pmic_read_adc,0
memory_intensive_and_allocation_heavy,crc_32,java,7,OK,0.039408285,0.107553407,0.006029783,2.729208,2.5762,vcgencmd_pmic,vcgencmd pmic_read_adc,0
memory_intensive_and_allocation_heavy,crc_32,java,8,OK,0.039140951,0.10624044,0.005405522,2.714304,2.5762,vcgencmd_pmic,vcgencmd pmic_read_adc,0
memory_intensive_and_allocation_heavy,crc_32,java,9,OK,0.039417025,0.106756834,0.005210694,2.708394,2.5762,vcgencmd_pmic,vcgencmd pmic_read_adc,0
memory_intensive_and_allocation_heavy,crc_32,java,10,OK,0.039646506,0.108230858,0.006093529,2.729897,2.5762,vcgencmd_pmic,vcgencmd pmic_read_adc,0
memory_intensive_and_allocation_heavy,word_frequency_counter,java,1,OK,0.064701583,0.161719924,0.0,2.499474,2.5762,vcgencmd_pmic,vcgencmd pmic_read_adc,0
memory_intensive_and_allocation_heavy,word_frequency_counter,java,2,OK,0.067882403,0.176825752,0.001947105,2.604884,2.5762,vcgencmd_pmic,vcgencmd pmic_read_adc,0
memory_intensive_and_allocation_heavy,word_frequency_counter,java,3,OK,0.055365605,0.138685636,0.0,2.504906,2.5762,vcgencmd_pmic,vcgencmd pmic_read_adc,0
memory_intensive_and_allocation_heavy,word_frequency_counter,java,4,OK,0.05857263,0.146110363,0.0,2.494516,2.5762,vcgencmd_pmic,vcgencmd pmic_read_adc,0
memory_intensive_and_allocation_heavy,word_frequency_counter,java,5,OK,0.066000882,0.164017967,0.0,2.485088,2.5762,vcgencmd_pmic,vcgencmd pmic_read_adc,0
memory_intensive_and_allocation_heavy,word_frequency_counter,java,6,OK,0.051669044,0.139968366,0.006858575,2.708941,2.5762,vcgencmd_pmic,vcgencmd pmic_read_adc,0
memory_intensive_and_allocation_heavy,word_frequency_counter,java,7,OK,0.065306603,0.163291716,0.0,2.500386,2.5762,vcgencmd_pmic,vcgencmd pmic_read_adc,0
memory_intensive_and_allocation_heavy,word_frequency_counter,java,8,OK,0.051573451,0.129494489,0.0,2.510875,2.5762,vcgencmd_pmic,vcgencmd pmic_read_adc,0
memory_intensive_and_allocation_heavy,word_frequency_counter,java,9,OK,0.048091594,0.121598105,0.0,2.528469,2.5762,vcgencmd_pmic,vcgencmd pmic_read_adc,0
memory_intensive_and_allocation_heavy,word_frequency_counter,java,10,OK,0.061224041,0.167009419,0.009284045,2.727841,2.5762,vcgencmd_pmic,vcgencmd pmic_read_adc,0
memory_intensive_and_allocation_heavy,huffman_coding,java,1,OK,0.052666342,0.131344222,0.0,2.493893,2.5762,vcgencmd_pmic,vcgencmd pmic_read_adc,0
memory_intensive_and_allocation_heavy,huffman_coding,java,2,OK,0.064094675,0.167269668,0.002148966,2.609728,2.5762,vcgencmd_pmic,vcgencmd pmic_read_adc,0
memory_intensive_and_allocation_heavy,huffman_coding,java,3,OK,0.053103379,0.133733426,0.0,2.51836,2.5762,vcgencmd_pmic,vcgencmd pmic_read_adc,0
memory_intensive_and_allocation_heavy,huffman_coding,java,4,OK,0.053503417,0.134538703,0.0,2.514582,2.5762,vcgencmd_pmic,vcgencmd pmic_read_adc,0
memory_intensive_and_allocation_heavy,huffman_coding,java,5,OK,0.052764287,0.132110193,0.0,2.503781,2.5762,vcgencmd_pmic,vcgencmd pmic_read_adc,0
memory_intensive_and_allocation_heavy,huffman_coding,java,6,OK,0.053069713,0.138498047,0.001779852,2.609738,2.5762,vcgencmd_pmic,vcgencmd pmic_read_adc,0
memory_intensive_and_allocation_heavy,huffman_coding,java,7,OK,0.053270473,0.133723057,0.0,2.510266,2.5762,vcgencmd_pmic,vcgencmd pmic_read_adc,0
memory_intensive_and_allocation_heavy,huffman_coding,java,8,OK,0.052943324,0.132394629,0.0,2.500686,2.5762,vcgencmd_pmic,vcgencmd pmic_read_adc,0
memory_intensive_and_allocation_heavy,huffman_coding,java,9,OK,0.052866491,0.133280759,0.0,2.521082,2.5762,vcgencmd_pmic,vcgencmd pmic_read_adc,0
memory_intensive_and_allocation_heavy,huffman_coding,java,10,OK,0.053316232,0.133810946,0.0,2.50976,2.5762,vcgencmd_pmic,vcgencmd pmic_read_adc,0
memory_intensive_and_allocation_heavy,tree_traversal,java,1,OK,0.037291577,0.093348425,0.0,2.503204,2.5762,vcgencmd_pmic,vcgencmd pmic_read_adc,0
memory_intensive_and_allocation_heavy,tree_traversal,java,2,OK,0.038089764,0.103300259,0.005173409,2.712022,2.5762,vcgencmd_pmic,vcgencmd pmic_read_adc,0
memory_intensive_and_allocation_heavy,tree_traversal,java,3,OK,0.037260966,0.100618823,0.004627122,2.700381,2.5762,vcgencmd_pmic,vcgencmd pmic_read_adc,0
memory_intensive_and_allocation_heavy,tree_traversal,java,4,OK,0.037218152,0.102290053,0.00640865,2.748392,2.5762,vcgencmd_pmic,vcgencmd pmic_read_adc,0
memory_intensive_and_allocation_heavy,tree_traversal,java,5,OK,0.037342855,0.111007705,0.014805042,2.972663,2.5762,vcgencmd_pmic,vcgencmd pmic_read_adc,0
memory_intensive_and_allocation_heavy,tree_traversal,java,6,OK,0.037387874,0.101013492,0.004694851,2.701771,2.5762,vcgencmd_pmic,vcgencmd pmic_read_adc,0
memory_intensive_and_allocation_heavy,tree_traversal,java,7,OK,0.037340688,0.100823816,0.004626736,2.700106,2.5762,vcgencmd_pmic,vcgencmd pmic_read_adc,0
memory_intensive_and_allocation_heavy,tree_traversal,java,8,OK,0.037862116,0.103062743,0.00552236,2.722054,2.5762,vcgencmd_pmic,vcgencmd pmic_read_adc,0
memory_intensive_and_allocation_heavy,tree_traversal,java,9,OK,0.037148781,0.102931434,0.007228744,2.770789,2.5762,vcgencmd_pmic,vcgencmd pmic_read_adc,0
memory_intensive_and_allocation_heavy,tree_traversal,java,10,OK,0.037288947,0.1022517,0.006187915,2.742145,2.5762,vcgencmd_pmic,vcgencmd pmic_read_adc,0
memory_intensive_and_allocation_heavy,priority_queue,java,1,OK,0.046998463,0.117618612,0.0,2.502606,2.5762,vcgencmd_pmic,vcgencmd pmic_read_adc,0
memory_intensive_and_allocation_heavy,priority_queue,java,2,OK,0.048968058,0.134212412,0.008060901,2.740815,2.5762,vcgencmd_pmic,vcgencmd pmic_read_adc,0
memory_intensive_and_allocation_heavy,priority_queue,java,3,OK,0.046615759,0.13672218,0.016630662,2.932961,2.5762,vcgencmd_pmic,vcgencmd pmic_read_adc,0
memory_intensive_and_allocation_heavy,priority_queue,java,4,OK,0.046297518,0.127769159,0.008497493,2.759741,2.5762,vcgencmd_pmic,vcgencmd pmic_read_adc,0
memory_intensive_and_allocation_heavy,priority_queue,java,5,OK,0.047165741,0.1282062,0.006697818,2.718206,2.5762,vcgencmd_pmic,vcgencmd pmic_read_adc,0
memory_intensive_and_allocation_heavy,priority_queue,java,6,OK,0.048653077,0.132520546,0.007180489,2.723786,2.5762,vcgencmd_pmic,vcgencmd pmic_read_adc,0
memory_intensive_and_allocation_heavy,priority_queue,java,7,OK,0.046342443,0.126257437,0.006870035,2.724445,2.5762,vcgencmd_pmic,vcgencmd pmic_read_adc,0
memory_intensive_and_allocation_heavy,priority_queue,java,8,OK,0.046526684,0.127204861,0.007342818,2.734019,2.5762,vcgencmd_pmic,vcgencmd pmic_read_adc,0
memory_intensive_and_allocation_heavy,priority_queue,java,9,OK,0.046384795,0.127134299,0.00763779,2.740862,2.5762,vcgencmd_pmic,vcgencmd pmic_read_adc,0
memory_intensive_and_allocation_heavy,priority_queue,java,10,OK,0.046708148,0.12902166,0.008692129,2.762294,2.5762,vcgencmd_pmic,vcgencmd pmic_read_adc,0
floating_point,monte_carlo_pi,java,1,OK,1.578532688,4.257383165,0.190767254,2.697051,2.5762,vcgencmd_pmic,vcgencmd pmic_read_adc,0
floating_point,monte_carlo_pi,java,2,OK,1.577950169,3.950043209,0.0,2.503275,2.5762,vcgencmd_pmic,vcgencmd pmic_read_adc,0
floating_point,monte_carlo_pi,java,3,OK,1.579745005,3.986605001,0.0,2.523575,2.5762,vcgencmd_pmic,vcgencmd pmic_read_adc,0
floating_point,monte_carlo_pi,java,4,OK,1.57775615,3.954648945,0.0,2.506502,2.5762,vcgencmd_pmic,vcgencmd pmic_read_adc,0
floating_point,monte_carlo_pi,java,5,OK,1.578803893,4.150555446,0.083240857,2.628924,2.5762,vcgencmd_pmic,vcgencmd pmic_read_adc,0
floating_point,monte_carlo_pi,java,6,OK,1.5784033,3.922793094,0.0,2.485292,2.5762,vcgencmd_pmic,vcgencmd pmic_read_adc,0
floating_point,monte_carlo_pi,java,7,OK,1.577755614,3.953667027,0.0,2.505881,2.5762,vcgencmd_pmic,vcgencmd pmic_read_adc,0
floating_point,monte_carlo_pi,java,8,OK,1.580568636,3.975393284,0.0,2.515166,2.5762,vcgencmd_pmic,vcgencmd pmic_read_adc,0
floating_point,monte_carlo_pi,java,9,OK,1.579718876,4.195174114,0.125502346,2.655646,2.5762,vcgencmd_pmic,vcgencmd pmic_read_adc,0
floating_point,monte_carlo_pi,java,10,OK,1.579342875,3.982109324,0.0,2.521371,2.5762,vcgencmd_pmic,vcgencmd pmic_read_adc,0
floating_point,matrix_multiplication,java,1,OK,0.04270379,0.108035571,0.0,2.529882,2.5762,vcgencmd_pmic,vcgencmd pmic_read_adc,0
floating_point,matrix_multiplication,java,2,OK,0.043008568,0.116717469,0.005918796,2.713819,2.5762,vcgencmd_pmic,vcgencmd pmic_read_adc,0
floating_point,matrix_multiplication,java,3,OK,0.043563457,0.118836667,0.006608489,2.727898,2.5762,vcgencmd_pmic,vcgencmd pmic_read_adc,0
floating_point,matrix_multiplication,java,4,OK,0.043027604,0.117773759,0.006926046,2.737167,2.5762,vcgencmd_pmic,vcgencmd pmic_read_adc,0
floating_point,matrix_multiplication,java,5,OK,0.042798919,0.111507555,0.00124898,2.605383,2.5762,vcgencmd_pmic,vcgencmd pmic_read_adc,0
floating_point,matrix_multiplication,java,6,OK,0.042898809,0.116963624,0.006447712,2.7265,2.5762,vcgencmd_pmic,vcgencmd pmic_read_adc,0
floating_point,matrix_multiplication,java,7,OK,0.042917604,0.116757878,0.006193547,2.720512,2.5762,vcgencmd_pmic,vcgencmd pmic_read_adc,0
floating_point,matrix_multiplication,java,8,OK,0.042801253,0.116895658,0.00663107,2.731127,2.5762,vcgencmd_pmic,vcgencmd pmic_read_adc,0
floating_point,matrix_multiplication,java,9,OK,0.042904623,0.116853079,0.006322189,2.723554,2.5762,vcgencmd_pmic,vcgencmd pmic_read_adc,0
floating_point,matrix_multiplication,java,10,OK,0.043062087,0.117317768,0.006381219,2.724386,2.5762,vcgencmd_pmic,vcgencmd pmic_read_adc,0
floating_point,gaussian_elimination,java,1,OK,0.034974555,0.088388815,0.0,2.527232,2.5762,vcgencmd_pmic,vcgencmd pmic_read_adc,0
floating_point,gaussian_elimination,java,2,OK,0.031226827,0.088313511,0.007866959,2.82813,2.5762,vcgencmd_pmic,vcgencmd pmic_read_adc,0
floating_point,gaussian_elimination,java,3,OK,0.036385946,0.104872374,0.0111349,2.882222,2.5762,vcgencmd_pmic,vcgencmd pmic_read_adc,0
floating_point,gaussian_elimination,java,4,OK,0.035193722,0.095604555,0.004938488,2.716523,2.5762,vcgencmd_pmic,vcgencmd pmic_read_adc,0
floating_point,gaussian_elimination,java,5,OK,0.034762629,0.09481441,0.005258925,2.727481,2.5762,vcgencmd_pmic,vcgencmd pmic_read_adc,0
floating_point,gaussian_elimination,java,6,OK,0.035532445,0.09676087,0.005222185,2.723169,2.5762,vcgencmd_pmic,vcgencmd pmic_read_adc,0
floating_point,gaussian_elimination,java,7,OK,0.035805983,0.097460842,0.005217469,2.721915,2.5762,vcgencmd_pmic,vcgencmd pmic_read_adc,0
floating_point,gaussian_elimination,java,8,OK,0.035212611,0.096072204,0.005357476,2.728347,2.5762,vcgencmd_pmic,vcgencmd pmic_read_adc,0
floating_point,gaussian_elimination,java,9,OK,0.035568334,0.097579341,0.005948199,2.743433,2.5762,vcgencmd_pmic,vcgencmd pmic_read_adc,0
floating_point,gaussian_elimination,java,10,OK,0.035919927,0.097086175,0.004549259,2.70285,2.5762,vcgencmd_pmic,vcgencmd pmic_read_adc,0
floating_point,newton_raphson,java,1,OK,0.780760914,2.049539951,0.038143684,2.625055,2.5762,vcgencmd_pmic,vcgencmd pmic_read_adc,0
floating_point,newton_raphson,java,2,OK,0.780647544,2.020175327,0.009071124,2.58782,2.5762,vcgencmd_pmic,vcgencmd pmic_read_adc,0
floating_point,newton_raphson,java,3,OK,0.781085785,2.027531546,0.015298347,2.595786,2.5762,vcgencmd_pmic,vcgencmd pmic_read_adc,0
floating_point,newton_raphson,java,4,OK,0.781080341,1.947352795,0.0,2.493153,2.5762,vcgencmd_pmic,vcgencmd pmic_read_adc,0
floating_point,newton_raphson,java,5,OK,0.781322842,1.948497672,0.0,2.493844,2.5762,vcgencmd_pmic,vcgencmd pmic_read_adc,0
floating_point,newton_raphson,java,6,OK,0.780653303,1.95256887,0.0,2.501198,2.5762,vcgencmd_pmic,vcgencmd pmic_read_adc,0
floating_point,newton_raphson,java,7,OK,0.780744673,1.943665815,0.0,2.489502,2.5762,vcgencmd_pmic,vcgencmd pmic_read_adc,0
floating_point,newton_raphson,java,8,OK,0.781143452,1.955238384,0.0,2.503047,2.5762,vcgencmd_pmic,vcgencmd pmic_read_adc,0
floating_point,newton_raphson,java,9,OK,0.781332138,2.004282576,0.0,2.565212,2.5762,vcgencmd_pmic,vcgencmd pmic_read_adc,0
floating_point,newton_raphson,java,10,OK,0.780658081,1.939406045,0.0,2.484322,2.5762,vcgencmd_pmic,vcgencmd pmic_read_adc,0
floating_point,numerical_integration,java,1,OK,0.282964612,0.772264048,0.043290615,2.72919,2.5762,vcgencmd_pmic,vcgencmd pmic_read_adc,0
floating_point,numerical_integration,java,2,OK,0.278879958,0.700172755,0.0,2.51066,2.5762,vcgencmd_pmic,vcgencmd pmic_read_adc,0
floating_point,numerical_integration,java,3,OK,0.27869055,0.700577878,0.0,2.51382,2.5762,vcgencmd_pmic,vcgencmd pmic_read_adc,0
floating_point,numerical_integration,java,4,OK,0.276357861,0.690106618,0.0,2.497148,2.5762,vcgencmd_pmic,vcgencmd pmic_read_adc,0
floating_point,numerical_integration,java,5,OK,0.283709836,0.704726863,0.0,2.48397,2.5762,vcgencmd_pmic,vcgencmd pmic_read_adc,0
floating_point,numerical_integration,java,6,OK,0.276529879,0.694523319,0.0,2.511567,2.5762,vcgencmd_pmic,vcgencmd pmic_read_adc,0
floating_point,numerical_integration,java,7,OK,0.276438195,0.724273047,0.012112969,2.620018,2.5762,vcgencmd_pmic,vcgencmd pmic_read_adc,0
floating_point,numerical_integration,java,8,OK,0.276992047,0.733083828,0.019496917,2.646588,2.5762,vcgencmd_pmic,vcgencmd pmic_read_adc,0
floating_point,numerical_integration,java,9,OK,0.275936379,0.729184508,0.018317208,2.642582,2.5762,vcgencmd_pmic,vcgencmd pmic_read_adc,0
floating_point,numerical_integration,java,10,OK,0.276297473,0.690307685,0.0,2.498422,2.5762,vcgencmd_pmic,vcgencmd pmic_read_adc,0
integer_and_control_flow_intensive,sudoku_solver,java,1,OK,0.046849648,0.116644497,0.0,2.489763,2.5762,vcgencmd_pmic,vcgencmd pmic_read_adc,0
integer_and_control_flow_intensive,sudoku_solver,java,2,OK,0.042677605,0.116131994,0.006185948,2.721146,2.5762,vcgencmd_pmic,vcgencmd pmic_read_adc,0
integer_and_control_flow_intensive,sudoku_solver,java,3,OK,0.042782864,0.115891163,0.005673949,2.708822,2.5762,vcgencmd_pmic,vcgencmd pmic_read_adc,0
integer_and_control_flow_intensive,sudoku_solver,java,4,OK,0.048368372,0.136251527,0.011644927,2.816955,2.5762,vcgencmd_pmic,vcgencmd pmic_read_adc,0
integer_and_control_flow_intensive,sudoku_solver,java,5,OK,0.043102846,0.117738441,0.006696889,2.73157,2.5762,vcgencmd_pmic,vcgencmd pmic_read_adc,0
integer_and_control_flow_intensive,sudoku_solver,java,6,OK,0.046112702,0.127854153,0.00905861,2.772645,2.5762,vcgencmd_pmic,vcgencmd pmic_read_adc,0
integer_and_control_flow_intensive,sudoku_solver,java,7,OK,0.04665911,0.127654192,0.007450993,2.73589,2.5762,vcgencmd_pmic,vcgencmd pmic_read_adc,0
integer_and_control_flow_intensive,sudoku_solver,java,8,OK,0.033077867,0.089936603,0.004721402,2.718936,2.5762,vcgencmd_pmic,vcgencmd pmic_read_adc,0
integer_and_control_flow_intensive,sudoku_solver,java,9,OK,0.043077439,0.117103476,0.006127378,2.718441,2.5762,vcgencmd_pmic,vcgencmd pmic_read_adc,0
integer_and_control_flow_intensive,sudoku_solver,java,10,OK,0.038920247,0.107079291,0.006812951,2.751249,2.5762,vcgencmd_pmic,vcgencmd pmic_read_adc,0
integer_and_control_flow_intensive,towers_of_hanoi,java,1,OK,0.438850747,1.103272314,0.0,2.514004,2.5762,vcgencmd_pmic,vcgencmd pmic_read_adc,0
integer_and_control_flow_intensive,towers_of_hanoi,java,2,OK,0.435149222,1.090213723,0.0,2.505379,2.5762,vcgencmd_pmic,vcgencmd pmic_read_adc,0
integer_and_control_flow_intensive,towers_of_hanoi,java,3,OK,0.439852174,1.198910789,0.065763618,2.725713,2.5762,vcgencmd_pmic,vcgencmd pmic_read_adc,0
integer_and_control_flow_intensive,towers_of_hanoi,java,4,OK,0.435522056,1.147903959,0.025912038,2.635697,2.5762,vcgencmd_pmic,vcgencmd pmic_read_adc,0
integer_and_control_flow_intensive,towers_of_hanoi,java,5,OK,0.436038797,1.0928569,0.0,2.506329,2.5762,vcgencmd_pmic,vcgencmd pmic_read_adc,0
integer_and_control_flow_intensive,towers_of_hanoi,java,6,OK,0.439283507,1.101437941,0.0,2.507351,2.5762,vcgencmd_pmic,vcgencmd pmic_read_adc,0
integer_and_control_flow_intensive,towers_of_hanoi,java,7,OK,0.435711482,1.091239625,0.0,2.504501,2.5762,vcgencmd_pmic,vcgencmd pmic_read_adc,0
integer_and_control_flow_intensive,towers_of_hanoi,java,8,OK,0.435286982,1.092859138,0.0,2.510664,2.5762,vcgencmd_pmic,vcgencmd pmic_read_adc,0
integer_and_control_flow_intensive,towers_of_hanoi,java,9,OK,0.438013875,1.149323222,0.020911877,2.623942,2.5762,vcgencmd_pmic,vcgencmd pmic_read_adc,0
integer_and_control_flow_intensive,towers_of_hanoi,java,10,OK,0.438868321,1.102975494,0.0,2.513226,2.5762,vcgencmd_pmic,vcgencmd pmic_read_adc,0
integer_and_control_flow_intensive,knights_tour,java,1,OK,0.028999305,0.07346871,0.0,2.533465,2.5762,vcgencmd_pmic,vcgencmd pmic_read_adc,0
integer_and_control_flow_intensive,knights_tour,java,2,OK,0.028947527,0.07866903,0.004094411,2.717643,2.5762,vcgencmd_pmic,vcgencmd pmic_read_adc,0
integer_and_control_flow_intensive,knights_tour,java,3,OK,0.028813138,0.08254176,0.008313354,2.864727,2.5762,vcgencmd_pmic,vcgencmd pmic_read_adc,0
integer_and_control_flow_intensive,knights_tour,java,4,OK,0.029021324,0.079231392,0.004466657,2.730109,2.5762,vcgencmd_pmic,vcgencmd pmic_read_adc,0
integer_and_control_flow_intensive,knights_tour,java,5,OK,0.028880935,0.078490511,0.004087446,2.717727,2.5762,vcgencmd_pmic,vcgencmd pmic_read_adc,0
integer_and_control_flow_intensive,knights_tour,java,6,OK,0.029186435,0.079955961,0.004765867,2.73949,2.5762,vcgencmd_pmic,vcgencmd pmic_read_adc,0
integer_and_control_flow_intensive,knights_tour,java,7,OK,0.028825082,0.078231287,0.003972111,2.714001,2.5762,vcgencmd_pmic,vcgencmd pmic_read_adc,0
integer_and_control_flow_intensive,knights_tour,java,8,OK,0.028724045,0.078661889,0.004663004,2.738538,2.5762,vcgencmd_pmic,vcgencmd pmic_read_adc,0
integer_and_control_flow_intensive,knights_tour,java,9,OK,0.028809138,0.078452785,0.004234684,2.723191,2.5762,vcgencmd_pmic,vcgencmd pmic_read_adc,0
integer_and_control_flow_intensive,knights_tour,java,10,OK,0.029465435,0.076517889,0.000609035,2.596869,2.5762,vcgencmd_pmic,vcgencmd pmic_read_adc,0
integer_and_control_flow_intensive,producer_consumer_single_thread,java,1,OK,0.039797729,0.099808207,0.0,2.507887,2.5762,vcgencmd_pmic,vcgencmd pmic_read_adc,0
integer_and_control_flow_intensive,producer_consumer_single_thread,java,2,OK,0.043762883,0.1204553,0.007713361,2.752453,2.5762,vcgencmd_pmic,vcgencmd pmic_read_adc,0
integer_and_control_flow_intensive,producer_consumer_single_thread,java,3,OK,0.043771884,0.119019254,0.006254126,2.71908,2.5762,vcgencmd_pmic,vcgencmd pmic_read_adc,0
integer_and_control_flow_intensive,producer_consumer_single_thread,java,4,OK,0.043494198,0.119341729,0.007291976,2.743854,2.5762,vcgencmd_pmic,vcgencmd pmic_read_adc,0
integer_and_control_flow_intensive,producer_consumer_single_thread,java,5,OK,0.043234457,0.119333522,0.007952914,2.760149,2.5762,vcgencmd_pmic,vcgencmd pmic_read_adc,0
integer_and_control_flow_intensive,producer_consumer_single_thread,java,6,OK,0.04360455,0.119092464,0.006758422,2.731194,2.5762,vcgencmd_pmic,vcgencmd pmic_read_adc,0
integer_and_control_flow_intensive,producer_consumer_single_thread,java,7,OK,0.043913217,0.120276369,0.007147139,2.738956,2.5762,vcgencmd_pmic,vcgencmd pmic_read_adc,0
integer_and_control_flow_intensive,producer_consumer_single_thread,java,8,OK,0.044272385,0.119843265,0.005788747,2.706953,2.5762,vcgencmd_pmic,vcgencmd pmic_read_adc,0
integer_and_control_flow_intensive,producer_consumer_single_thread,java,9,OK,0.043903551,0.119295739,0.006191411,2.717223,2.5762,vcgencmd_pmic,vcgencmd pmic_read_adc,0
integer_and_control_flow_intensive,producer_consumer_single_thread,java,10,OK,0.043306642,0.118046977,0.006480406,2.72584,2.5762,vcgencmd_pmic,vcgencmd pmic_read_adc,0
integer_and_control_flow_intensive,josephus_problem,java,1,OK,0.030664382,0.07703687,0.0,2.512259,2.5762,vcgencmd_pmic,vcgencmd pmic_read_adc,0
integer_and_control_flow_intensive,josephus_problem,java,2,OK,0.030957067,0.085550675,0.005799079,2.763526,2.5762,vcgencmd_pmic,vcgencmd pmic_read_adc,0
integer_and_control_flow_intensive,josephus_problem,java,3,OK,0.030563455,0.083336059,0.004598486,2.726657,2.5762,vcgencmd_pmic,vcgencmd pmic_read_adc,0
integer_and_control_flow_intensive,josephus_problem,java,4,OK,0.030874567,0.08663158,0.00709252,2.80592,2.5762,vcgencmd_pmic,vcgencmd pmic_read_adc,0
integer_and_control_flow_intensive,josephus_problem,java,5,OK,0.031089494,0.085094121,0.005001367,2.73707,2.5762,vcgencmd_pmic,vcgencmd pmic_read_adc,0
integer_and_control_flow_intensive,josephus_problem,java,6,OK,0.030282677,0.082132116,0.004117884,2.712181,2.5762,vcgencmd_pmic,vcgencmd pmic_read_adc,0
integer_and_control_flow_intensive,josephus_problem,java,7,OK,0.026508505,0.06944437,0.001153159,2.619701,2.5762,vcgencmd_pmic,vcgencmd pmic_read_adc,0
integer_and_control_flow_intensive,josephus_problem,java,8,OK,0.030744622,0.084476368,0.005272073,2.74768,2.5762,vcgencmd_pmic,vcgencmd pmic_read_adc,0
integer_and_control_flow_intensive,josephus_problem,java,9,OK,0.03045903,0.083221304,0.004752751,2.732238,2.5762,vcgencmd_pmic,vcgencmd pmic_read_adc,0
integer_and_control_flow_intensive,josephus_problem,java,10,OK,0.030506492,0.083423099,0.004832274,2.734602,2.5762,vcgencmd_pmic,vcgencmd pmic_read_adc,0
string_and_text_processing,command_line_argument_parser,java,1,OK,0.028827601,0.072602673,0.0,2.518512,2.5762,vcgencmd_pmic,vcgencmd pmic_read_adc,0
string_and_text_processing,command_line_argument_parser,java,2,OK,0.028799156,0.078381684,0.004189298,2.721666,2.5762,vcgencmd_pmic,vcgencmd pmic_read_adc,0
string_and_text_processing,command_line_argument_parser,java,3,OK,0.028862527,0.07902772,0.004672078,2.738073,2.5762,vcgencmd_pmic,vcgencmd pmic_read_adc,0
string_and_text_processing,command_line_argument_parser,java,4,OK,0.028634138,0.077935695,0.004168429,2.721775,2.5762,vcgencmd_pmic,vcgencmd pmic_read_adc,0
string_and_text_processing,command_line_argument_parser,java,5,OK,0.028495323,0.077846473,0.004436822,2.731904,2.5762,vcgencmd_pmic,vcgencmd pmic_read_adc,0
string_and_text_processing,command_line_argument_parser,java,6,OK,0.028354008,0.077702486,0.004656891,2.740441,2.5762,vcgencmd_pmic,vcgencmd pmic_read_adc,0
string_and_text_processing,command_line_argument_parser,java,7,OK,0.028498045,0.077556617,0.004139953,2.721471,2.5762,vcgencmd_pmic,vcgencmd pmic_read_adc,0
string_and_text_processing,command_line_argument_parser,java,8,OK,0.02900412,0.079370296,0.004649882,2.736518,2.5762,vcgencmd_pmic,vcgencmd pmic_read_adc,0
string_and_text_processing,command_line_argument_parser,java,9,OK,0.029361843,0.080137322,0.004495342,2.729301,2.5762,vcgencmd_pmic,vcgencmd pmic_read_adc,0
string_and_text_processing,command_line_argument_parser,java,10,OK,0.028546193,0.080615363,0.007074661,2.824032,2.5762,vcgencmd_pmic,vcgencmd pmic_read_adc,0
string_and_text_processing,anagram_checker,java,1,OK,0.667434959,1.68247505,0.0,2.520807,2.5762,vcgencmd_pmic,vcgencmd pmic_read_adc,0
string_and_text_processing,anagram_checker,java,2,OK,0.665750197,1.676415585,0.0,2.518085,2.5762,vcgencmd_pmic,vcgencmd pmic_read_adc,0
string_and_text_processing,anagram_checker,java,3,OK,0.665439214,1.673244907,0.0,2.514497,2.5762,vcgencmd_pmic,vcgencmd pmic_read_adc,0
string_and_text_processing,anagram_checker,java,4,OK,0.665297844,1.667953921,0.0,2.507079,2.5762,vcgencmd_pmic,vcgencmd pmic_read_adc,0
string_and_text_processing,anagram_checker,java,5,OK,0.664227138,1.763861475,0.052679522,2.655509,2.5762,vcgencmd_pmic,vcgencmd pmic_read_adc,0
string_and_text_processing,anagram_checker,java,6,OK,0.6657459,1.709370504,0.0,2.567602,2.5762,vcgencmd_pmic,vcgencmd pmic_read_adc,0
string_and_text_processing,anagram_checker,java,7,OK,0.666003289,1.754580337,0.038822664,2.634492,2.5762,vcgencmd_pmic,vcgencmd pmic_read_adc,0
string_and_text_processing,anagram_checker,java,8,OK,0.665582585,1.676245447,0.0,2.518464,2.5762,vcgencmd_pmic,vcgencmd pmic_read_adc,0
string_and_text_processing,anagram_checker,java,9,OK,0.666966642,1.683304751,0.0,2.523822,2.5762,vcgencmd_pmic,vcgencmd pmic_read_adc,0
string_and_text_processing,anagram_checker,java,10,OK,0.666412345,1.735191136,0.018379653,2.60378,2.5762,vcgencmd_pmic,vcgencmd pmic_read_adc,0
string_and_text_processing,sha1_pure_implementation,java,1,OK,0.107051427,0.270897329,0.0,2.530534,2.5762,vcgencmd_pmic,vcgencmd pmic_read_adc,0
string_and_text_processing,sha1_pure_implementation,java,2,OK,0.115177255,0.293119779,0.0,2.544945,2.5762,vcgencmd_pmic,vcgencmd pmic_read_adc,0
string_and_text_processing,sha1_pure_implementation,java,3,OK,0.083856947,0.221961708,0.005929441,2.646909,2.5762,vcgencmd_pmic,vcgencmd pmic_read_adc,0
string_and_text_processing,sha1_pure_implementation,java,4,OK,0.084440096,0.212205054,0.0,2.513084,2.5762,vcgencmd_pmic,vcgencmd pmic_read_adc,0
string_and_text_processing,sha1_pure_implementation,java,5,OK,0.136664659,0.343730887,0.0,2.515141,2.5762,vcgencmd_pmic,vcgencmd pmic_read_adc,0
string_and_text_processing,sha1_pure_implementation,java,6,OK,0.093638314,0.257941297,0.016710272,2.754656,2.5762,vcgencmd_pmic,vcgencmd pmic_read_adc,0
string_and_text_processing,sha1_pure_implementation,java,7,OK,0.09347848,0.2371184,0.0,2.536609,2.5762,vcgencmd_pmic,vcgencmd pmic_read_adc,0
string_and_text_processing,sha1_pure_implementation,java,8,OK,0.093660703,0.236856304,0.0,2.528876,2.5762,vcgencmd_pmic,vcgencmd pmic_read_adc,0
string_and_text_processing,sha1_pure_implementation,java,9,OK,0.083875743,0.210073215,0.0,2.504577,2.5762,vcgencmd_pmic,vcgencmd pmic_read_adc,0
string_and_text_processing,sha1_pure_implementation,java,10,OK,0.089702104,0.237740402,0.006649842,2.650333,2.5762,vcgencmd_pmic,vcgencmd pmic_read_adc,0
string_and_text_processing,longest_common_subsequence,java,1,OK,0.060669096,0.159784046,0.003488321,2.633697,2.5762,vcgencmd_pmic,vcgencmd pmic_read_adc,0
string_and_text_processing,longest_common_subsequence,java,2,OK,0.059337186,0.149604622,0.0,2.521263,2.5762,vcgencmd_pmic,vcgencmd pmic_read_adc,0
string_and_text_processing,longest_common_subsequence,java,3,OK,0.059934317,0.159696426,0.005293639,2.664524,2.5762,vcgencmd_pmic,vcgencmd pmic_read_adc,0
string_and_text_processing,longest_common_subsequence,java,4,OK,0.060701985,0.155026375,0.0,2.553893,2.5762,vcgencmd_pmic,vcgencmd pmic_read_adc,0
string_and_text_processing,longest_common_subsequence,java,5,OK,0.059839761,0.157970476,0.003811284,2.639891,2.5762,vcgencmd_pmic,vcgencmd pmic_read_adc,0
string_and_text_processing,longest_common_subsequence,java,6,OK,0.060477151,0.152659237,0.0,2.524247,2.5762,vcgencmd_pmic,vcgencmd pmic_read_adc,0
string_and_text_processing,longest_common_subsequence,java,7,OK,0.059689557,0.150959635,0.0,2.52908,2.5762,vcgencmd_pmic,vcgencmd pmic_read_adc,0
string_and_text_processing,longest_common_subsequence,java,8,OK,0.059817094,0.151256734,0.0,2.528654,2.5762,vcgencmd_pmic,vcgencmd pmic_read_adc,0
string_and_text_processing,longest_common_subsequence,java,9,OK,0.061225856,0.160958826,0.003228776,2.628935,2.5762,vcgencmd_pmic,vcgencmd pmic_read_adc,0
string_and_text_processing,longest_common_subsequence,java,10,OK,0.059639279,0.151265877,0.0,2.536347,2.5762,vcgencmd_pmic,vcgencmd pmic_read_adc,0
string_and_text_processing,palindrome_detection,java,1,OK,0.096904042,0.243631976,0.0,2.514157,2.5762,vcgencmd_pmic,vcgencmd pmic_read_adc,0
string_and_text_processing,palindrome_detection,java,2,OK,0.096816505,0.243620437,0.0,2.516311,2.5762,vcgencmd_pmic,vcgencmd pmic_read_adc,0
string_and_text_processing,palindrome_detection,java,3,OK,0.098712155,0.260434944,0.00613269,2.638327,2.5762,vcgencmd_pmic,vcgencmd pmic_read_adc,0
string_and_text_processing,palindrome_detection,java,4,OK,0.096682689,0.279972909,0.030898966,2.895791,2.5762,vcgencmd_pmic,vcgencmd pmic_read_adc,0
string_and_text_processing,palindrome_detection,java,5,OK,0.097054116,0.248134473,0.0,2.556661,2.5762,vcgencmd_pmic,vcgencmd pmic_read_adc,0
string_and_text_processing,palindrome_detection,java,6,OK,0.096840541,0.251897064,0.002416462,2.601153,2.5762,vcgencmd_pmic,vcgencmd pmic_read_adc,0
string_and_text_processing,palindrome_detection,java,7,OK,0.100835011,0.267025226,0.007254071,2.64814,2.5762,vcgencmd_pmic,vcgencmd pmic_read_adc,0
string_and_text_processing,palindrome_detection,java,8,OK,0.096844541,0.245352739,0.0,2.53347,2.5762,vcgencmd_pmic,vcgencmd pmic_read_adc,0
string_and_text_processing,palindrome_detection,java,9,OK,0.096843893,0.244651982,0.0,2.526251,2.5762,vcgencmd_pmic,vcgencmd pmic_read_adc,0
string_and_text_processing,palindrome_detection,java,10,OK,0.098423618,0.247786921,0.0,2.517556,2.5762,vcgencmd_pmic,vcgencmd pmic_read_adc,0
