category,algorithm,language,time_s,energy_j,power_w,std_time_s,std_energy_j,std_power_w,n_runs,sem_time_s,sem_energy_j,sem_power_w,cv_time_pct,cv_energy_pct,platform,edp,aei,n_energy,n_time,n_edp,ges,rank_in_category,rank_in_algorithm,rank_in_cat_algo
floating_point,gaussian_elimination,c,0.0062658345,0.4790187999999999,76.6923446,0.0003151168719564,0.0983860190991473,16.8251839135467,10,9.964870445299886e-05,0.0311123910270133,5.32059032180331,5.029128553530094,20.539072599895317,amd,0.0030014525231885996,333.1720199717328,0.019922976766416276,0.0011352485669953946,6.304651503303111e-05,0.010529112666705835,29.0,10.0,10.0
floating_point,gaussian_elimination,cpp,0.0064660236,0.5341994,82.8938483,0.0005335947495623,0.0894157276411705,14.55435472346969,10,0.0001687374756124,0.0282757357987374,4.6024910800194325,8.252285833944883,16.7382680776449,amd,0.00345414592750584,289.50716645665204,0.022245156956355924,0.0011887750118842872,7.259227456586669e-05,0.011716965984120106,33.0,12.0,12.0
floating_point,gaussian_elimination,go,0.0077113141,0.5589434,72.67584339999999,0.0009580621320457,0.092901544328989,10.105729144397236,10,0.0003029658477221,0.0293780478226704,3.195712151303989,12.424109816065954,16.620921604761595,amd,0.00431018812152194,232.00843485385903,0.023286465434695532,0.0015217400600258273,9.064328404846157e-05,0.01240410274736068,34.0,13.0,13.0
floating_point,gaussian_elimination,java,0.0478578113,0.8833496999999999,17.5629409,0.0094789718386699,0.4390914037122693,6.044544389916331,10,0.0029975140886791,0.1388528936731284,1.911452769012852,19.806530180100356,49.70753980131191,amd,0.0422751832545116,23.65453968536683,0.03693854394329489,0.012256087084203886,0.0008911955137664471,0.02459731551374939,43.0,15.0,15.0
floating_point,gaussian_elimination,rust,0.0067479777,0.51946,76.5703483,0.0004822024079045,0.1347271923522164,18.124159618460084,10,0.0001524857902195,0.0426044790592622,5.7313625070782175,7.145880282095515,25.936009000157163,amd,0.0035053044960420003,285.28192090848194,0.02162487477943874,0.0012641637348209873,7.367103424876247e-05,0.011444519257129864,31.0,11.0,11.0
floating_point,matrix_multiplication,c,0.0310081227,1.0149669,32.271104300000005,0.0042978029101104,0.2268878260102457,5.056964654797735,10,0.0013590846130449,0.071748230355637,1.5991526356127976,13.86024865707363,22.35420938458641,amd,0.03147221817163863,31.77405528095747,0.04247742634934565,0.007750827166241804,0.0006633978344999344,0.025114126757793728,44.0,14.0,14.0
floating_point,matrix_multiplication,cpp,0.0066471067999999,0.5219197,78.7537933,0.0005904448794969,0.0995245075011398,14.871130684306234,10,0.0001867150651994,0.0314724126710114,4.70266443444261,8.882734959169884,19.068931006271622,amd,0.0034692559869239077,288.2462417789677,0.021728387003176693,0.0012371929323659668,7.291089417100379e-05,0.01148278996777133,32.0,11.0,11.0
floating_point,matrix_multiplication,go,0.0063969971,0.4337392,67.1479406,0.0005025513544463,0.1070580416065146,13.079785553728922,10,0.0001589206921253,0.0338547253313658,4.136191365635006,7.856050996902384,24.682583821456447,amd,0.00277462840455632,360.4086220547093,0.018017463050936725,0.001170318746542552,5.8263568181890854e-05,0.009593890898739639,25.0,8.0,8.0
floating_point,matrix_multiplication,java,0.0546201319,0.954592,17.0113317,0.0086804705809218,0.3611292948928096,4.710750708991792,10,0.0027450058197798,0.114199110167189,1.48967017296671,15.89243796923511,37.83074809895846,amd,0.0521399409506848,19.179154823858045,0.03993665302050205,0.014064192425188601,0.0010992095999433423,0.027000422722845325,47.0,15.0,15.0
floating_point,matrix_multiplication,rust,0.0061401716,0.4925495,80.0535433,0.0009975585758138,0.148980899236744,19.85803766181625,10,0.0003154557199005,0.0471118969448152,6.279662887274385,16.24642828897295,30.24688873641006,amd,0.0030243384514941998,330.6508236556466,0.020492392892663844,0.001101648894029042,6.352910118561813e-05,0.010797020893346443,30.0,10.0,10.0
floating_point,monte_carlo_pi,c,1.0642375464,7.3288875,6.8800606,0.0069579721561261,1.3783265622315142,1.2385378661917985,10,0.0022003039909391,0.4358651296161398,0.3916600625530937,0.653798785775125,18.80676381280944,amd,7.799677250841631,0.12821043330890314,0.3081878633176252,0.2840151083147178,0.16446834073060926,0.2961014858161715,70.0,10.0,10.0
floating_point,monte_carlo_pi,cpp,1.0608608684,6.801769299999999,6.4114237,0.0013984447294472,0.6751779784526033,0.6349688294496649,10,0.0004422270526911,0.2135100237898314,0.2007947744271941,0.1318216903934277,9.926505129372783,amd,7.21573088625446,0.1385860996984991,0.28600500481669106,0.2831122541189872,0.15215490403534795,0.28455862946783916,68.0,8.0,8.0
floating_point,monte_carlo_pi,go,0.1328342769,1.1775377,8.8478167,0.0013714520475005,0.3276953953628447,2.357383092548178,10,0.0004336912171803,0.1036263828095968,0.745469989002375,1.032453429571491,27.828866571562397,amd,0.15641736890198912,6.393151905186428,0.049318937518536284,0.034977044932514724,0.003298064812837438,0.042147991225525504,51.0,4.0,4.0
floating_point,monte_carlo_pi,java,0.7451384309,7.041326,9.4479345,0.002601429487531,0.6654368957931989,0.8694418779644092,10,0.0008226442352922,0.2104296229818626,0.2749416627501693,0.3491202949214382,9.450448619950262,amd,5.2467626070953735,0.19059371938186537,0.296086334543213,0.1986945727815387,0.11063608016606474,0.24739045366237583,67.0,7.0,7.0
floating_point,monte_carlo_pi,rust,0.007711686,0.6434922000000001,86.4301689,0.0021776992702484,0.0777593227419637,14.02857181002386,10,0.0006886489752871,0.0245896569176735,4.436223923890633,28.238951511360906,12.083957310121828,amd,0.0049624097898492,201.5149982263735,0.026844555568604357,0.001521839498431086,0.00010439641397830217,0.014183197533517721,38.0,3.0,3.0
floating_point,newton_raphson,c,0.4747539125,2.5460763,5.3617844,0.000766429623832,0.5859734493067544,1.2271329685771355,10,0.0002423663277535,0.1853010748194557,0.3880535172587581,0.161437242253814,23.014763905808888,amd,1.2087596849485238,0.8272943021280412,0.10691151944203363,0.12639931783035813,0.02548837419089901,0.11665541863619588,60.0,10.0,10.0
floating_point,newton_raphson,cpp,0.0056927871,0.4660263999999999,80.82989979999999,0.0004311936607731,0.1537351407462414,24.749954483614964,10,0.0001363554080669,0.048615320116468,7.826622815371981,7.574385853516195,32.98850467403595,amd,0.002652989078179439,376.93332710070183,0.019376214065398675,0.00098202748715227,5.5698609761343374e-05,0.010179120776275473,28.0,6.0,6.0
floating_point,newton_raphson,go,0.0600159928,0.6092261,9.7686784,0.0074117022193266,0.3586050822064883,3.892577209525792,10,0.0023437860351997,0.1134008840284423,1.230940995016398,12.349545302075962,58.862396441401366,amd,0.03656330923117208,27.349822021783773,0.02540252596750377,0.015506934567952524,0.000770751576680853,0.020454730267728146,41.0,9.0,9.0
floating_point,newton_raphson,java,0.5205919062000001,2.7327523,5.2479149,0.0011054287006539,0.5545129890353335,1.0552497497802171,10,0.0003495672484986,0.1753524037499628,0.3336992709628253,0.2123407389720885,20.29137397616804,amd,1.4226487290294345,0.7029142047469612,0.11476745629551426,0.13865545387173334,0.02999856444777677,0.1267114550836238,61.0,11.0,11.0
floating_point,newton_raphson,rust,0.0063651092,0.5728205,90.5801716,0.0006383844596578,0.0529562308184787,9.944580832230873,10,0.0002018748915374,0.0167462305683995,3.144752580550235,10.029434524985556,9.244821164479758,amd,0.0036460650344985997,274.26828390007535,0.023870459206307502,0.0011617925784246448,7.663919380002805e-05,0.012516125892366073,35.0,7.0,7.0
floating_point,numerical_integration,c,0.1314027532,1.0537814,8.0188062,0.0003404148144112,0.1107046584859412,0.835726699174078,10,0.0001076486162802,0.0350078868406661,0.2642799870804446,0.2590621627943208,10.505467119266031,amd,0.1384697772309505,7.221792509510024,0.044110867504070554,0.03459428495989287,0.0029196113327306307,0.03935257623198171,48.0,6.0,6.0
floating_point,numerical_integration,cpp,0.1320348318,1.5449032,11.618352,0.0041996100075723,0.5139239531785051,3.3816386479634395,10,0.0013280332908365,0.1625170236161807,1.0693680351216786,3.1806834229422765,33.265770514198245,amd,0.20398103415928176,4.902416561037407,0.06477887971864417,0.03476328976758894,0.0043010202495997185,0.049771084743116555,53.0,10.0,10.0
floating_point,numerical_integration,go,0.0819326948,0.7782695000000001,9.4984869,0.0006196563187756,0.1287913831643596,1.5687996176297374,10,0.0001959525333846,0.040727411380284,0.4960979984111214,0.7562992042288736,16.548429967300475,amd,0.0637657174156486,15.682408048224865,0.03251642532198784,0.021367009575779042,0.0013443575642359097,0.02694171744888344,46.0,5.0,5.0
floating_point,numerical_integration,java,0.1819871578,1.3483188,7.409048200000001,0.0009802418017806,0.0566107967927595,0.3137486121232871,10,0.0003099796751334,0.0179019058022075,0.0992160227026304,0.538632403313821,4.198621037751571,amd,0.2453767062203066,4.075366465723808,0.05650596497449185,0.048119513581527856,0.005173913751970577,0.05231273927800985,56.0,12.0,12.0
floating_point,numerical_integration,rust,0.0068437955999999,0.574839,86.3288213,0.0012717630247819,0.1217532835642089,24.310721837221283,10,0.0004021667802296,0.0385017688667243,7.687725256841244,18.58271490139087,21.180414614215277,amd,0.0039340806189083425,254.18899531283304,0.023955404290510886,0.0012897834690808148,8.271245990963946e-05,0.01262259387979585,36.0,3.0,3.0
integer_and_control_flow_intensive,josephus_problem,c,0.0063449718,0.4343601,67.5991941,0.0008369517524427,0.1220366997909963,13.095926093090789,10,0.0002646673829388,0.0385913929469743,4.141295452339715,13.190787584631908,28.09574355264132,amd,0.00275600258554518,362.844362064408,0.01804359255442044,0.0011564082521486108,5.787081320095488e-05,0.009600000403284526,43.0,11.0,11.0
integer_and_control_flow_intensive,josephus_problem,cpp,0.0062940677,0.4688888999999999,75.3628508,0.0011313582097358,0.0619481710203511,8.447636440311294,10,0.0003577668792295,0.0195897317305946,2.6713771996420737,17.974992702030146,13.211694928233769,amd,0.0029512184803785293,338.843093674223,0.01949667743103265,0.0011427975435572408,6.19872504436777e-05,0.010319737487294946,46.0,12.0,12.0
integer_and_control_flow_intensive,josephus_problem,go,0.0064363898,0.5249698,81.02651230000001,0.0003575728520225,0.1056978788106302,13.36701072026568,10,0.0001130744641833,0.033424604089004,4.227019938392739,5.555487829878001,20.134087486676417,amd,0.0033789102660280405,295.9534054674719,0.02185674519060733,0.0011808515437107029,7.100581113186975e-05,0.011518798367159015,48.0,13.0,13.0
integer_and_control_flow_intensive,josephus_problem,java,0.0443712633,0.8763875000000001,18.8115285,0.0075135034706084,0.4174780562518625,6.855445703765069,10,0.0023759784174702,0.1320181530895783,2.167882279951357,16.93326471191206,47.63624039045085,amd,0.03888642051532875,25.71591796693674,0.036645551788109965,0.011323855911904898,0.0008197380683661526,0.023984703850007432,59.0,15.0,15.0
integer_and_control_flow_intensive,josephus_problem,rust,0.0059791537999999,0.3535248,59.2712417,0.0007806033075676,0.1057713579680246,17.05009588016656,10,0.0002468484400974,0.0334478402387956,5.391713730557963,13.055414422817185,29.919077238152624,amd,0.0021137791513142043,473.08632000569594,0.014641778650479048,0.0010585960485053041,4.4328511919214585e-05,0.007850187349492176,36.0,10.0,10.0
integer_and_control_flow_intensive,knights_tour,c,0.0056477809999999,0.3844376,68.50990529999999,0.0008512885218864,0.0901702965162154,14.797060266445952,10,0.0002692010675119,0.0285143514283986,4.67924131167472,15.072973294935023,23.45511898841723,amd,0.0021712193729655615,460.57068781315695,0.01594269041612796,0.0009699937823635512,4.5539730236441017e-05,0.008456342099245756,38.0,10.0,10.0
integer_and_control_flow_intensive,knights_tour,cpp,0.0059922982,0.4360981,72.5758755,0.0009534798520299,0.0979071842596627,13.104975774921687,10,0.0003015168035494,0.030960970155432,4.144157213008265,15.911755727209234,22.450724793266183,amd,0.00261322985965342,382.66821278883793,0.018116733280873487,0.001062110590516847,5.486022348126214e-05,0.009589421935695168,42.0,13.0,13.0
integer_and_control_flow_intensive,knights_tour,go,0.0061975674,0.4279654,68.5605177,0.0005356261790335,0.0973745219976286,13.641729597931723,10,0.0001693798700159,0.0307925275582675,4.313893675359726,8.64252285555646,22.752895911124742,amd,0.00265234441136796,377.0249428068223,0.017774482656003114,0.0011169953495830853,5.568501593757106e-05,0.009445739002793099,41.0,12.0,12.0
integer_and_control_flow_intensive,knights_tour,java,0.0440812321,0.7841164,16.5976303,0.009338686818178,0.4377110671535631,6.488225482897788,10,0.0029531520700433,0.1384163929268174,2.051757049870287,21.18517648733784,55.82220537072852,amd,0.03456481702181644,28.93115272008601,0.03276248200409275,0.011246307538677489,0.0007286101938446559,0.02200439477138512,58.0,15.0,15.0
integer_and_control_flow_intensive,knights_tour,rust,0.0058847870999999,0.3877759,66.64834590000001,0.0008261520052011,0.1259156881686666,23.16557476524792,10,0.000261252202995,0.0398180367760502,7.325597956510383,14.03877474515855,32.47125160915534,amd,0.0022819786140108513,438.21620144037195,0.016083177002502076,0.0010333643352556984,4.787526477477236e-05,0.008558270668878886,39.0,11.0,11.0
integer_and_control_flow_intensive,producer_consumer_single_thread,c,0.0088258436999999,0.6367317,71.9744349,0.0007655021632298,0.0964560325295646,8.538911671628412,10,0.0002420730389592,0.0305020756856716,2.700240962134156,8.673416267612378,15.148614797969795,amd,0.005619694463035226,177.94561725334347,0.026560051609348982,0.0018197423349320745,0.00011825630540816561,0.014189896972140528,51.0,12.0,12.0
integer_and_control_flow_intensive,producer_consumer_single_thread,cpp,0.0082489023999999,0.5807349,70.41272649999999,0.0009518115552533,0.0725264939980938,3.753957523129933,10,0.0003009892417867,0.0229348911740508,1.187105601261481,11.538644889935428,12.48874383097931,amd,0.004790425510373703,208.7497233459726,0.02420352305293582,0.0016654801063762936,0.00010076985224878645,0.012934501579656057,49.0,10.0,10.0
integer_and_control_flow_intensive,producer_consumer_single_thread,go,0.0089147827,0.6450411,72.5710429,0.0004677235369826,0.0407477897926855,6.46741067467068,10,0.0001479071692135,0.0128855825362646,2.0451748295645595,5.246606145348404,6.317084259078309,amd,0.005750401239068971,173.90090854980178,0.02690973834835299,0.001843522792918941,0.0001210124654083585,0.014376630570635967,52.0,13.0,13.0
integer_and_control_flow_intensive,producer_consumer_single_thread,java,0.0551269752,0.9717103,16.6791911,0.0110512677169897,0.5005809121726144,5.639005330922968,10,0.0034947177017976,0.1582975835670168,1.78321005835481,20.04693287976683,51.51544778033272,amd,0.053567449609684556,18.668053216765582,0.04065704709279275,0.014199711891357113,0.0011293108876137563,0.027428379492074932,62.0,15.0,15.0
integer_and_control_flow_intensive,producer_consumer_single_thread,rust,0.0075203807,0.596252,79.6129251,0.0007300365735982,0.0736944057714016,10.105787481612891,10,0.0002308578347795,0.0233042173050287,3.195730599151372,9.70744172031455,12.359607308889805,amd,0.0044840420331364,223.01307450067364,0.02485653339036079,0.0014706883988087635,9.430926994153521e-05,0.013163610894584777,50.0,11.0,11.0
integer_and_control_flow_intensive,sudoku_solver,c,0.0062395136999999,0.4471418,71.969555,0.0008107147129486,0.0677625999989833,9.741016822853464,10,0.0002563705025527,0.021428415617171,3.080379988623388,12.993235561749126,15.154610908437409,amd,0.002789947386942615,358.429698237377,0.01858148831006194,0.0011282109268309854,5.8586593259686864e-05,0.009854849618446463,45.0,12.0,12.0
integer_and_control_flow_intensive,sudoku_solver,cpp,0.0064841639,0.4366946,68.33669019999999,0.0006536815395619,0.0964615939258268,17.726394277037855,10,0.0002067122529421,0.0305038343535876,5.605578061761341,10.081200130705584,22.089028333720368,amd,0.00283159936064494,353.1573053372334,0.018141835952524377,0.00119362535472622,5.946489128929931e-05,0.009667730653625299,44.0,11.0,11.0
integer_and_control_flow_intensive,sudoku_solver,go,0.0067182014,0.4188047,63.219417,0.0006802606118841,0.0986128025405423,16.92952503028807,10,0.0002151172936053,0.0311841062480552,5.353585880054136,10.125635886475544,23.54625020696816,amd,0.0028136143218665797,355.41473905229134,0.0173889704276841,0.0012562021650804511,5.9085648177449954e-05,0.009322586296382275,40.0,10.0,10.0
integer_and_control_flow_intensive,sudoku_solver,java,0.0516609024999999,0.7250159,13.5804547,0.0094170436038395,0.3685306205268129,5.459938001186603,10,0.0029779306613253,0.116539614837993,1.7265839967056789,18.22856966898628,50.83069495811235,amd,0.03745497572084968,26.69872241949793,0.030275339596878476,0.013272955392839207,0.0007895537810266119,0.021774147494858842,57.0,15.0,15.0
integer_and_control_flow_intensive,sudoku_solver,rust,0.0064082975,0.4712477,73.5939278,0.0004886470248249,0.0925443793191497,14.105464609472156,10,0.0001545237570311,0.0292651023295095,4.460539562082949,7.625223779404007,19.63816042373252,amd,0.00301989545779075,331.13729067017607,0.019595943452642237,0.001173340240908741,6.343541360569194e-05,0.01038464184677549,47.0,13.0,13.0
integer_and_control_flow_intensive,towers_of_hanoi,c,0.0796693397999999,0.8400734999999999,10.5398321,0.0019420071840528,0.091604487127178,1.0794270036090083,10,0.0006141165934016,0.0289678823213457,0.3413447899295259,2.437584130768584,10.904341956647611,amd,0.06692810112847522,14.941407019458081,0.035117339854613974,0.020761835034949872,0.001411041448262733,0.02793958744478192,63.0,3.0,3.0
integer_and_control_flow_intensive,towers_of_hanoi,cpp,0.0818004114999999,0.9057759,11.052652,0.0023281925746985,0.1833460130714903,2.0332199346772866,10,0.0007362391367539,0.0579791001216913,0.6429605977638995,2.8461868736425457,20.24187363248352,amd,0.07409284134678276,13.496580530899315,0.03788231181417025,0.021331639744119,0.0015621213769450404,0.029606975779144624,64.0,4.0,4.0
integer_and_control_flow_intensive,towers_of_hanoi,go,0.4358193437,4.0633809,9.3239495,0.0025926948675582,0.2221225735801693,0.5155676301185478,10,0.0008198821059312,0.0702413252251676,0.1630367999029837,0.5949012830745266,5.466447252832469,amd,1.7708999970411154,0.5646846245811941,0.17076466138366345,0.11598901551546684,0.0373419956304298,0.14337683844956514,72.0,12.0,12.0
integer_and_control_flow_intensive,towers_of_hanoi,java,0.5425239871,3.7042533,6.8257267,0.0018832263422418,0.4857119022262406,0.874329019553731,10,0.0005955284591111,0.1535955897687928,0.2764871126171685,0.3471231479198518,13.112275616417502,amd,2.0096462695443327,0.4976000080983108,0.1556513969686232,0.1445196408808791,0.04237634003426267,0.15008551892475114,74.0,14.0,14.0
integer_and_control_flow_intensive,towers_of_hanoi,rust,0.2666938678,2.1439183,8.0328308,0.0036420575818185,0.3947815044820644,1.4325042075875225,10,0.0011517197328031,0.1248408732271295,0.4529976053751228,1.3656322928841482,18.414018131290938,amd,0.5717698636742008,1.7489554163872623,0.08998739500653007,0.07076834433472276,0.012056431951936224,0.0803778696706264,68.0,8.0,8.0
memory_intensive_and_allocation_heavy,crc_32,c,0.0056889623,0.4016362,71.0382979,0.0003393856303594,0.0868205772726463,15.792007522544536,10,0.0001073231597067,0.0274550771952212,4.993871259775358,5.965686050677678,21.61672112041852,amd,0.00228489320011526,437.6572173918482,0.016666463775147182,0.0009810048143573426,4.793672345259955e-05,0.008823734294752262,50.0,11.0,11.0
memory_intensive_and_allocation_heavy,crc_32,cpp,0.0065153257,0.3857451,59.6424111,0.0007155316192404,0.1009703872544927,16.39765785109635,10,0.0002262709654668,0.0319296399953432,5.185394710160662,10.982284726617392,26.175416681765423,amd,0.00251325496367907,397.89039092799936,0.015997714294055096,0.001201957378649294,5.275209398966785e-05,0.008599835836352194,47.0,9.0,9.0
memory_intensive_and_allocation_heavy,crc_32,go,0.0067515222,0.4864862,72.25589,0.0006000531642503,0.0648110853854836,9.147583190170362,10,0.0001897534716222,0.020495064744578,2.892719796680753,8.887672238570723,13.322286507918127,amd,0.00328452237929364,304.45826958105766,0.020237229390533365,0.0012651114611652722,6.901549260505575e-05,0.010751170425849318,65.0,13.0,13.0
memory_intensive_and_allocation_heavy,crc_32,java,0.051049504,0.9177303,17.411293399999998,0.0080309271468353,0.3505062065492802,4.301709263096968,10,0.0025396021506877,0.1108397946721152,1.3603199103230923,15.731645790006835,38.19272465443064,amd,0.046849676620771205,21.34486451410513,0.038385392079020836,0.01310948001822892,0.0009876559729700112,0.025747436048624877,71.0,15.0,15.0
memory_intensive_and_allocation_heavy,crc_32,rust,0.0065445832999999,0.3855942,58.8238206,0.0023764691399284,0.1583642981088575,17.08800996204762,10,0.0007515055271275,0.0500791882077885,5.403703215971791,36.31200079504593,41.07019714219186,amd,0.002523553361896821,396.2666354114078,0.015991363928334862,0.001209780258686099,5.296925207507954e-05,0.00860057209351048,48.0,10.0,10.0
memory_intensive_and_allocation_heavy,huffman_coding,c,0.0056206591,0.3618481,65.0938716,0.0006497643983967,0.0951031384263655,17.869337157039695,10,0.0002054735441422,0.0300742530057596,5.650780569372336,11.560288336945044,26.28261373387495,amd,0.0020338248160827097,491.68443225413614,0.014992050346961593,0.000962741944548072,4.264254775351467e-05,0.007977396145754833,43.0,9.0,9.0
memory_intensive_and_allocation_heavy,huffman_coding,cpp,0.0067204838,0.4092774,60.826420600000006,0.0008480192437224,0.0986040524163856,13.7016045243155,10,0.0002681672309816,0.0311813392158408,4.332827789570489,12.618425532435626,24.09222996832605,amd,0.00275054213640612,363.5646903074199,0.01698803047190957,0.001256812431862281,5.775567095694237e-05,0.009122421451885927,55.0,10.0,10.0
memory_intensive_and_allocation_heavy,huffman_coding,go,0.0065694883999999,0.4254263,65.2382902,0.00058980027748,0.0559308251266191,9.806541216934129,10,0.0001865112241436,0.0176868798812691,3.1011006213831225,8.977872272064559,13.147006926139523,amd,0.002794833142904877,357.80311341256885,0.017667629020481287,0.0012164393698095434,5.868961718516731e-05,0.009442034195145416,57.0,12.0,12.0
memory_intensive_and_allocation_heavy,huffman_coding,java,0.057732146,0.7647033999999999,13.2847791,0.0018032217635918,0.2150923944975998,3.872435730253576,10,0.0005702287899335,0.0680181873991883,1.2245717000218708,3.123427567705279,28.127558279144544,amd,0.0441479683354964,22.651098967921648,0.03194551944791724,0.014896280941581887,0.0009306861621153567,0.02342090019474956,68.0,14.0,14.0
memory_intensive_and_allocation_heavy,huffman_coding,rust,0.0061967524,0.4161543,68.1572956,0.0006996884460606,0.0752117839423377,16.024739317034996,10,0.0002212609142055,0.0237840544142265,5.067467515228166,11.29121192676038,18.073052217011263,amd,0.00257880515729532,387.7764852342747,0.017277432924006794,0.0011167774353580628,5.413432394845257e-05,0.009197105179682427,56.0,11.0,11.0
memory_intensive_and_allocation_heavy,priority_queue,c,0.0054370921,0.3729299,67.6350904,0.0005019732145506,0.1380683206905995,22.13143691112695,10,0.0001587378682376,0.0436610366096846,6.998574853148264,9.232383879439146,37.022593439303066,amd,0.0020276542131437898,493.1807373849723,0.015458408748807044,0.0009136599070699108,4.251243078855386e-05,0.008186034327938477,45.0,10.0,10.0
memory_intensive_and_allocation_heavy,priority_queue,cpp,0.0066324862,0.4072739,61.2470954,0.0006632427640667,0.0981328137480017,14.173769563900471,10,0.0002097357776076,0.031032320464477,4.482139485229697,9.99991170832299,24.095041137672148,amd,0.00270123852137018,370.200555074551,0.01690371663678375,0.0012332836848587987,5.671602591518965e-05,0.009068500160821275,54.0,13.0,13.0
memory_intensive_and_allocation_heavy,priority_queue,go,0.0060902436,0.3334146,55.6776753,0.0007814523975592,0.0941822185107146,18.11522071409348,10,0.0002471169459286,0.0297830325581529,5.728535777319729,12.831217417301428,28.247778744756424,amd,0.00203057613379656,492.4710693463653,0.013795475637178645,0.001088299174486806,4.257404412698417e-05,0.007441887405832725,42.0,9.0,9.0
memory_intensive_and_allocation_heavy,priority_queue,java,0.0561887508999999,0.8879423,15.1615244,0.0090851520834844,0.4499806127922624,5.614394989796797,10,0.0028729773472835,0.1422963639341849,1.7754275851595689,16.168987453829402,50.676785281235325,amd,0.049892368708272974,20.043145392577514,0.0371318155775344,0.014483608859226041,0.0010518159689468895,0.02580771221838022,72.0,15.0,15.0
memory_intensive_and_allocation_heavy,priority_queue,rust,0.0058845346,0.3852981,65.218994,0.0006990511654067,0.1091341124594973,16.794341420004294,10,0.000221059388368,0.0345112365792972,5.310837068972007,11.879463932571948,28.32459139027609,amd,0.0022673000007642596,441.0532349768098,0.015978903071543867,0.0010332968219528807,4.756574289751243e-05,0.008506099946748374,46.0,11.0,11.0
memory_intensive_and_allocation_heavy,tree_traversal,c,0.0055568924,0.4051612,72.2316059,0.0005984628385337,0.1218618712466427,18.61348728930013,10,0.0001892505664736,0.0385361073069573,5.88610150327819,10.769739549639423,30.07737938545021,amd,0.00225143719305488,444.1607356779703,0.0168148073083733,0.0009456920414649543,4.723125039891346e-05,0.008880249674919127,51.0,10.0,10.0
memory_intensive_and_allocation_heavy,tree_traversal,cpp,0.0071606556,0.42362,59.61742460000001,0.0005780238383152,0.0938424051600459,14.868651564011891,10,0.0001827871870949,0.0296755741414083,4.701880467770244,8.072219508996701,22.15249637884093,amd,0.003033396925272,329.66341848267405,0.017591614006561757,0.0013745053112165751,6.37201134945953e-05,0.009483059658889166,58.0,12.0,12.0
memory_intensive_and_allocation_heavy,tree_traversal,go,0.0066007093,0.4319463,65.0978024,0.0006176537817972,0.1009977072292567,13.239250043539434,10,0.0001953192755895,0.0319382793299305,4.1866184650068,9.357384997961638,23.382005408833635,amd,0.00285115195951059,350.7354270137371,0.017942011952859813,0.0012247871958562015,5.9877188895656064e-05,0.009583399574358007,60.0,13.0,13.0
memory_intensive_and_allocation_heavy,tree_traversal,java,0.0523782861,0.9456589,17.2068468,0.0098933123415344,0.4436866003189013,5.455950579086018,10,0.0031285400602702,0.1403060224304518,1.7253230631226446,18.88819409372468,46.9182493094393,amd,0.04953199241721128,20.18897183817952,0.03956071894485318,0.013464769001720013,0.0010442168623926457,0.0265127439732866,74.0,15.0,15.0
memory_intensive_and_allocation_heavy,tree_traversal,rust,0.0062449637,0.409659,66.3360582,0.0008014227272948,0.1327178283050171,23.264897723811647,10,0.0002534321186875,0.0419690623555018,7.357006633811174,12.833104655113148,32.397146969801014,amd,0.0025583055843783,390.883718546474,0.017004089448442648,0.001129668144654782,5.370205788995579e-05,0.009066878796548715,53.0,11.0,11.0
memory_intensive_and_allocation_heavy,word_frequency_counter,c,0.006598984,0.4036806,62.8304264,0.00118363981442,0.0830581269328896,16.786473343335615,10,0.0003742997742826,0.0262652859295306,5.308348964664222,17.936697746501647,20.575208948086576,amd,0.0026638818205104,375.392028392761,0.016752498816091147,0.0012243258861476965,5.592830053649685e-05,0.008988412351119421,52.0,10.0,10.0
memory_intensive_and_allocation_heavy,word_frequency_counter,cpp,0.0064346152,0.3570936999999999,55.0611297,0.0006440933460077,0.1120141014783902,15.90642666624994,10,0.0002036801999143,0.0354219690728947,5.030053769978877,10.009819173146363,31.36826594207353,amd,0.0022977605498442394,435.2063578025082,0.014791969639338818,0.0011803770521969302,4.820805196140119e-05,0.007986173345767874,44.0,9.0,9.0
memory_intensive_and_allocation_heavy,word_frequency_counter,go,0.0083738966,0.4647235,55.661864,0.0008465345012555,0.0970075776905541,12.119902038049576,10,0.0002676977141882,0.0306764895797887,3.832649545835338,10.109206522272878,20.874256991642152,amd,0.0038915465365901,256.96724697945734,0.019321383770521994,0.0016989009827263874,8.181556121863216e-05,0.01051014237662419,63.0,12.0,12.0
memory_intensive_and_allocation_heavy,word_frequency_counter,java,0.0581708118999999,0.8336515,13.9085327,0.0099268301169371,0.3863161418582943,4.443784931207905,10,0.0031391393115077,0.1221638905160922,1.4052481814551636,17.06496745137776,46.34024431771482,amd,0.048494184596652765,20.62102927015755,0.0348470810828755,0.015013571174271784,0.0010223330359399737,0.02493032612857364,70.0,14.0,14.0
memory_intensive_and_allocation_heavy,word_frequency_counter,rust,0.0071547264,0.4263086,60.1211313,0.0013071794300584,0.1071874982927891,14.503536471228252,10,0.0004133664309505,0.0338956631300623,4.586420937640242,18.270152581355063,25.14317053251778,amd,0.00305012139496704,327.855803264121,0.017704759091223245,0.0013729199651760801,6.407277550491073e-05,0.009538839528199663,59.0,11.0,11.0
string_and_text_processing,anagram_checker,c,0.2257922231999999,1.56743,6.947046500000001,0.0042283313096883,0.4049818516833673,1.8231199246429333,10,0.0013371157640417,0.1280665062351936,0.5765211409506207,1.8726647223553805,25.83731660637906,amd,0.35391350441037583,2.8255491455914123,0.06572688116666635,0.059832086438828445,0.0074625845523523865,0.0627794838027474,61.0,2.0,2.0
string_and_text_processing,anagram_checker,cpp,0.3111765022,2.3759558,7.6370852,0.0013990459222404,0.4346770073869154,1.408588373022028,10,0.000442417166545,0.1374569389848488,0.4454347544380483,0.4495988329289971,18.294827175948114,amd,0.7393416152258027,1.352554731677845,0.0997522921954537,0.0826620851963599,0.015589948520882486,0.0912071886959068,63.0,3.0,3.0
string_and_text_processing,anagram_checker,go,0.9346164938,7.4631027,7.984807000000001,0.0061265880108901,0.3957533281081509,0.4128231103236991,10,0.0019373972399893,0.1251481908413692,0.130546129937786,0.655518926910907,5.302798903037351,amd,6.975138878343314,0.1433663210785436,0.31383607806390895,0.24935710681296694,0.14708163936849092,0.28159659243843793,73.0,13.0,13.0
string_and_text_processing,anagram_checker,java,0.4520832416,5.065331,11.1922866,0.0105755693157503,0.461667632738339,0.7947782185638962,10,0.0033442886590759,0.1459921241431269,0.251330940535303,2.3392969131794463,9.114263860315132,amd,2.2899512582569694,0.4366905174921343,0.21292999980927038,0.12033764705745854,0.04828701598533068,0.16663382343336447,71.0,11.0,11.0
string_and_text_processing,anagram_checker,rust,0.2831860103,2.7514522,9.7164948,0.0019313591395851,0.3990333343273466,1.414392376652627,10,0.0006107493860871,0.1261854198805868,0.4472701415401062,0.6820107877289106,14.50264461535427,amd,0.7791727710491577,1.283412404996517,0.11555440927054267,0.07517800378484275,0.016429851713150336,0.0953662065276927,64.0,4.0,4.0
string_and_text_processing,command_line_argument_parser,c,0.0052708639,0.3670496,69.38302,0.0005494678190947,0.1233052952599991,22.07331591162361,10,0.0001737569809304,0.0389925580581161,6.9801953793166565,10.42462544128247,33.5936329204552,amd,0.0019346684861494398,516.8844208499486,0.015210946485422773,0.0008692139078307922,4.055167902718749e-05,0.008040080196626782,24.0,11.0,11.0
string_and_text_processing,command_line_argument_parser,cpp,0.0060891476,0.3883998999999999,63.072440400000005,0.0006872612744421,0.1248777832544461,17.89956707675559,10,0.0002173310974867,0.0394898224236884,5.660340109350963,11.286658159544876,32.15185772561893,amd,0.0023650243189252394,422.82863309178975,0.016109436964128483,0.0010880061266455487,4.962641538087227e-05,0.008598721545387015,28.0,13.0,13.0
string_and_text_processing,command_line_argument_parser,go,0.006389427,0.3647928,56.35408700000001,0.0007761954785307,0.1255478288584341,16.75760445104298,10,0.0002454545621681,0.0397017094481669,5.299219819347141,12.148123431580553,34.41620252878734,amd,0.0023308169657255996,429.0341175239786,0.015115972957540587,0.0011682946576163646,4.890509900032765e-05,0.008142133807578476,25.0,12.0,12.0
string_and_text_processing,command_line_argument_parser,java,0.0439062696,0.804832,16.913098299999998,0.0096882174897654,0.4823113351242466,7.252276843209587,10,0.0030636833734737,0.1525202360309389,2.293371304663813,22.065681229647144,59.92695806382532,amd,0.035337170774707195,28.298813348004543,0.03363426223016339,0.01119952616739467,0.0007448964996071573,0.02241689419877903,44.0,15.0,15.0
string_and_text_processing,command_line_argument_parser,rust,0.0054473796999999,0.3538711,64.9192857,0.000461590538723,0.0946876325462365,17.011052989261106,10,0.0001459677448749,0.0299428585095196,5.379367284388092,8.473625194937226,26.757661913119364,amd,0.0019276702465566345,518.7609248969234,0.01465635208751627,0.0009164105995623273,4.04041100286799e-05,0.007786381343539299,22.0,10.0,10.0
string_and_text_processing,longest_common_subsequence,c,0.0126043903,0.5986551999999999,47.7044128,0.0006972483534636,0.0864417405755652,7.817692985674593,10,0.0002204892891747,0.027335278512818,2.4721715882653803,5.5317896135258735,14.439320092027147,amd,0.00754568379592456,132.52609399562994,0.02495766790923994,0.002830047922723908,0.00015886884992335817,0.013893857915981925,37.0,12.0,12.0
string_and_text_processing,longest_common_subsequence,cpp,0.0119526295,0.5018403,41.9058555,0.0004696660771075,0.1029382898235097,8.066687320424375,10,0.0001485214543376,0.0325519454284822,2.5509105104941523,3.929395428073527,20.512160905274,amd,0.005998311174068851,166.71359170612473,0.020883380154648877,0.0026557804998625207,0.00012624004019239787,0.011769580327255698,32.0,10.0,10.0
string_and_text_processing,longest_common_subsequence,go,0.0144990772,0.6426561,44.2195692,0.0020182759286542,0.1293888446990097,6.014378576983305,10,0.0006382348881238,0.0409163453066674,1.9019135013789592,13.920030225469956,20.13345002078245,amd,0.00931792040695092,107.32008391636687,0.026809369745021273,0.003336648201832795,0.00019623927406209755,0.015073008973427034,38.0,13.0,13.0
string_and_text_processing,longest_common_subsequence,java,0.0653365481,0.7429578,11.358831,0.0017821872548507,0.11602105649292,1.6301514237428645,10,0.0005635770942251,0.0366890795056694,0.5154991429993737,2.727703416658944,15.616103161299336,amd,0.04854229803597018,20.60059042237747,0.031030393451854283,0.016929541543276135,0.001023347584236109,0.02397996749756521,45.0,14.0,14.0
string_and_text_processing,longest_common_subsequence,rust,0.0111404995,0.5136499,45.8976345,0.0010727549256242,0.1642524765694907,13.23326564479716,10,0.0003392348936137,0.051941193728303,4.184726031961576,9.629325198787416,31.977515535287903,amd,0.00572231645412505,174.7544037483508,0.02138036676173744,0.0024386336537674212,0.00012042025310517637,0.01190950020775243,33.0,11.0,11.0
string_and_text_processing,palindrome_detection,c,0.0409683289,1.1693244,28.213996,0.0027489072910479,0.283326920673,6.102432128642007,10,0.0008692808116355,0.0895958391768526,1.9297584793098383,6.709835047843472,24.22996737885569,amd,0.04790526660999517,20.874531565415722,0.04897329498195583,0.010413981295244368,0.001009914764695943,0.029693638138600098,49.0,6.0,6.0
string_and_text_processing,palindrome_detection,cpp,0.0768714579999999,0.8661521999999999,11.2595722,0.0013768833010181,0.1729876396880553,2.1794007300566105,10,0.0004354087303468,0.0547034948470794,0.6891870241212675,1.791150235524564,19.9719679391284,amd,0.06658238246390752,15.018987951385977,0.03621481687587469,0.02001373902985601,0.001403751421046733,0.02811427795286535,47.0,5.0,5.0
string_and_text_processing,palindrome_detection,go,0.1022030824,1.1163211,10.9129104,0.0035029938323703,0.1762606269574499,1.618910507366482,10,0.0011077439139812,0.0557385042994816,0.5119444531256883,3.427483545614064,15.789419993714176,amd,0.11409145736815864,8.76489811829756,0.04674274269978731,0.026786893998796548,0.002405555733498438,0.036764818349291926,53.0,9.0,9.0
string_and_text_processing,palindrome_detection,java,0.0738006057,0.8276622,11.2344658,0.0027615975738333,0.1654235584860203,2.350555808910206,10,0.0008732938314108,0.0523115223465899,0.7433110123495758,3.741971421019579,19.98684469171364,amd,0.06108197167499454,16.37144271178423,0.03459503174286097,0.019192656331557877,0.0012877665221680593,0.026893844037209423,46.0,4.0,4.0
string_and_text_processing,palindrome_detection,rust,0.1302511231,1.4266732000000002,10.9537389,0.0012282409611319,0.3368146093970522,2.574659965125296,10,0.0003884038952691,0.1065101314914637,0.8141789690245621,0.9429791712344464,23.608392545472377,amd,0.18582578659667096,5.381384458608367,0.059803374489332345,0.03428636277491857,0.003918188015158034,0.04704486863212545,57.0,12.0,12.0
string_and_text_processing,sha1_pure_implementation,c,0.0123985553,0.5932626,47.9354549,0.0009329645136067,0.0600520992365055,4.780950633125951,10,0.0002950292839108,0.0189901411861816,1.5118693381502062,7.524784065824158,10.122347041007735,amd,0.0073555991535217795,135.95085582133865,0.024730729657530672,0.0027750118803834146,0.0001548606132891208,0.013752870768957044,36.0,11.0,11.0
string_and_text_processing,sha1_pure_implementation,cpp,0.0129071124,0.5824192,45.081282,0.0006954432411496,0.0842578992720168,5.652920731115573,10,0.0002199184625402,0.0266446872560616,1.787610494270948,5.38806217531379,14.46688214811888,amd,0.00751735007831808,133.0255993909676,0.02427440390769121,0.002910989581397132,0.00015827138847955682,0.01359269674454417,35.0,10.0,10.0
string_and_text_processing,sha1_pure_implementation,go,0.0144239019999999,0.6746537,46.9491956,0.0013745498558183,0.0543813075361786,3.740508603415501,10,0.0004346708301842,0.0171968793952404,1.1828526794248462,9.529667185885913,8.060625404734116,amd,0.009731138852737332,102.76289498414708,0.02815593344395918,0.0033165479006684617,0.0002049526413883971,0.01573624067231382,40.0,12.0,12.0
string_and_text_processing,sha1_pure_implementation,java,0.0788211385999999,0.8872527,11.2599189,0.0042351753758193,0.084652191971423,0.920719908009361,10,0.0013392800477848,0.0267693735555516,0.2911571996370287,5.373146659694871,9.540933712731793,amd,0.06993426803992413,14.299141580049415,0.037102794953275474,0.020535043492420867,0.001474431252882348,0.02881891922284817,48.0,14.0,14.0
string_and_text_processing,sha1_pure_implementation,rust,0.0103769465,0.5298984,50.8289837,0.0010684157824563,0.1038183087494686,6.708716634716774,10,0.0003378627360633,0.0328302318474908,2.121482474236484,10.296051757194263,19.592115913063463,amd,0.0054987273472356,181.86026272110664,0.022064156804184137,0.0022344752976219133,0.00011570552161544506,0.012149316050903025,34.0,9.0,9.0
floating_point,gaussian_elimination,c,0.0022729296,0.0061816494,2.7198355,3.92379064375254e-05,0.0001111591014239,0.0337047579372869,10,1.240811549591636e-05,3.515159431573163e-05,0.0106583803066465,1.7263141998557896,1.7982110312490374,arm,1.405045389808224e-05,71172.07794521791,2.4442422990707186e-05,6.762798187642712e-05,5.2396918249812426e-08,4.603520243356716e-05,5.0,2.0,2.0
floating_point,gaussian_elimination,cpp,0.002267985,0.0061195925999999,2.6981712,2.6827571306814657e-05,0.000185654206084,0.0724558601445658,10,8.48362294201142e-06,5.870901484159914e-05,0.0229125547883445,1.182881337699088,3.0337674126229066,arm,1.3879144222910773e-05,72050.55181639125,2.183086980695638e-05,6.630589761011283e-05,4.878458162365513e-08,4.4068383708534604e-05,3.0,1.0,1.0
floating_point,gaussian_elimination,go,0.0028063823,0.0075806633,2.7012079,4.227270101784874e-05,0.0001988671960681,0.0573952136127705,10,1.3367801806372015e-05,6.288732914666607e-05,0.0181499601808256,1.50630585924978,2.623348224266311,arm,2.127423930737959e-05,47005.20594657036,8.331750524842467e-05,0.00021026225390912518,2.0472190857733902e-07,0.00014678987957877492,10.0,4.0,4.0
floating_point,gaussian_elimination,java,0.0350582979,0.0956953097,2.7301302,0.0014285110327762,0.0047464278884533,0.0913698415851143,10,0.0004517348526252,0.0015009522877256,0.028893680885773,4.074673096939588,4.959937852056905,arm,0.0033549146750953595,298.07017371360604,0.003791470122538138,0.008833760650797953,7.049982598009329e-05,0.006312615386668045,23.0,9.0,9.0
floating_point,gaussian_elimination,rust,0.0024630725,0.0066730826,2.7093404,2.3592862311630453e-05,0.0001018099340516,0.0395459707434834,10,7.460718142749749e-06,3.219512800347284e-05,0.0125055339831789,0.957863088140136,1.5256807109152757,arm,1.6436286242288498e-05,60840.99444722043,4.512353993613089e-05,0.00011846827966418988,1.0270598311856909e-07,8.179590980016038e-05,8.0,3.0,3.0
floating_point,matrix_multiplication,c,0.0553349554,0.1396959138,2.5244758000000003,0.0006911942406511,0.0037743898595556,0.0566513017753735,10,0.0002185748106048,0.0011935668733639,0.017914714602372,1.249109601073593,2.701861319264797,arm,0.0077300671596852435,129.36498213305543,0.005643159505879333,0.014255321516023396,0.00016275686604095419,0.009949240510951364,27.0,9.0,9.0
floating_point,matrix_multiplication,cpp,0.0028025767,0.0076355815999999,2.72441,2.9423294026067924e-05,0.0002235191768065,0.0711208832919151,10,9.304462538720032e-06,7.068296994345013e-05,0.0224903980405465,1.0498657905087103,2.9273366262829983,arm,2.1399303083108442e-05,46730.49379768591,8.562864699615721e-05,0.0002092447147990079,2.0735907695220557e-07,0.00014743668089758257,11.0,3.0,3.0
floating_point,matrix_multiplication,go,0.0026034707,0.0070357775,2.7024616000000004,4.646243532874464e-05,0.0001304228287176,0.0138301799152754,10,1.4692712127710722e-05,4.124331976298977e-05,0.0043734868982185,1.7846344623254118,1.85370882916186,arm,1.831744057296925e-05,54592.77981639443,6.038692800679596e-05,0.00015600786855689047,1.4237311039185865e-07,0.00010819739828184322,9.0,2.0,2.0
floating_point,matrix_multiplication,java,0.0429686714,0.1157659028,2.6940228,0.000237149498131,0.0033257120978455,0.0692236637875934,10,7.499325600600511e-05,0.0010516825071168,0.0218904445550513,0.5519125688654133,2.8727907072872365,arm,0.00497430703673754,201.03302683460052,0.004636106347899214,0.01094883170710575,0.00010464728632770199,0.007792469027502482,24.0,7.0,7.0
floating_point,matrix_multiplication,rust,0.0022723592,0.0062668546999999,2.7597956,0.0001536364869321,0.0004139191586841,0.1096453531306983,10,4.8584123041220415e-05,0.0001308927308622,0.034672905074648,6.761100398745196,6.604894775749997,arm,1.4240544932608012e-05,70222.03186271328,2.8028140792572903e-05,6.747546865685304e-05,5.640528967211692e-08,4.775180472471297e-05,6.0,1.0,1.0
floating_point,monte_carlo_pi,c,3.7420236646,9.4397474866,2.5226317000000003,9.435660018619292e-05,0.1914809489722206,0.0511653697643457,10,2.9838176885823745e-05,0.0605515927282694,0.0161799105780045,0.0025215393766431,2.0284541429104275,arm,35.32375848270557,0.028309558296000625,0.39701975794397554,1.0,0.7448573154669923,0.6985098789719878,74.0,14.0,14.0
floating_point,monte_carlo_pi,cpp,3.7420053767,9.3925700882,2.5100358,8.513634881893202e-05,0.2224809153643386,0.0594214008283208,10,2.692247739384113e-05,0.070354642847046,0.018790696837531,0.0022751530328909,2.368690499779652,arm,35.14704777107599,0.02845189179225866,0.39503437866253654,0.9999951101919561,0.7411310894075771,0.6975147444272463,73.0,13.0,13.0
floating_point,monte_carlo_pi,go,0.2805612255999999,0.7125893772999999,2.5398712,0.0001100237214959,0.0311547082981746,0.1110617884721033,10,3.479255565751972e-05,0.009851983806038,0.0351208212583678,0.03921558342948,4.372042201389504,arm,0.19992494904482874,5.001876978224324,0.029752390864103268,0.07447619038146683,0.004215491251876241,0.052114290622785046,55.0,5.0,5.0
floating_point,monte_carlo_pi,java,1.5788577205999998,4.0328372609,2.5542683,0.0009579060996504,0.1201795676492328,0.0758449505534519,10,0.0003029165059463,0.0380041161985863,0.0239842792771756,0.0606708310161378,2.9800252247821324,arm,6.367276245295321,0.15705302573276667,0.16947928511652088,0.42161395057450435,0.13426389016177595,0.2955466178455126,69.0,9.0,9.0
floating_point,monte_carlo_pi,rust,0.0022239685,0.0060513863,2.7215337,3.900963742817652e-05,0.0001161673167901,0.0622999895881032,10,1.2335930497039086e-05,3.6735331072733376e-05,0.0197009865303181,1.754055303758867,1.9196810620104363,arm,1.345809251253155e-05,74304.73516724948,1.8960525543051184e-05,5.4536791492687086e-05,3.990603747028688e-08,3.6748658517869135e-05,2.0,1.0,1.0
floating_point,newton_raphson,c,0.7472084208,1.8815470027,2.5181041,9.894520525333696e-05,0.0405952115830856,0.0544330471220276,10,3.128922121534024e-05,0.0128373330699,0.017213240888888,0.0132419820894685,2.157544378366947,arm,1.4059077645484406,0.7112842145239785,0.07894595237997606,0.199248045474622,0.02964555461869757,0.13909699892729904,62.0,12.0,12.0
floating_point,newton_raphson,cpp,0.0020763569,0.0056008385,2.6973871000000003,4.437329169031005e-05,0.0001259181980363,0.0079503734426614,10,1.4032066902040266e-05,3.981883046590176e-05,0.0025141288327724,2.137074396521622,2.2482026224529275,arm,1.162933966526065e-05,85989.40514113764,0.0,1.5068487911916373e-05,1.3438787143733088e-09,7.534243955958187e-06,1.0,1.0,1.0
floating_point,newton_raphson,go,0.0545183396999999,0.1377418372,2.5265112,0.0002151961485059,0.0038895416908918,0.0699542320851442,10,6.805099729745977e-05,0.00122998107974,0.0221214705357085,0.3947224909821232,2.823791064471032,arm,0.007509456271371682,133.16543353642024,0.005560925569130827,0.014036975286076508,0.00015810493502079132,0.009798950427603668,26.0,5.0,5.0
floating_point,newton_raphson,java,0.7809429073,1.9788258981,2.5338939,0.0002788917949305,0.0417357444193897,0.0534812619718346,10,8.819332927130666e-05,0.0131980012207933,0.0169122599971145,0.035712187449753,2.1091165452940013,arm,1.5453500499027477,0.6471025772205671,0.08303976657911653,0.20826795281471866,0.032585916709258214,0.1456538596969176,63.0,13.0,13.0
floating_point,newton_raphson,rust,0.0023294314,0.0062591079,2.6870639,4.727622053703813e-05,0.0001568028875701,0.046509288738798,10,1.495005360614692e-05,4.9585426841283e-05,0.0147075284769022,2.0295176126259022,2.5051954699503223,arm,1.4580162478248059e-05,68586.34130393856,2.7702130102308714e-05,8.273540023148855e-05,6.356666510390877e-08,5.521876516689863e-05,7.0,2.0,2.0
floating_point,numerical_integration,c,0.2175394536,0.5469527794,2.5142314,0.0007962636337476,0.0108093859046487,0.0466173891380077,10,0.0002518006700604,0.0034182279566409,0.0147417128246498,0.3660318257541134,1.976292344013037,arm,0.11898380877567732,8.404504867425459,0.022781860888489033,0.05762546571284924,0.0025087187344189806,0.040203663300669136,49.0,7.0,7.0
floating_point,numerical_integration,cpp,0.2175661684,0.5520968393000001,2.5375851000000003,0.0006812186072661,0.0126151506548046,0.0565034375049677,10,0.0002154202383448,0.0039892609095347,0.0178679558144679,0.3131087026424473,2.2849525222421696,arm,0.12011759391225156,8.325175084097348,0.022998339759607564,0.05763260870050401,0.0025326263950396694,0.040315474230055784,50.0,8.0,8.0
floating_point,numerical_integration,go,0.1393759138,0.3539572229,2.5396235000000003,0.0003548649172715,0.0072514189763744,0.0535523458273408,10,0.0001122181400265,0.002293100023351,0.0169347386859411,0.2546099305083763,2.048670999552725,arm,0.049333111387797786,20.270361464518196,0.014659976420928377,0.03672614399440669,0.0010400231399652394,0.025693060207667533,45.0,4.0,4.0
floating_point,numerical_integration,java,0.278279679,0.7139220549,2.5653965,0.0028516816011075,0.0259568734919344,0.0860807315815282,10,0.0009017809021095,0.0082082841171361,0.0272211174451217,1.0247538057234804,3.635813365587967,arm,0.19867000026859238,5.0334725859367175,0.029808474297815416,0.07386615178123167,0.004189028663445013,0.05183731303952354,54.0,11.0,11.0
floating_point,numerical_integration,rust,0.0022657147999999,0.0061769489999999,2.7255979,4.182213266202484e-05,0.0002372736305295,0.0640640102856336,10,1.3225319581771946e-05,7.503251011705971e-05,0.0202588188547056,1.845869244532668,3.8412755314886993,arm,1.3995204768144356e-05,71453.04527992208,2.424461477975943e-05,6.569889285714612e-05,5.123190258191053e-08,4.4971753818452775e-05,4.0,1.0,1.0
integer_and_control_flow_intensive,josephus_problem,c,0.0023846168,0.0064942257,2.7233353,2.8410518043694927e-05,0.000128721130176,0.0398089023127295,10,8.98419465233871e-06,4.070519543472175e-05,0.0125886802459369,1.191408114028842,1.9820858732398,arm,1.548623970721176e-05,64573.45481578151,3.75966563934725e-05,9.749084032174066e-05,8.26727427789532e-08,6.754374835760658e-05,5.0,2.0,2.0
integer_and_control_flow_intensive,josephus_problem,cpp,0.0024019781,0.0065726895,2.7361422,1.3619766113589764e-05,0.0001963484180946,0.0708373183597458,10,4.306948211772321e-06,6.209082161501638e-05,0.0224007269355259,0.56702290972552,2.9873374985181664,arm,1.578745623709995e-05,63341.426571941105,4.0898669818251985e-05,0.00010213289459767047,8.902437179366012e-08,7.151578220796123e-05,6.0,3.0,3.0
integer_and_control_flow_intensive,josephus_problem,go,0.0026920838,0.0073193796,2.7174575,0.0005864013780484,0.0016240412901404,0.0211700382839626,10,0.0001854363977694,0.0005135669491002,0.0066945539130284,21.78243404044122,22.18823696670248,arm,1.970438324721048e-05,50750.12942318652,7.232183227469598e-05,0.00017970118759166276,1.7161899983463198e-07,0.00012601150993317938,11.0,4.0,4.0
integer_and_control_flow_intensive,josephus_problem,java,0.0302650291,0.0820346562,2.7091834,0.0013423226482356,0.0051353741135065,0.0835656694265721,10,0.0004244796923253,0.0016239478835748,0.0264257849584664,4.435226689524752,6.260005650522318,arm,0.0024827812571014954,402.77410550756395,0.0032165851278238783,0.00755213923254467,5.210950747904163e-05,0.005384362180184274,33.0,9.0,9.0
integer_and_control_flow_intensive,josephus_problem,rust,0.0023681352,0.0064363311,2.7177206,4.366201703184236e-05,0.0001631267359205,0.0347278278112653,10,1.3807142105768637e-05,5.158520327778114e-05,0.0109819034073738,1.8437299116977088,2.5344677485683103,arm,1.524210223676472e-05,65607.74783336314,3.516026220376668e-05,9.308399971912662e-05,7.752471640256483e-08,6.412213096144665e-05,4.0,1.0,1.0
integer_and_control_flow_intensive,knights_tour,c,0.0020854347,0.0057510166,2.7580151,2.6586731615809943e-05,0.0001896560452194,0.095337489291056,10,8.407462744556814e-06,5.9974507491322266e-05,0.0301483612561648,1.274877205016774,3.297782955789234,arm,1.1993369577916019e-05,83379.40338646357,6.319985806293772e-06,1.7495704785424413e-05,9.020027683692308e-09,1.1907845295859092e-05,2.0,2.0,2.0
integer_and_control_flow_intensive,knights_tour,cpp,0.0020823645,0.0056268976999999,2.7021615,2.615704009864689e-05,7.82336065412784e-05,0.014880832886263,10,8.271582356007956e-06,2.473963862398875e-05,0.0047057325400928,1.2561220717432942,1.3903506108042163,arm,1.1717252015611441e-05,85344.24271729014,1.0966563974556655e-06,1.6674796498720085e-05,3.1976502701589094e-09,8.885726448087874e-06,1.0,1.0,1.0
integer_and_control_flow_intensive,knights_tour,go,0.0025035333999999,0.0068454946,2.7343867,3.111337995568248e-05,0.0001466988901012,0.0513094038793627,10,9.838914636618537e-06,4.639026229386219e-05,0.0162254581644265,1.2427787045174823,2.142999135536999,arm,1.7137924370618954e-05,58350.123292315824,5.237920100012575e-05,0.000129286691525773,1.1750113760555106e-07,9.083294626294937e-05,7.0,4.0,4.0
integer_and_control_flow_intensive,knights_tour,java,0.0289672364,0.0784221214,2.707576,0.000220134170802,0.0023166517522004,0.0883437088497722,10,6.961253705670495e-05,0.0007325896082373,0.0279367336912054,0.7599419142450935,2.954079424074961,arm,0.002271672129583299,440.2043705943751,0.0030645578438141434,0.007205136176765123,4.7657936178782074e-05,0.005134847010289633,30.0,9.0,9.0
integer_and_control_flow_intensive,knights_tour,rust,0.0022911238,0.0062070314,2.7091743,3.672541460260648e-05,0.0001045421775629,0.016078381206867,10,1.1613595815824404e-05,3.3059139265262215e-05,0.0050844305702146,1.6029432631535,1.6842540471590652,arm,1.422107736788732e-05,70318.1604410721,2.551058059647893e-05,7.249273646894725e-05,5.59947851457832e-08,4.900165853271309e-05,3.0,3.0,3.0
integer_and_control_flow_intensive,producer_consumer_single_thread,c,0.0052192619,0.0142105935999999,2.7221962,0.0002593420047112,0.0007802722928857,0.0201626638550896,10,8.201114278417031e-05,0.000246743764064,0.0063759941478434,4.968940238681277,5.490779026188817,arm,7.416880975286331e-05,13482.756475829716,0.0003623266643249911,0.0008554165951441543,1.3200879493676753e-06,0.0006088716297345727,15.0,3.0,3.0
integer_and_control_flow_intensive,producer_consumer_single_thread,cpp,0.0051568064,0.0140924105,2.7328044,4.683918461241144e-05,0.0004976764769741,0.0934944058162483,10,1.481185071203312e-05,0.0001573791205126,0.0295655270863438,0.908298295092316,3.531521289236767,arm,7.267183265782719e-05,13760.489634387857,0.00035735313280113265,0.0008387172799528765,1.2885218093729262e-06,0.0005980352063770046,14.0,2.0,2.0
integer_and_control_flow_intensive,producer_consumer_single_thread,go,0.0053736215,0.0147275166,2.7409687000000003,3.287480493309253e-05,0.0002903551959955,0.0656436814528082,10,1.0395926122231172e-05,9.18183749810463e-05,0.0207583547389424,0.6117811783560216,1.971514980302422,arm,7.914009984336691e-05,12635.819287304255,0.0003840804754528949,0.0008966891750322277,1.4249154978129364e-06,0.0006403848252425613,16.0,4.0,4.0
integer_and_control_flow_intensive,producer_consumer_single_thread,java,0.0433061495999999,0.1174512826,2.7103589,0.0012703063592175,0.0062363666845278,0.0730251805223527,10,0.0004017061421323,0.00197211230471,0.0230925896995599,2.933316332555056,5.309747621715459,arm,0.005086362814987465,196.60414256202924,0.004707032644171535,0.011039066431541284,0.0001070101604125405,0.007873049537856409,37.0,9.0,9.0
integer_and_control_flow_intensive,producer_consumer_single_thread,rust,0.0039336507,0.0107027173,2.720933,4.2450703658741065e-05,0.0001283556287066,0.0309358978606479,10,1.3424091183846497e-05,4.058961372158853e-05,0.0097827898701977,1.0791681035314362,1.1992807537450634,arm,4.210075139904711e-05,23752.54518670262,0.00021470375242083365,0.0005116706217352966,6.438819989139575e-07,0.0003631871870780651,13.0,1.0,1.0
integer_and_control_flow_intensive,sudoku_solver,c,0.0025291708999999,0.0069615024,2.7528233,3.120957117242517e-05,0.0004544147031439,0.1832019469838619,10,9.869332970199517e-06,0.0001436985464204,0.0579335424246418,1.2339842741518643,6.527537836429122,arm,1.7606829290359464e-05,56796.14333215267,5.7261188782760955e-05,0.0001361416313343789,1.2738874269305466e-07,9.670141005856993e-05,9.0,2.0,2.0
integer_and_control_flow_intensive,sudoku_solver,cpp,0.0025418577,0.006868161,2.7020341,2.071555247768102e-05,6.42316209181875e-05,0.0146662155267737,10,6.55083288182164e-06,2.031182199059883e-05,0.0046378645719531,0.8149768760730005,0.9352084337887172,arm,1.7457887922689702e-05,57280.6976667732,5.3333077272896414e-05,0.0001395338205246083,1.2424807736259437e-07,9.643344889875236e-05,8.0,1.0,1.0
integer_and_control_flow_intensive,sudoku_solver,go,0.0033601031,0.0091489072,2.722667,5.252748216452454e-05,0.000273069338268,0.0628287695866931,10,1.6610648339376894e-05,8.635210680821736e-05,0.0198682014479866,1.5632699533691254,2.984720822920792,arm,3.0741271444332326e-05,32529.558896444632,0.00014931433959915105,0.00035831579870768593,4.0434931955160507e-07,0.00025381506915341846,12.0,4.0,4.0
integer_and_control_flow_intensive,sudoku_solver,java,0.04316287,0.1172285337,2.7165417,0.0044933618879637,0.0126268528794725,0.085993492265468,10,0.0014209257917359,0.0039929614778988,0.0271935299510951,10.410248178501035,10.771142895795334,arm,0.005059919960383719,197.63158465537566,0.004697658641661398,0.011000756415595872,0.0001064525708187849,0.007849207528628634,35.0,9.0,9.0
integer_and_control_flow_intensive,sudoku_solver,rust,0.0026244594999999,0.0070834623,2.6990412,3.44254182392088e-05,9.135079485885447e-05,0.0101939281906219,10,1.0886273103980303e-05,2.8887657782078e-05,0.0032236031386564,1.3117145926316944,1.289634799903636,arm,1.859025992612614e-05,53791.609368227975,6.239366040769836e-05,0.00016161984166870646,1.4812593982631272e-07,0.00011200675103820241,10.0,3.0,3.0
integer_and_control_flow_intensive,towers_of_hanoi,c,0.1372953885,0.3475017438,2.5310118,0.0002830791470695,0.0078415778682648,0.0548521759292899,10,8.95174862837494e-05,0.0024797246513284,0.0173457810552819,0.2061825602172574,2.2565578470242134,arm,0.04771038691944846,20.959796483904938,0.014388308739123732,0.0361698543522114,0.001005805416854664,0.025279081545667565,60.0,1.0,1.0
integer_and_control_flow_intensive,towers_of_hanoi,cpp,0.1388159371,0.3529839602,2.5428476,8.790921075802694e-05,0.0111522171058732,0.0813194825804712,10,2.7799333330314237e-05,0.003526640701525,0.0257154783100675,0.0633278949049625,3.159411860967977,arm,0.048999799216432105,20.408246890625005,0.014619018342155274,0.036576417750712034,0.0010329947233661005,0.025597718046433654,61.0,2.0,2.0
integer_and_control_flow_intensive,towers_of_hanoi,go,0.5906331852,1.4931854231,2.5280622,0.0011804758050751,0.0310356979122967,0.0496681049541186,10,0.0003732992266758,0.009814349417579,0.0157064338719307,0.1998661495248462,2.0784892105270907,arm,0.8819248625397625,1.1338834434491452,0.06260242645454595,0.15738305023108082,0.01859654278377586,0.10999273834281338,70.0,10.0,10.0
integer_and_control_flow_intensive,towers_of_hanoi,java,0.4372577163,1.1170993105,2.5546806,0.0018784530381679,0.036336712311282,0.0784927593620371,10,0.0005940190078273,0.0114906773585932,0.0248215899415542,0.4295986024130263,3.2527736764082493,arm,0.4884602933895346,2.04724931285771,0.046775492343805375,0.1163736067429792,0.010299717325354242,0.08157454954339229,69.0,9.0,9.0
integer_and_control_flow_intensive,towers_of_hanoi,rust,0.3837400299,0.9630262808,2.5095857,0.0009406101600826,0.0169913202293661,0.0441889492924041,10,0.0002974470496156,0.0053731272378091,0.0139737727173683,0.2451165077377538,1.76436724190447,arm,0.3695517337886778,2.7059810807756457,0.0402915951521597,0.10206407894316073,0.007792341460098237,0.07117783704766022,67.0,7.0,7.0
memory_intensive_and_allocation_heavy,crc_32,c,0.0068978704,0.0197885305,2.8124259,0.0146861078495154,0.0426420507038959,0.1075432582043666,10,0.0046441550767346,0.0134846004324697,0.0340081642921388,212.9078541330013,215.48871809301824,arm,0.0001364987187954472,7326.076089392234,0.0005970644991784285,0.0013042419575903452,2.634413092499344e-06,0.0009506532283843868,19.0,3.0,3.0
memory_intensive_and_allocation_heavy,crc_32,cpp,0.0526267406,0.1520299130999999,2.9273241,0.1171385323821483,0.3406918944990887,0.0862371996549182,10,0.0370424564096977,0.107736236697491,0.0272705969944228,222.58367333155405,224.09530305723027,arm,0.008000838800154238,124.98689512163679,0.00616221455126103,0.013531200621132097,0.00016846651620059535,0.009846707586196563,62.0,12.0,12.0
memory_intensive_and_allocation_heavy,crc_32,go,0.0027675193,0.007414184,2.6775079,0.0002524357395224,0.0007351162931399,0.0450404491749115,10,7.98271899719847e-05,0.0002324641831422,0.0142430406229771,9.121372325115292,9.914999319411564,arm,2.05188973137512e-05,48735.56237984716,7.631151161125834e-05,0.00019987108761826799,1.8879432278203915e-07,0.00013809129961476316,10.0,1.0,1.0
memory_intensive_and_allocation_heavy,crc_32,java,0.0394134731,0.1061788353,2.6944033000000003,0.0003336887040752,0.0023970465536362,0.0748926840872249,10,0.0001055216334347,0.0007580126766947,0.0236831461799079,0.8466361318339934,2.257555893190592,arm,0.00418487666888588,238.95566802120962,0.004232651180175155,0.009998244857601783,8.800089301257216e-05,0.007115448018888469,41.0,8.0,8.0
memory_intensive_and_allocation_heavy,crc_32,rust,0.0028154729999999,0.0076416188,2.716235,0.0007458347414721,0.0019943358097456,0.0848674870397635,10,0.0002358536541134,0.0006306643578032,0.0268374558340473,26.49056629107048,26.09834201289496,arm,2.1514771407691635e-05,46479.69439463787,8.588271212489692e-05,0.0002126929199770884,2.0979390999730585e-07,0.00014928781605099266,13.0,2.0,2.0
memory_intensive_and_allocation_heavy,huffman_coding,c,0.0021257126,0.0057418712,2.701549,0.0001446013143794,0.0003832958653007,0.035271237394417,10,4.572695060931428e-05,0.0001212087952075,0.011153744605886,6.80248658165066,6.675452164456648,arm,1.2205567957417119e-05,81929.82116758579,5.935117452033885e-06,2.8265186213685613e-05,1.3494567592286563e-08,1.710015183285975e-05,3.0,1.0,1.0
memory_intensive_and_allocation_heavy,huffman_coding,cpp,0.0028236969,0.0076586157,2.7124811,3.2052099707438e-05,8.792889986934512e-05,0.036578752410078,10,1.0135763886632064e-05,2.780555957400124e-05,0.011567217158322,1.1351111979277235,1.1481043482746514,arm,2.162560941038133e-05,46241.47144357245,8.659799728798662e-05,0.0002148918215662714,2.1213110535002225e-07,0.000150744909427129,14.0,4.0,4.0
memory_intensive_and_allocation_heavy,huffman_coding,go,0.0025816504,0.0070870863,2.745448,2.237463668829802e-05,0.0002116179543113,0.0888301880744002,10,7.075481375378864e-06,6.691947294091607e-05,0.0280905719296231,0.8666795739770969,2.985965534401652,arm,1.8296379181229522e-05,54655.622847274186,6.254617018483635e-05,0.00015017356945964147,1.4192899749103671e-07,0.00010635986982223891,9.0,3.0,3.0
memory_intensive_and_allocation_heavy,huffman_coding,java,0.0541598333,0.137070365,2.5291876,0.0035003133151282,0.0107859197089862,0.0432182935808951,10,0.001106896260002,0.0034108072940097,0.0136668244301463,6.46293221720139,7.868892527561504,arm,0.0074237081187701545,134.70357185401633,0.005532667822007106,0.013941118053780097,0.0001562967990123739,0.009736892937893602,61.0,13.0,13.0
memory_intensive_and_allocation_heavy,huffman_coding,rust,0.0022334462,0.0060380255,2.7035284,3.264697022117403e-05,0.0001030024240321,0.0320644333602063,10,1.0323878460260096e-05,3.257222644600765e-05,0.0101396641300938,1.46173076482317,1.7058958103465391,arm,1.3485605108478102e-05,74153.14269964217,1.8398259364688766e-05,5.707093339513565e-05,4.048618425953812e-08,3.773459637991221e-05,4.0,2.0,2.0
memory_intensive_and_allocation_heavy,priority_queue,c,0.0020581645,0.0056193799,2.7303554,2.6423432089508837e-05,0.0001688905435247,0.0772393186922596,10,8.355822900163007e-06,5.340787928021484e-05,0.0244252171987158,1.2838347998670092,3.005501434861043,arm,1.156560822219355e-05,86463.2435050907,7.802827764421947e-07,1.020421460234714e-05,0.0,5.492248689394667e-06,1.0,1.0,1.0
memory_intensive_and_allocation_heavy,priority_queue,cpp,0.0028041822,0.0076710423,2.7357779,2.446556238107383e-05,0.0001365588399946,0.0555351870908084,10,7.736690136112566e-06,4.318369690135132e-05,0.0175617681490534,0.8724669310387116,1.7801862465890166,arm,2.1511000273107062e-05,46487.84283872632,8.712094927379872e-05,0.00020967399245333136,2.097143896341484e-07,0.00014839747086356503,12.0,4.0,4.0
memory_intensive_and_allocation_heavy,priority_queue,go,0.0025598208,0.0068944892,2.6933836,3.449623797781766e-05,8.661569249634973e-05,0.0063143175790331,10,1.090866827171048e-05,2.7390286940122064e-05,0.0019967625419385,1.3476036282624806,1.2563032587874634,arm,1.764865685953536e-05,56661.53566013223,5.444105407048051e-05,0.00014433678373381229,1.282707434321605e-07,9.93889189021464e-05,7.0,3.0,3.0
memory_intensive_and_allocation_heavy,priority_queue,java,0.0470660686,0.1286667366,2.7339735000000003,0.0009632655013097,0.0052067420826759,0.1028107274658416,10,0.0003046112975602,0.0016465164170304,0.032511606669089,2.0466240966422866,4.046688538361493,arm,0.00605583745135373,165.12992761661042,0.005179015643631116,0.01204439138250118,0.00012745307312935636,0.008611703513066147,49.0,12.0,12.0
memory_intensive_and_allocation_heavy,priority_queue,rust,0.0022667889,0.0061597592999999,2.717175,3.5166867425809283e-05,0.000153631002468,0.0383375908882014,10,1.1120739923873976e-05,4.858238870140538e-05,0.0121234107210434,1.5513957839571777,2.4941072367563284,arm,1.3962874007911542e-05,71618.49340138622,2.3521215961859534e-05,6.598608508919327e-05,5.055015714503659e-08,4.47536505255264e-05,6.0,2.0,2.0
memory_intensive_and_allocation_heavy,tree_traversal,c,0.0021086553,0.0057860988,2.7440396,1.937613780487052e-05,0.0003095832818052,0.1462672970399664,10,6.127272772068602e-06,9.78988296014252e-05,0.0462537805842698,0.9188859746242316,5.3504665666133775,arm,1.2200887900943641e-05,81961.24807626975,7.796359565540719e-06,2.37044152805864e-05,1.3395881167280465e-08,1.575038742306356e-05,2.0,1.0,1.0
memory_intensive_and_allocation_heavy,tree_traversal,cpp,0.002788958,0.0075307328,2.7002496,2.089037550324716e-05,6.19555537189543e-05,0.0201040004819384,10,6.606116776644724e-06,1.959206634488111e-05,0.0063574431604048,0.7490387271248672,0.8227028546140198,arm,2.10028974884224e-05,47612.478256928036,8.12162664439575e-05,0.00020560335472991136,1.9900023529854656e-07,0.00014340981058693443,11.0,4.0,4.0
memory_intensive_and_allocation_heavy,tree_traversal,go,0.0025614299,0.0070214853999999,2.7412501,4.200678586569872e-05,0.0002433690900861,0.0848021319523014,10,1.3283712051857589e-05,7.69600636755049e-05,0.0268167887407413,1.6399740576815598,3.4660627519952567,arm,1.7985042645973204e-05,55601.75862156751,5.978546967736734e-05,0.0001447670239540377,1.3536397208752918e-07,0.00010227624681570251,8.0,3.0,3.0
memory_intensive_and_allocation_heavy,tree_traversal,java,0.037423172,0.1020648449999999,2.7273527,0.000303769852852,0.0042693462474943,0.1132133407235599,10,9.606046195067868e-05,0.0013500858261974,0.0358012018203144,0.8117159412678484,4.182974311570562,arm,0.003819590249588336,261.80818743784806,0.004059521008044658,0.009466079309420323,8.029824860474395e-05,0.00676280015873249,40.0,9.0,9.0
memory_intensive_and_allocation_heavy,tree_traversal,rust,0.0022457961,0.0060544924,2.69593,5.25239669261143e-05,0.0001455072703706,0.0154327868945739,10,1.6609536723387407e-05,4.601343904851176e-05,0.004880275723085,2.338768284712682,2.4032942938474595,arm,1.359715541939964e-05,73544.7944187839,1.9091240393704692e-05,6.037304245968178e-05,4.2838399762823494e-08,3.973214142669324e-05,5.0,2.0,2.0
memory_intensive_and_allocation_heavy,word_frequency_counter,c,0.0035998797999999,0.0098269799,2.7297225,1.797076121432305e-05,0.0003266612989475,0.0866079993203734,10,5.682853672427415e-06,0.0001032993728103,0.0273878541442694,0.4992044793918688,3.3241270692692586,arm,3.5375946437015035e-05,28267.794948764014,0.0001778498573586333,0.0004224271530131161,5.020788039467253e-07,0.0003001385051858747,15.0,1.0,1.0
memory_intensive_and_allocation_heavy,word_frequency_counter,cpp,0.0043976959,0.0118894217,2.7035049,2.717301923865756e-05,0.0003055588123178,0.0649602770766702,10,8.592863169773237e-06,9.662618060604589e-05,0.0205422432997902,0.6178921839197102,2.570005674185937,arm,5.228606106346103e-05,19125.556212510874,0.0002646441562764317,0.0006357467568683041,8.58655432537538e-07,0.00045019545657236793,17.0,3.0,3.0
memory_intensive_and_allocation_heavy,word_frequency_counter,go,0.0051416675,0.0139544923,2.7142298,0.0001568815818134,0.0005137016493869,0.0685695999061457,10,4.9610312146042576e-05,0.0001624467249848,0.0216836113949888,3.0511809994211108,3.681263627104345,arm,7.174935953791025e-05,13937.40663945062,0.00035154908369923574,0.0008346694496937442,1.2690699982922838e-06,0.00059310926669649,18.0,4.0,4.0
memory_intensive_and_allocation_heavy,word_frequency_counter,java,0.0590387836,0.1508721737,2.556538,0.0070427533926592,0.0182049614038628,0.0917779614504485,10,0.0022271141719681,0.0057569142751663,0.0290227397190548,11.929028620195432,12.066480489677526,arm,0.00890730961433591,112.2673448322202,0.0061134930893742,0.015245648941568673,0.00018758089324517028,0.010679571015471435,64.0,13.0,13.0
memory_intensive_and_allocation_heavy,word_frequency_counter,rust,0.0037316075,0.0101474820999999,2.716191,0.0002751354480741,0.0009671063017283,0.0602132213868165,10,8.700546809651935e-05,0.0003058258652963,0.0190410924838302,7.373107918614587,9.530505126275523,arm,3.7866420310475375e-05,26408.622515695253,0.00019133763856564887,0.0004576484286689631,5.545944016827196e-07,0.000324493033617306,16.0,2.0,2.0
string_and_text_processing,anagram_checker,c,0.3026842247,0.758681704,2.5065005,0.0012710574658719,0.0109810100479358,0.0337790480960869,10,0.0004019436629117,0.0034725002760672,0.0106818729176009,0.419928546699706,1.4473803691377665,arm,0.2296409833693149,4.354623400962243,0.03169210677822828,0.08039142498766255,0.004842101039484826,0.05604176588294542,60.0,1.0,1.0
string_and_text_processing,anagram_checker,cpp,0.7110512528,1.8296187943,2.5732013,0.0024211151399052,0.0549460023432003,0.0799030252077132,10,0.0007656238319617,0.0173754515725461,0.0252675551594222,0.3404979782218726,3.003139370582512,arm,1.3009527358334405,0.7686674330711649,0.07676064346986022,0.1895803629669808,0.027432411117333137,0.1331705032184205,69.0,9.0,9.0
string_and_text_processing,anagram_checker,go,1.7482767168,4.4443737251,2.5422789000000003,0.0190741286006818,0.1167937218169153,0.0668983057025944,10,0.0060317690761115,0.0369334177349551,0.0211551017626429,1.0910245739355655,2.627900555646621,arm,7.769995104350014,0.1287002097903707,0.18679808601036849,0.46691310304200045,0.16384244552178748,0.32685559452618446,75.0,15.0,15.0
string_and_text_processing,anagram_checker,java,0.6658860113,1.7022643113,2.5564137,0.000899713309605,0.0361807151352301,0.0554928335474249,10,0.000284514329952,0.0114413467201054,0.0175483747826464,0.1351152140662276,2.125446377219727,arm,1.1335139924298985,0.8822123120477001,0.07140115014208552,0.17750410701676533,0.023901699236471962,0.12445262857942543,66.0,6.0,6.0
string_and_text_processing,anagram_checker,rust,0.7107261765,1.8106620391,2.5476025,0.0005596269680282,0.0850507985124498,0.1191502589620442,10,0.0001769695859023,0.0268954240115402,0.0376786202118949,0.078740165556327,4.697221053727114,arm,1.2868849079832365,0.7770702677422544,0.07596288118762742,0.18949344425533948,0.027135768620387746,0.13272816272148347,68.0,8.0,8.0
string_and_text_processing,command_line_argument_parser,c,0.0020830144,0.0056723048,2.7235112,0.0001312524178361,0.0003632069624047,0.0634835152824906,10,4.150565887661855e-05,0.000114856126323,0.0200752502166778,6.301080675971334,6.403163708775922,arm,1.181549257958912e-05,84634.64330953646,3.0075357300986783e-06,1.684856638196194e-05,5.269208616619566e-09,9.928051056030308e-06,1.0,1.0,1.0
string_and_text_processing,command_line_argument_parser,cpp,0.0027743063,0.0074826456,2.6971796,2.0071226176627454e-05,0.0001470071891743,0.0524090537496464,10,6.347079015053579e-06,4.648775502100879e-05,0.016573197986307,0.7234682838238681,1.9646418797960512,arm,2.0759150828747277e-05,48171.52725800324,7.91925997344678e-05,0.00020168579172284164,1.9386044978808642e-07,0.0001404391957286547,4.0,4.0,4.0
string_and_text_processing,command_line_argument_parser,go,0.0025187575,0.0069104397,2.7437495,3.3281507972813405e-05,0.0001080167155398,0.0385228089354576,10,1.0524536915914364e-05,3.4157884647634625e-05,0.0121819818103532,1.321346257939218,1.5630946832489316,arm,1.740572182267275e-05,57452.371707871185,5.51123032979197e-05,0.00013335730251127795,1.2314807227796382e-07,9.423480290459882e-05,3.0,3.0,3.0
string_and_text_processing,command_line_argument_parser,java,0.0287382954,0.0781176329,2.7183693,0.0002979134968436,0.0022058871645935,0.0764831828400495,10,9.420851957312564e-05,0.0006975627701446,0.0241861060473662,1.0366428930354397,2.82380185203178,arm,0.0022449676102289586,445.44072504369564,0.003051743971497343,0.00714392206561068,4.709482896810611e-05,0.005097833018554011,17.0,9.0,9.0
string_and_text_processing,command_line_argument_parser,rust,0.0022269628,0.0060294759,2.7073389,3.0718809069074005e-05,0.000128360839405,0.0323045941536699,10,9.714140366611052e-06,4.059126148910215e-05,0.0102156096412956,1.3794037811980515,2.128888837668972,arm,1.3427418532796521e-05,74474.47903388846,1.8038464223789454e-05,5.533740568162555e-05,3.9259227882002144e-08,3.66879349527075e-05,2.0,2.0,2.0
string_and_text_processing,longest_common_subsequence,c,0.0103232086,0.0281307264999999,2.7250713,3.439884392501825e-05,0.0005255405966383,0.0542952301630221,10,1.0877869567970396e-05,0.000166190528826,0.0171696593398225,0.3332185297991387,1.868208404209907,arm,0.00029039935772904685,3443.533786782808,0.0009481314011656039,0.0022201068892380663,5.8796525353527554e-06,0.001584119145201835,5.0,1.0,1.0
string_and_text_processing,longest_common_subsequence,cpp,0.0105846186,0.0289614933,2.7362278,6.27339881195012e-05,0.0003658642024765,0.0343744288188506,10,1.9838228916356715e-05,0.0001156964194146,0.0108701488334899,0.5926901146868079,1.2632781006376237,arm,0.0003065463606669554,3262.149313481628,0.0009830927862433266,0.002290002542689755,6.220137741788962e-06,0.0016365476644665407,7.0,2.0,2.0
string_and_text_processing,longest_common_subsequence,go,0.015845325,0.0429662824,2.7116874,4.452654483688515e-05,0.0005127552312805,0.0383183734785865,10,1.408052980221676e-05,0.0001621474413013,0.0121173336425322,0.2810074570063103,1.1933897992547242,arm,0.00068081470866978,1468.8284305047769,0.0015724601329612437,0.0036966071540109756,1.411218038414854e-05,0.0026345336434861095,12.0,4.0,4.0
string_and_text_processing,longest_common_subsequence,java,0.0601331282,0.1549182254,2.5760531,0.0005984145278017,0.0043214993861593,0.0579543023490635,10,0.0001892352892787,0.0013665780967283,0.0183267595629087,0.9951495052967132,2.78953581801057,arm,0.009315717508494695,107.34546202030418,0.006283764182932654,0.015538254162938655,0.0001961928224488471,0.010911009172935655,31.0,9.0,9.0
string_and_text_processing,longest_common_subsequence,rust,0.0145804805,0.0394783689,2.7076203,4.478209569124719e-05,0.0008689675678284,0.0591164292976157,10,1.416134207799536e-05,0.0002747916727154,0.0186942563716773,0.307137310675373,2.2011232784960115,arm,0.0005756135879182564,1737.2765705836869,0.0014256773209961133,0.003358413768745399,1.1893847641277165e-05,0.0023920455448707563,11.0,3.0,3.0
string_and_text_processing,palindrome_detection,c,0.0540494167,0.1369371976999999,2.53355,3.5365209505168786e-05,0.0028795335192238,0.0529571398061153,10,1.1183461196536967e-05,0.0009105884519547,0.0167465180155292,0.0654312510002883,2.102813236716224,arm,0.007401375660217576,135.11001817878318,0.005527063706321377,0.013911594927622284,0.00015582588364871521,0.00971932931697183,30.0,1.0,1.0
string_and_text_processing,palindrome_detection,cpp,0.1666344659,0.4281010859,2.5691126,0.0004283688617712,0.0104280550821538,0.0627557874501538,10,0.0001354621281891,0.00329764056253,0.0198451224699896,0.2570709843594654,2.4358861553062594,arm,0.07133639580015652,14.018089767268643,0.01778019276261729,0.04401451976877033,0.0015039973439847317,0.030897356265693808,51.0,7.0,7.0
string_and_text_processing,palindrome_detection,go,0.2008536367,0.5103020742,2.5405498,0.0006813159086194,0.0117101485242768,0.0515149392502364,10,0.0002154510077344,0.0037030741075574,0.0162904541555953,0.3392101431736216,2.294748368921447,arm,0.10249602741862324,9.756475691645225,0.021239479298532454,0.053164021714529636,0.0021610476736890734,0.037201750506531045,54.0,10.0,10.0
string_and_text_processing,palindrome_detection,java,0.0975957111,0.2532508671,2.5947817,0.0013473105890878,0.0121786056858918,0.1173414127891105,10,0.000426057017718,0.0038512132692495,0.03710661282756,1.380501841630494,4.808909768148155,arm,0.024716198461316095,40.45929642315842,0.010421923474063472,0.02555497774575322,0.0005209364269804161,0.017988450609908346,41.0,2.0,2.0
string_and_text_processing,palindrome_detection,rust,0.2525346309999999,0.6504475954,2.5758526,0.0011049826132633,0.0267402903994762,0.1101474708391739,10,0.0003494261832797,0.0084560222956678,0.0348316886358767,0.4375568645328946,4.111059920673855,arm,0.16426054348917624,6.087889268830368,0.027137261363957745,0.06698245585106413,0.0034634506078795677,0.04705985860751094,58.0,13.0,13.0
string_and_text_processing,sha1_pure_implementation,c,0.0118518962,0.0322459133,2.7207433,0.0001171872268578,0.0003623384322238,0.0155047026131499,10,3.705785495495177e-05,0.0001145814729641,0.0049030174701118,0.9887635267832002,1.1236724134709974,arm,0.00038217521730579945,2616.600854052357,0.001121311925930854,0.002628846488815334,7.814892320346463e-06,0.001875079207373094,8.0,2.0,2.0
string_and_text_processing,sha1_pure_implementation,cpp,0.0123587898,0.0338500438,2.7389563,4.903516253057605e-05,0.000486250755894,0.0387005119806788,10,1.550627990331662e-05,0.0001537659902603,0.0122381764473579,0.3967634640940009,1.4364848647375312,arm,0.00041834557604499326,2390.368291817312,0.001188818985824693,0.0027643794041685298,8.577601790923992e-06,0.0019765991949966116,9.0,3.0,3.0
string_and_text_processing,sha1_pure_implementation,go,0.0133401374999999,0.0365438478999999,2.7394391,9.421023340999948e-05,0.0013011256259345,0.0977138861352651,10,2.9791891647169e-05,0.0004114520499965,0.0308998439213785,0.7062163595390188,3.560450529169864,arm,0.0004874999557650812,2051.282237411904,0.0013021830760411453,0.0030267715802704564,1.0035831738952463e-05,0.002164477328155801,10.0,4.0,4.0
string_and_text_processing,sha1_pure_implementation,java,0.0981545728,0.2521644375,2.5725664,0.0169386079480468,0.0413594691661567,0.0829463881206811,10,0.0053564581508459,0.013079012538056,0.0262299510145685,17.25707469845651,16.401785111414345,arm,0.0247510926381648,40.402256765750046,0.010376202961874694,0.025704405861397692,0.0005216722261286197,0.018040304411636194,42.0,13.0,13.0
string_and_text_processing,sha1_pure_implementation,rust,0.010460837,0.0285820519,2.7322874,5.268071166312556e-05,0.0003686366053549,0.0321479209668196,10,1.6659103761407372e-05,0.0001165731301834,0.0101660652294232,0.5035993932715475,1.2897485689437032,arm,0.0002989921860514403,3344.5690110040346,0.0009671246506608399,0.0022569058906209915,6.060845970225567e-06,0.0016120152706409156,6.0,1.0,1.0
floating_point,gaussian_elimination,c,0.002270514,0.1994197999999999,87.9275842,9.757545910729787e-05,0.0147197414892759,6.682752541466541,10,3.085606945156813e-05,0.004654790967499,2.11327190703131,4.297505283266164,7.381283849084157,intel,0.00045278544777719974,2208.551544465859,0.008156536044007762,6.698210015622548e-05,9.30382119408313e-06,0.004111759072081994,13.0,5.0,5.0
floating_point,gaussian_elimination,cpp,0.0023922685,0.206036,86.61547759999999,0.0002310954378819,0.010240603443591,6.818875043443497,10,7.307879405808042e-05,0.0032383631496311,2.1563176217361057,9.660096175739197,4.970298124401095,intel,0.000492893432666,2028.8361210071776,0.00843496738713703,9.953674740837201e-05,1.0149561766938456e-05,0.004267252067272701,19.0,6.0,6.0
floating_point,gaussian_elimination,go,0.0025846643,0.2140616,82.8569354,0.0001169994551383,0.0142185188179985,4.960084526353764,10,3.6998476323597136e-05,0.004496290441884,1.5685164490235364,4.526678963236344,6.642255695556096,intel,0.00055327737552088,1807.4116966350834,0.008772710893593641,0.0001509794242851571,1.1422853121837963e-05,0.004461845158939399,22.0,8.0,8.0
floating_point,gaussian_elimination,java,0.0252714743,0.6991683,27.688584100000003,0.0009659163984095,0.0202302704548846,0.9442558499854032,10,0.000305449584828,0.0063973732318646,0.2985999179892145,3.822160855924181,2.8934764998476945,intel,0.017669013724824687,56.59625463955669,0.029187588019739332,0.006216965460336965,0.0003723353423689117,0.017702276740038148,39.0,14.0,14.0
floating_point,gaussian_elimination,rust,0.002558452,0.2086362,81.8169073,0.0002076763830862,0.0130636114098156,5.8338662774347,10,6.567303867781496e-05,0.004131076652238,1.8448305001541412,8.117267124269995,6.261430858985969,intel,0.0005337857031624,1873.4109851116752,0.00854439231056811,0.0001439707947875415,1.1011840247666553e-05,0.004344181552677826,20.0,7.0,7.0
floating_point,matrix_multiplication,c,0.0172619553,0.5308946999999999,30.7601082,0.0002105498812696,0.0139258625190686,0.9179739481718312,10,6.658171858902234e-05,0.0044037443942626,0.2902888508920347,1.2197336721737606,2.623093151818732,intel,0.009164280580406909,109.11931288288845,0.022106084367915536,0.004075384938020622,0.0001929995342627787,0.013090734652968079,37.0,12.0,12.0
floating_point,matrix_multiplication,cpp,0.002635133,0.2016779999999999,76.7639106,0.0002697626404535,0.0148127033769441,3.9163963880935264,10,8.530643714541381e-05,0.0046841880975611,1.2384732806432288,10.237154650391464,7.344729408732819,intel,0.0005314483531739998,1881.650388090662,0.008251568488470522,0.00016447371587827606,1.0962553510284119e-05,0.004208021102174399,16.0,4.0,4.0
floating_point,matrix_multiplication,go,0.0027327391,0.2091424,79.22229300000001,0.0008012712233222,0.0197067733488316,11.217782432311704,10,0.0002533842089247,0.0062318289115012,3.5473742782328603,29.32117534828854,9.422658126153124,intel,0.0005715316139478401,1749.684489179042,0.0085656948627721,0.00019057157801197742,1.1807772735901292e-05,0.004378133220392039,21.0,6.0,6.0
floating_point,matrix_multiplication,java,0.0315932571,0.8255597,26.1244142,0.0010142317716929,0.0826849571217965,2.4704527802118825,10,0.0003207282473857,0.0261472792738237,0.7812257637364899,3.2102792329473164,10.015624202804055,intel,0.02608211985349887,38.340441866570586,0.034506551663823264,0.007907280061100691,0.0005497390492987113,0.021206915862461977,42.0,13.0,13.0
floating_point,matrix_multiplication,rust,0.0021590609,0.2072137,96.0013833,7.115983774019666e-05,0.0132698745120919,5.750222475986953,10,2.2502716518703062e-05,0.0041963027722826,1.8183800076811645,3.2958698728783737,6.403956163174499,intel,0.00044738699761433,2235.2013029713708,0.008484528856379698,3.718183523247964e-05,9.189986296968882e-06,0.004260855345806089,18.0,5.0,5.0
floating_point,monte_carlo_pi,c,1.1881131925,15.0487042,12.6659747,0.0017214477359913,0.4932168833509255,0.4125452069693023,10,0.0005443695718672,0.1559688731838505,0.1304582491808565,0.1448892030538849,3.277470782839399,intel,17.87956399005016,0.05592977549992228,0.6330630080370602,0.31713690637489,0.3770187645120725,0.4750999572059751,72.0,12.0,12.0
floating_point,monte_carlo_pi,cpp,1.1889023411,15.0214277,12.6346592,0.0017130431502937,0.3985709960658197,0.33366104338445,10,0.0005417118085078,0.126039215685,0.1055128863563118,0.1440861112872259,2.653349628449896,intel,17.859010559194388,0.05599414349890555,0.6319151236727929,0.31734790846764654,0.3765853627733839,0.4746315160702197,71.0,11.0,11.0
floating_point,monte_carlo_pi,go,0.1273607095,2.4772033,19.4281337,0.0014562617694405,0.3592073048740796,2.7047241621290468,10,0.0004605104060859,0.1135913235572594,0.8553088794818322,1.1434152456889357,14.500517776400493,intel,0.31549836986374136,3.169588484504322,0.10401311826079035,0.033513525671067725,0.006652540418051904,0.06876332196592903,59.0,6.0,6.0
floating_point,monte_carlo_pi,java,1.9952665811,23.7680118,11.9112602,0.0162695034428983,0.5738125745221462,0.2223399466721573,10,0.005144868727951,0.1814554685535086,0.0703100646324392,0.8154049988613019,2.41422201970695,intel,47.42351964373046,0.02108658335594885,1.0,0.5329531090141989,1.0,0.7664765545070995,75.0,15.0,15.0
floating_point,monte_carlo_pi,rust,0.002190272,0.20097,91.8524868,0.0001352828453467,0.0140862865463778,5.454816971965843,10,4.278019196440232e-05,0.0044544749260341,1.7249645850754909,6.176531743397361,7.009148901019002,intel,0.00044017896384000005,2271.8032485611657,0.00822177353200979,4.552704096082213e-05,9.037993454886093e-06,0.004133650286485306,14.0,2.0,2.0
floating_point,newton_raphson,c,0.5246650442,6.3297141,12.0677468,0.0095064088700174,0.3816544389963983,0.7392522417881765,10,0.0030061904398082,0.1206897306342406,0.2337720849436143,1.8119005592439696,6.02956836544005,intel,3.320979728049864,0.3011159603154871,0.26613937751292854,0.13974452713637087,0.07002788905812084,0.2029419523246497,64.0,14.0,14.0
floating_point,newton_raphson,cpp,0.0020200007,0.2003471,99.5731179,0.0001040456286486,0.015247996199501,10.650568375090623,10,3.290211671139105e-05,0.0048218397744014,3.3680054440644915,5.150771910558478,7.610789574444101,intel,0.00040470128224297,2470.9583188313977,0.0081955598619824,0.0,8.289890182167706e-06,0.0040977799309912,12.0,3.0,3.0
floating_point,newton_raphson,go,0.0320012644,0.7584514,23.7468579,0.0018550726491573,0.0229310481526199,1.0489249372158198,10,0.0005866254796419,0.0072514341297275,0.3316991896151107,5.796872979673051,3.023403760955546,intel,0.02427140378595016,41.20074837117019,0.03168241483239108,0.008016372815190279,0.0005115572246946382,0.019849393823790678,40.0,8.0,8.0
floating_point,newton_raphson,java,0.5559739589,6.6468214,11.9549846,0.0016959812932328,0.3762478618606503,0.6719584576648898,10,0.0005363163755653,0.1189800208248052,0.212491921923488,0.3050468940287036,5.660568250873271,intel,3.6954596078592408,0.2706023353288103,0.27948429022038823,0.14811588650219346,0.07792439218463953,0.21380008836129083,65.0,15.0,15.0
floating_point,newton_raphson,rust,0.0024011704,0.2039607,85.6785571,0.0002986137817818,0.011962927921523,8.076008259020192,10,9.44299691147066e-05,0.0037830099716436,2.5538580500834875,12.436176198983071,5.865310288463927,intel,0.0004897443956032799,2041.8814568938026,0.008347631973093295,0.00010191693224239357,1.0083159318230263e-05,0.004224774452667844,17.0,4.0,4.0
floating_point,numerical_integration,c,0.1125670224,2.5013365,22.2218244,0.000719184167076,0.0148827527415687,0.2120753659402978,10,0.0002274260025091,0.0047063396516472,0.0670641191985037,0.6388941909829666,0.5949920269251541,intel,0.28156800182543756,3.5515399246962924,0.10502872227669179,0.029557998235949266,0.005937064709624572,0.06729336025632053,57.0,13.0,13.0
floating_point,numerical_integration,cpp,0.1118333006,2.5177427000000003,22.5153488,0.0009420149483033,0.0219070420339619,0.3197709608342261,10,0.0002978912826564,0.0069276149624367,0.1011204565816651,0.8423385013670419,0.8701064661596268,intel,0.2815674762025557,3.5515465546191636,0.10571914885110723,0.029361816128674303,0.005937053626031157,0.06754048248989077,58.0,14.0,14.0
floating_point,numerical_integration,go,0.0750039767,1.7038895,22.7218803,0.000870531198098,0.0215884645908153,0.4952999926785217,10,0.0002752861360225,0.0068268719292871,0.1566276101928851,1.1606467235463829,1.2670108355509777,intel,0.12779848835737465,7.824818688023979,0.07146954339993436,0.019514412968219874,0.0026945902555046124,0.04549197818407712,52.0,9.0,9.0
floating_point,numerical_integration,java,0.5339528252,6.787671899999999,12.7107268,0.0016852337920631,0.3561834246001319,0.6390449181379625,10,0.0005329177172802,0.1126350886535265,0.2020837468471809,0.3156147345848334,5.247505033355133,intel,3.6242965875356514,0.27591560895957257,0.28541174010029335,0.14222788860728314,0.0764238068587636,0.21381981435378825,66.0,15.0,15.0
floating_point,numerical_integration,rust,0.0021869025,0.2014887,92.1699239,7.554570084135238e-05,0.0123403810768639,5.309187287704974,10,2.3889648209237216e-05,0.0039023711397331,1.6789124353559388,3.4544613141807825,6.1246020629762175,intel,0.00044063614175174993,2269.4461603274253,0.008243602125111743,4.462610601454816e-05,9.047633777381779e-06,0.004144114115563146,15.0,2.0,2.0
integer_and_control_flow_intensive,josephus_problem,c,0.0024707547999999,0.2062007,83.4783001,8.432474514083426e-05,0.0156322388746248,6.038162278876235,10,2.666582577582523e-05,0.0049433479771641,1.9094345682961709,3.412914350741493,7.581079440867502,intel,0.0005094713692883393,1962.8188359178278,0.008441898502008617,0.00012052236856096095,1.0499133894648407e-05,0.004281210435284789,23.0,7.0,7.0
integer_and_control_flow_intensive,josephus_problem,cpp,0.0024721687999999,0.2140863,86.72073900000001,9.654441040934938e-05,0.0189029810467967,8.510622182682674,10,3.053002322516131e-05,0.0059776474674871,2.691295040243087,3.9052515511622583,8.829607988365778,intel,0.0005292574713674186,1889.4395527687973,0.00877375035040802,0.0001209004430568895,1.0916355287179829e-05,0.004447325396732455,27.0,8.0,8.0
integer_and_control_flow_intensive,josephus_problem,go,0.0023943382,0.2061275,86.3844875,0.0001458927209392,0.0103689913068833,6.827383655149268,10,4.613532922074652e-05,0.0032789629568237,2.1590082810077265,6.093237828276732,5.030377463891689,intel,0.0004935389473204999,2026.1825443141952,0.008438818006510133,0.00010009014258816217,1.0163173468827665e-05,0.004269454074549148,22.0,6.0,6.0
integer_and_control_flow_intensive,josephus_problem,java,0.0232774067,0.6518355,28.0116155,0.0006842001691443,0.0160198239916118,0.5880476213057823,10,0.0002163630909968,0.0050659131528503,0.185956985597043,2.9393315929146198,2.457648285742621,intel,0.01517304003499785,65.90637062140604,0.027195668930523643,0.005683792827580604,0.0003197037722683797,0.016439730879052122,54.0,14.0,14.0
integer_and_control_flow_intensive,josephus_problem,rust,0.0024228731,0.2059321,85.0469289,0.0001330386655788,0.0117918541511597,3.606372804314432,10,4.20705200098464e-05,0.0037289116954176,1.1404352153322317,5.490946495662693,5.726088429710425,intel,0.00049894734551651,2004.2195012878576,0.008430594935193146,0.00010771978752017928,1.0277218136023111e-05,0.0042691573613566625,21.0,5.0,5.0
integer_and_control_flow_intensive,knights_tour,c,0.0020299879,0.1989922,98.2724638,9.73323187509336e-05,0.010724685458221,7.598693212798221,10,3.077918171984651e-05,0.0033914433236865,2.40291777933049,4.7947240843619605,5.389500421735645,intel,0.00040395175819438,2475.543130372523,0.008138541236970182,2.6703717155147244e-06,8.274085276985339e-06,0.004070605804342848,18.0,6.0,6.0
integer_and_control_flow_intensive,knights_tour,cpp,0.0020707792999999,0.1938591999999999,94.0070165,0.0001186194392023,0.0123493572464318,9.789522445141769,10,3.751076026512629e-05,0.003905209653783,3.095718813198874,5.728251156573789,6.370271437430823,intel,0.00040143961847454037,2491.0346512383926,0.007922527802629843,1.357715247448425e-05,8.221112820462272e-06,0.003968052477552163,17.0,5.0,5.0
integer_and_control_flow_intensive,knights_tour,go,0.0025029077,0.2084835,84.0214091,0.0004028522377649,0.0183503617478723,5.773704243936651,10,0.0001273930631832,0.0058028939011305,1.8258055947020235,16.09536930846299,8.801829280433399,intel,0.00052181495747295,1916.3881480952725,0.008537966194958571,0.0001291193922244543,1.0759418059292589e-05,0.004333542793591513,26.0,8.0,8.0
integer_and_control_flow_intensive,knights_tour,java,0.0227282928,0.6290879,27.6638247,0.0010756036056573,0.0659413531025023,2.5001144588082376,10,0.0003401357253366,0.0208524867797317,0.7906056100953247,4.732443457686087,10.482057134225965,intel,0.014298093988137122,69.93939197977593,0.026238375496079817,0.005536971073019168,0.0003012541450198134,0.015887673284549493,53.0,14.0,14.0
integer_and_control_flow_intensive,knights_tour,rust,0.0023042265,0.2096551999999999,91.5705066,0.0002713156058292,0.0195815152619902,9.621997078834124,10,8.579752791689276e-05,0.0061922188265237,3.042742640860256,11.774693409231377,9.339866248006352,intel,0.0004830930677027998,2069.9945142148113,0.008587275164570212,7.599612875876578e-05,9.942905503824057e-06,0.004331635646664489,25.0,7.0,7.0
integer_and_control_flow_intensive,producer_consumer_single_thread,c,0.0044631485,0.2438225999999999,54.6552519,9.676795907765944e-05,0.0131396204088584,3.2320371637209595,10,3.0600715521137035e-05,0.0041551128082025,1.022059891966876,2.1681545903673034,5.389008405643455,intel,0.0010882164714560996,918.9348132747333,0.010025151146740463,0.0006532474349108886,2.270289370959873e-05,0.005339199290825675,32.0,7.0,7.0
integer_and_control_flow_intensive,producer_consumer_single_thread,cpp,0.0044950141999999,0.2506952,55.8413331,0.0001522207534571,0.0081330837366073,2.872715759572286,10,4.813642880715872e-05,0.0025719069008552,0.9084324870509076,3.38643543010751,3.2442119899413098,intel,0.001126878483871815,887.4071289072126,0.010314372640768791,0.000661767667205707,2.3518143655933917e-05,0.005488070153987249,34.0,8.0,8.0
integer_and_control_flow_intensive,producer_consumer_single_thread,go,0.0040837145,0.2461786,61.2172318,0.0007220945579653,0.0203064687296109,6.957038413845903,10,0.0002283463489182,0.0064214692420556,2.2000087157038157,17.682297769967633,8.248673414184225,intel,0.0010053231184097,994.7050671448593,0.010124299335188904,0.0005517945931229387,2.095495568464607e-05,0.005338046964155922,31.0,6.0,6.0
integer_and_control_flow_intensive,producer_consumer_single_thread,java,0.0305811526,0.8212748,26.8745118,0.0023703751421505,0.0881305842660007,2.433803320502147,10,0.0007495784358241,0.0278693377801961,0.7696361869667562,7.75109811312533,10.730949527003723,intel,0.02511552998533448,39.8160023134659,0.03432622905232806,0.007636664149739632,0.0005293569665018821,0.020981446601033845,56.0,14.0,14.0
integer_and_control_flow_intensive,producer_consumer_single_thread,rust,0.0031936595,0.2244255,70.4339047,0.0001817204206364,0.0118851035637987,4.751914606760964,10,5.74650426574955e-05,0.0037583997488588,1.5026873403988006,5.69003742059606,5.295790168139887,intel,0.00071673863011725,1395.2087385556597,0.00920885771458717,0.0003138122059421012,1.4869693332964796e-05,0.004761334960264636,29.0,5.0,5.0
integer_and_control_flow_intensive,sudoku_solver,c,0.0024205088,0.1997612,83.0999428,0.0002503151049141,0.0115767445222451,7.65946367650477,10,7.915658642726943e-05,0.0036608880580172,2.42213508730822,10.341425113353925,5.795291839579035,intel,0.00048352374249855995,2068.1507692519945,0.008170903273012986,0.00010708762236408032,9.951986966018939e-06,0.004138995447688533,19.0,5.0,5.0
integer_and_control_flow_intensive,sudoku_solver,cpp,0.0023071526,0.2053704999999999,89.1271491,7.770761722594084e-05,0.0131395036626198,6.84612829874596,10,2.4573306197850824e-05,0.0041550758898003,2.16493585777709,3.368117792726013,6.397950855950507,intel,0.0004738210830382998,2110.5012752654743,0.008406960969729371,7.677850767145077e-05,9.74739097863908e-06,0.004241869738700411,20.0,6.0,6.0
integer_and_control_flow_intensive,sudoku_solver,go,0.0029461309,0.2155877,73.4244868,0.0001981032521026,0.0184802662682236,7.400128621379237,10,6.264574885309896e-05,0.0058439733173966,2.3401261421760187,6.724183643797828,8.572041108200343,intel,0.00063514958462993,1574.4322663497453,0.008836934174744389,0.000247628153132409,1.3149258704785964e-05,0.004542281163938399,28.0,8.0,8.0
integer_and_control_flow_intensive,sudoku_solver,java,0.0300234544,0.7769756,26.187483800000003,0.0052871846233461,0.0779063158132895,1.985994091495564,10,0.0016719545819593,0.0246361402082387,0.6280264748762817,17.61018087028039,10.026867743760484,intel,0.02332749149651264,42.867875448566586,0.03246197377655769,0.007487547130047078,0.0004916533346685653,0.019974760453302383,55.0,14.0,14.0
integer_and_control_flow_intensive,sudoku_solver,rust,0.0025068611,0.2082939999999999,83.4595231,0.0001949413284654,0.0136772591877499,7.764256030307383,10,6.164586080498656e-05,0.0043251291181754,2.4552733392468657,7.776311518235235,6.5663241321161,intel,0.0005221641259633997,1915.1066691052104,0.008529991414945417,0.00013017645001243446,1.0766780831567356e-05,0.004330083932478926,24.0,7.0,7.0
integer_and_control_flow_intensive,towers_of_hanoi,c,0.0653015654,1.6029561,24.5489308,0.0005260058803598,0.0171024070914659,0.3698206135925301,10,0.0001663376644579,0.0054082559880447,0.116947546463342,0.8055027121292659,1.0669292247907418,intel,0.10467554259747894,9.553329986980975,0.0672219356902818,0.01692018788933786,0.0022070062133918997,0.04207106178980983,66.0,6.0,6.0
integer_and_control_flow_intensive,towers_of_hanoi,cpp,0.0651003111,1.5521872,23.819956,0.0007629108121375,0.1756353559121853,2.5199266891286083,10,0.0002412535817923,0.0555407762336826,0.7968707874293466,1.171900409147987,11.3153462360845,intel,0.10104786960543793,9.896299683552998,0.06508541427070631,0.016866376631893762,0.002130510965801506,0.04097589545130004,65.0,5.0,5.0
integer_and_control_flow_intensive,towers_of_hanoi,go,0.3951162657,6.7820139,17.1627174,0.0011544919715685,0.3699445517372839,0.899673181349416,10,0.0003650824170534,0.1169867391459818,0.2845016402833873,0.2921904441274326,5.454789052220668,intel,2.679684006093493,0.3731783291335995,0.2851736329482385,0.10510585024135703,0.05650515006336018,0.19513974159479777,75.0,15.0,15.0
integer_and_control_flow_intensive,towers_of_hanoi,java,0.2858221665,5.2425037,18.3677708,0.0066567655459797,0.3835167345347957,1.6145710151790795,10,0.002105054097503,0.1212786401920111,0.5105721852056184,2.3289885551895315,7.31552625389269,intel,1.498423765418266,0.6673679522967675,0.2203860067055006,0.0758828576932614,0.031596401458569075,0.148134432199381,73.0,13.0,13.0
integer_and_control_flow_intensive,towers_of_hanoi,rust,0.2185271498,4.1423053,18.9498347,0.0055415696480233,0.3791796376122915,1.6267664690567445,10,0.0017523981900211,0.1199071297212091,0.5144287263409137,2.5358723861520747,9.153831264254991,intel,0.905206170810434,1.1047207058969746,0.17408605836345115,0.05788955534718132,0.019087466150986894,0.11598780685531623,71.0,11.0,11.0
memory_intensive_and_allocation_heavy,crc_32,c,0.0021186135,0.2006344,95.0240562,0.0001207279537465,0.0130997349523653,8.71152371020361,10,3.817753110906117e-05,0.0041424999193991,2.754825681480402,5.698441633953879,6.529156990209731,intel,0.00042506674840439996,2352.5716931605766,0.008207650385981227,2.6367032993002072e-05,8.719328386694484e-06,0.004117008709487114,23.0,4.0,4.0
memory_intensive_and_allocation_heavy,crc_32,cpp,0.0027168379,0.2162471,80.3892339,0.0003722522867773,0.0136824752751669,7.515648962732026,10,0.0001177165090422,0.0043267785898466,2.3766568816515137,13.701674537791902,6.327241047471611,intel,0.00058750831704509,1702.10356345177,0.008864683884193836,0.00018631992442310935,1.2144666899676165e-05,0.004525501904308473,36.0,7.0,7.0
memory_intensive_and_allocation_heavy,crc_32,go,0.0026780684999999,0.2148006,81.7972181,0.0004704612719576,0.0124282928585456,11.373807627934497,10,0.0001487729170286,0.0039301712860609,3.5967137772869964,17.56718590124556,5.785967477998522,intel,0.0005752507206410785,1738.372441994626,0.00880381043148133,0.00017595378484567588,1.1886196008323734e-05,0.004489882108163503,34.0,6.0,6.0
memory_intensive_and_allocation_heavy,crc_32,java,0.0291051561,0.7692179,26.4109192,0.0011664543909188,0.0781483623507236,2.321784562905429,10,0.0003688652662008,0.0247126820440437,0.7342127454999644,4.0077242221657645,10.159457073310907,intel,0.022388207054414192,44.66637268315035,0.032135504378626265,0.00724201306577228,0.0004718470301549656,0.019688758722199273,67.0,14.0,14.0
memory_intensive_and_allocation_heavy,crc_32,rust,0.0022937662,0.2039973,89.08986519999999,0.0002296283965602,0.0211900719575622,6.357709012618123,10,7.261487485828536e-05,0.0067008891168759,2.010484118045345,10.01097655725672,10.387427655935776,intel,0.00046792211163126,2137.1078116266435,0.008349172220842537,7.319925984097114e-05,9.623001796014247e-06,0.004211185740341754,26.0,5.0,5.0
memory_intensive_and_allocation_heavy,huffman_coding,c,0.0020257833,0.2016232,99.4622363,5.844071594749295e-05,0.01512133569791,5.644544705381172,10,1.8480577048500288e-05,0.0047817862069407,1.7849617623648586,2.884845380426078,7.499799476404522,intel,0.00040844491145255996,2448.3105847583756,0.008249262325173846,1.546148217932486e-06,8.368830550801401e-06,0.0041254042366958895,24.0,5.0,5.0
memory_intensive_and_allocation_heavy,huffman_coding,cpp,0.0026363474,0.2043267999999999,77.6719123,0.0001439441276878,0.0150303252777694,6.741043847719778,10,4.551912992997803e-05,0.0047530061850954,2.131705236585975,5.459983296885356,7.3560224492183375,intel,0.0005386764279303197,1856.4020034107648,0.00836303865891289,0.0001647984214425304,1.1114968948307237e-05,0.00426391854017771,28.0,7.0,7.0
memory_intensive_and_allocation_heavy,huffman_coding,go,0.0026866815,0.2150872999999999,83.3431659,0.0007826151711728,0.0179617848225367,13.449783925983798,10,0.0002474846472308,0.0056800150881059,4.253195124323032,29.12943611562449,8.350927657066103,intel,0.0005778710697949498,1730.4898138521407,0.00881587570551705,0.00017825672376609353,1.1941450232653885e-05,0.004497066214641572,35.0,8.0,8.0
memory_intensive_and_allocation_heavy,huffman_coding,java,0.0399011047,1.0453833,26.1877727,0.0020023190784486,0.0973620362416595,1.8936734598808536,10,0.0006331888890307,0.0307885792155503,0.5988321277834985,5.018204617399037,9.313525119605366,intel,0.041711948504931505,23.97394597573816,0.04375744797885458,0.010128627510620766,0.0008793188143739801,0.02694303774473767,75.0,15.0,15.0
memory_intensive_and_allocation_heavy,huffman_coding,rust,0.0022800785,0.2052363999999999,90.2252405,0.0001294974860049,0.0123698175967868,6.852417100607206,10,4.095070070415294e-05,0.0039116797846676,2.1669245515405944,5.679518753629945,6.0271070808038205,intel,0.00046795510305739973,2136.9571428251725,0.008401317602976004,6.953945059208739e-05,9.623697472641236e-06,0.0042354285267840455,27.0,6.0,6.0
memory_intensive_and_allocation_heavy,priority_queue,c,0.0020441406,0.1968444,96.4756974,8.455667743419853e-05,0.0064412872626517,5.838426585369144,10,2.673916920682297e-05,0.002036913881341,1.8462725961445996,4.136539210375183,3.272273563612569,intel,0.00040237762992264,2485.227621108701,0.00804815478571825,6.454512393398982e-06,8.240892281875257e-06,0.0040273046490558245,22.0,5.0,5.0
memory_intensive_and_allocation_heavy,priority_queue,cpp,0.0026629041,0.2080562,78.6332795,0.000288271381491,0.0154286084689737,7.529269948632474,10,9.115941497550684e-05,0.004878954388892,2.38096421559376,10.825451111478785,7.4155965883130435,intel,0.0005540337080104199,1804.9443301763736,0.008519984012902536,0.00017189913641143156,1.1438801593812958e-05,0.004345941574656984,30.0,7.0,7.0
memory_intensive_and_allocation_heavy,priority_queue,go,0.0027101994,0.2087273999999999,79.4519241,0.0006234955198524,0.014616751510206,12.97027917406589,10,0.0001971665953644,0.0046222226764957,4.101562407829574,23.005522023671915,7.002794798481683,intel,0.0005656928742435597,1767.7436742281623,0.008548230304959659,0.0001845449261619907,1.1684653634407113e-05,0.004366387615560825,31.0,8.0,8.0
memory_intensive_and_allocation_heavy,priority_queue,java,0.0376869002,0.949961,25.4739099,0.0054185691123167,0.1118741677203057,3.1127452380918417,10,0.0017135020053957,0.0353777181331853,0.9843364728213332,14.377858310343983,11.776711646089234,intel,0.0358010854008922,27.932114035153777,0.03974176538862399,0.009536594801836981,0.000754678876427969,0.024639180095230487,69.0,14.0,14.0
memory_intensive_and_allocation_heavy,priority_queue,rust,0.0023098054,0.2014522,87.2937588,0.0003268788603141,0.0290810713496673,5.583898067860675,10,0.0001033681717552,0.0091962422262815,1.7657836116653187,14.151792194880716,14.435717926965983,intel,0.00046531537940188,2149.080052512788,0.008242066085689686,7.74878117894135e-05,9.568034706167458e-06,0.004159776948739549,25.0,6.0,6.0
memory_intensive_and_allocation_heavy,tree_traversal,c,0.0020822586,0.1917718,92.1625945,7.420812615310777e-05,0.0091541738968261,4.766341974629886,10,2.3466669953692958e-05,0.0028948039611229,1.5072496747094928,3.5638285347030263,4.773472375409818,intel,0.00039931847978747994,2504.266771055041,0.007834683180996881,1.664648101843799e-05,8.17638524181992e-06,0.003925664831007659,20.0,5.0,5.0
memory_intensive_and_allocation_heavy,tree_traversal,cpp,0.0025984453,0.2134396,82.21692909999999,0.0001133058214931,0.0099302015331456,4.0190238824481685,10,3.583044680747546e-05,0.0031402054469236,1.270926943914903,4.360523636696569,4.652464459803002,intel,0.00055461112545388,1803.0651642294856,0.008746535098510904,0.00015466418003366603,1.1450977357835074e-05,0.004450599639272285,32.0,8.0,8.0
memory_intensive_and_allocation_heavy,tree_traversal,go,0.0025767316,0.2055233,80.2797911,0.0003479155205608,0.0200068948340315,6.9016458146710775,10,0.0001100205478295,0.0063267356582996,2.182492037812894,13.502202579457276,9.73461151802817,intel,0.00052957838164628,1888.294603135684,0.0084133912936661,0.000148858383582291,1.0923122190175126e-05,0.004281124838624195,29.0,7.0,7.0
memory_intensive_and_allocation_heavy,tree_traversal,java,0.0284256917999999,0.7462934000000001,26.2217673,0.0008277576913169,0.0769569900473995,2.314960862450982,10,0.0002617599655284,0.0243359370420691,0.7320549019492864,2.9120054390970744,10.311894765168704,intel,0.021213906180774046,47.138890474885294,0.031170766413394443,0.007060338297226313,0.0004470850308590535,0.01911555235531038,66.0,14.0,14.0
memory_intensive_and_allocation_heavy,tree_traversal,rust,0.002253571,0.1948909999999999,86.5038622,9.350493008867972e-05,0.016108960874136,6.626697084310616,10,2.95688551535038e-05,0.0050941007100806,2.09554561504184,4.149189445936237,8.26562584939069,intel,0.0004392007057609997,2276.8633722191034,0.007965949322511464,6.245189069051272e-05,9.017365329328851e-06,0.004014200606600988,21.0,6.0,6.0
memory_intensive_and_allocation_heavy,word_frequency_counter,c,0.0027451361,0.2135371,77.8403155,0.0001916461598754,0.0180034528567901,4.891262691215776,10,6.060383700310477e-05,0.0056931916774922,1.546753073844671,6.981299028321547,8.431065541674116,intel,0.00058618840189931,1705.9361747177159,0.008750638217515032,0.00019388628064707393,1.2116834392144129e-05,0.004472262249081053,33.0,5.0,5.0
memory_intensive_and_allocation_heavy,word_frequency_counter,cpp,0.0032069293,0.2214105,69.0822754,0.0001499742389227,0.0108098116773605,2.6779012725077216,10,4.742601853461404e-05,0.0034183625977944,0.8468267370187643,4.676568296118704,4.882248889443145,intel,0.0007100478197776501,1408.3558489245806,0.009081976649998021,0.00031736027733253474,1.4728606968611953e-05,0.004699668463665278,38.0,7.0,7.0
memory_intensive_and_allocation_heavy,word_frequency_counter,go,0.0036388124,0.2348628,64.6569484,0.0001314765160291,0.0123710605922765,4.688101575111832,10,4.1576524947565726e-05,0.0039120728543545,1.4825078879576334,3.613171045287204,5.267356342629203,intel,0.00085462166893872,1170.1084074334467,0.00964809344773355,0.00043283692891143754,1.7777176233519747e-05,0.005040465188322494,39.0,8.0,8.0
memory_intensive_and_allocation_heavy,word_frequency_counter,java,0.0384286715,1.0284945,26.907660900000003,0.0068583449371911,0.159662664048125,2.4036768963349777,10,0.0021687990980608,0.0504897675682354,0.7601093751542966,17.846947785304373,15.52392006453365,intel,0.03952367728005675,25.301289475526357,0.04304671201745053,0.009734929179730742,0.0008331756395318754,0.026390820598590634,73.0,15.0,15.0
memory_intensive_and_allocation_heavy,word_frequency_counter,rust,0.0028219375,0.2183467,77.5160115,0.0002234761269508,0.016357498729261,4.915988720453592,10,7.066935638375695e-05,0.0051726952807774,1.5545721308330127,7.919244382656676,7.491525509321219,intel,0.0006161607407312499,1622.9531255321715,0.008953041921743215,0.00021442139421964,1.2748848767431707e-05,0.004583731657981428,37.0,6.0,6.0
string_and_text_processing,anagram_checker,c,0.1910825073,4.1143574,21.5433062,0.0069766556495103,0.1032091519792052,0.4652969022242799,10,0.0022062122303134,0.0326375995628763,0.147139799924939,3.6511220980353545,2.5085120699335746,intel,0.7861817279203092,1.2719705438147304,0.17290991929047234,0.05055142283011815,0.01657764670249624,0.11173067106029524,65.0,5.0,5.0
string_and_text_processing,anagram_checker,cpp,0.2569515341,4.6607485,18.129729500000003,0.002328113128689,0.3823126627554556,1.375841367669031,10,0.0007362140137198,0.1208978792631064,0.4350792420915287,0.9060514609665644,8.202816838442487,intel,1.197586477129274,0.8350127686787955,0.19590384448119758,0.06816344482779531,0.025252769355405946,0.13203364465449643,67.0,7.0,7.0
string_and_text_processing,anagram_checker,go,0.6598154533,10.6884371,16.1963959,0.0110393848790821,0.4855661374557079,0.6170204527035904,10,0.0034909600185121,0.1535494949010433,0.1951189993451544,1.6731018990036892,4.54291055757542,intel,7.052395970205038,0.14179578177754057,0.4495687023849725,0.17588096475661316,0.1487107278731721,0.31272483357079284,74.0,14.0,14.0
string_and_text_processing,anagram_checker,java,0.3509374956,6.9233466,19.7247098,0.0052888981000937,0.3301067780542797,0.8244744422078549,10,0.0016724964308833,0.104388928971121,0.2607217109973685,1.507076948574919,4.768023285939198,intel,2.429661916974775,0.41157989636892434,0.29112137538182353,0.09329335643916345,0.051233037154571386,0.19220736591049348,72.0,12.0,12.0
string_and_text_processing,anagram_checker,rust,0.2526164852,4.7556457000000005,18.816517,0.0042998021201551,0.386659729836354,1.3950099561265594,10,0.0013597168187711,0.1222725425748243,0.4411408819971489,1.7021067001034853,8.130541134221877,intel,1.2013545015904938,0.8323937677647046,0.19989742914538644,0.067004341979356,0.02533222413667208,0.13345088556237122,70.0,10.0,10.0
string_and_text_processing,command_line_argument_parser,c,0.0021561332,0.1959347,91.5247629,0.0001761082016739,0.0148072369247082,10.863930613094778,10,5.569030319260656e-05,0.0046824594535825,3.435476507940898,8.167779322445549,7.5572305082807105,intel,0.00042246131170203994,2367.080658749873,0.00800987163332795,3.63990285127271e-05,8.664388615092856e-06,0.004023135330920339,13.0,5.0,5.0
string_and_text_processing,command_line_argument_parser,cpp,0.0025814461,0.2080074,80.6416468,0.0001054546340896,0.015720187991525,6.093974454144349,10,3.334768335430345e-05,0.0049711599299246,1.9270839277977467,4.085099204267048,7.55751381514555,intel,0.00053695989150114,1862.3364907281477,0.008517930349236882,0.0001501189438447063,1.1078773050982392e-05,0.0043340246465407945,15.0,7.0,7.0
string_and_text_processing,command_line_argument_parser,go,0.0024671821,0.2124753,86.5253484,0.0002644472307602,0.0218829197120087,8.980816625548888,10,8.362555701265411e-05,0.0069199868144543,2.8399835785042016,10.718593927876393,10.299041682496169,intel,0.00052421525685213,1907.6133075655193,0.008705954199478295,0.00011956710211713762,1.0810032184574631e-05,0.004412760650797716,16.0,8.0,8.0
string_and_text_processing,command_line_argument_parser,java,0.0224094788999999,0.6205122000000001,27.6692441,0.000573742026462,0.0608266541096728,2.435640996073128,10,0.000181433159298,0.0192350769433807,0.7702173110072309,2.560264917458828,9.802652407103814,intel,0.01390535505309252,71.91474048536448,0.025877481981785567,0.00545172679824013,0.0002929726207091776,0.015664604390012847,39.0,14.0,14.0
string_and_text_processing,command_line_argument_parser,rust,0.002259062,0.199499,88.85242339999999,0.0002910072675698,0.0133684134270135,4.950222190225254,10,9.202457811826386e-05,0.0042274635132139,1.5653977045019107,12.881774274889564,6.700992700220822,intel,0.000450680609938,2218.8662612699704,0.008159869039137273,6.392007107038817e-05,9.259437344711794e-06,0.004111894555103831,14.0,6.0,6.0
string_and_text_processing,longest_common_subsequence,c,0.0063425029999999,0.2784353,43.908286700000005,9.171421688169298e-05,0.0103629488837235,1.769607883758752,10,2.900258191648153e-05,0.0032770521748465,0.5595991478068143,1.446025597176588,3.7218516774717543,intel,0.001765976725555872,566.2588784601521,0.011481766809859826,0.0011557481458433871,3.699454528845866e-05,0.006318757477851607,18.0,5.0,5.0
string_and_text_processing,longest_common_subsequence,cpp,0.0069140763999999,0.2870658,41.505112,0.0001570231327141,0.0163991793886835,1.870939186460048,10,4.9655074471173455e-05,0.0051858758625927,0.591642919287621,2.2710644723883737,5.712690048303735,intel,0.0019847948730270914,503.8304026223422,0.011844966487450757,0.0013085751084255508,4.160867352019457e-05,0.006576770797938154,19.0,6.0,6.0
string_and_text_processing,longest_common_subsequence,go,0.0089559523,0.3354791,38.0886359,0.0015007137018232,0.0141498638976571,4.2652630387993,10,0.0004745673413584,0.0044745798497984,1.348794602233692,16.756606685178973,4.217807874665566,intel,0.00300453481724693,332.8302252514101,0.013882356551886538,0.0018545306965735244,6.311151009947058e-05,0.007868443624230032,23.0,8.0,8.0
string_and_text_processing,longest_common_subsequence,java,0.0466504613,1.1697053,25.1572866,0.0027965011101505,0.0817611150242651,2.2795611567217726,10,0.0008843312987265,0.025855134751169,0.7208605320888851,5.994584045304017,6.989890105162824,intel,0.05456729183005489,18.325996516638824,0.04898932450019861,0.011933266544840832,0.0011503941490781603,0.03046129552251972,50.0,15.0,15.0
string_and_text_processing,longest_common_subsequence,rust,0.0069407791,0.2991508,43.1136757,0.0001177894736274,0.0131187666408766,2.080000354064448,10,3.724830210550982e-05,0.0041485182677406,0.6577538652800321,1.697064146983968,4.385335637035455,intel,0.0020763396203882798,481.61677896075497,0.012353542827603287,0.0013157148607893907,4.353903993700169e-05,0.006834628844196338,21.0,7.0,7.0
string_and_text_processing,palindrome_detection,c,0.0266994422,0.7148606,26.7756089,0.0003145093711381,0.0145797115746505,0.5225448553910524,10,9.945659582638716e-05,0.0046105096204215,0.1652431922639041,1.1779623288840837,2.039518134675568,intel,0.01908637927075732,52.39338408894153,0.02984797134639018,0.006598774685227121,0.00040222274638798515,0.01822337301580865,43.0,3.0,3.0
string_and_text_processing,palindrome_detection,cpp,0.0742157921,1.7584917,23.6962636,0.0005907381084166,0.0227139416954531,0.4004490133330047,10,0.0001868077923256,0.0071827790397898,0.126633096889943,0.7959735949737671,1.29167181712903,intel,0.13050785441677556,7.662374072954335,0.07376738262544337,0.019303668629221525,0.002751721542691079,0.046535525627332444,56.0,11.0,11.0
string_and_text_processing,palindrome_detection,go,0.0845853254,1.9979013,23.6243491,0.0013474439903104,0.0237210534151041,0.4128843689725707,10,0.0004260992028886,0.0075012557290244,0.1305655016234678,1.5929997123478288,1.1872985625017694,intel,0.16899313157758303,5.91740025564832,0.08384252190267803,0.022076268399668506,0.0035632447454328384,0.05295939515117327,59.0,14.0,14.0
string_and_text_processing,palindrome_detection,java,0.0557977737,1.3527492,24.2240111,0.0010782173503118,0.1360384595209915,2.232236382598028,10,0.0003409622639697,0.0430191381466951,0.7058951244904816,1.932366255522982,10.056443538905178,intel,0.07548039373445604,13.248473550867422,0.05669241070203937,0.014379069603349432,0.0015913801231640574,0.0355357401526944,52.0,8.0,8.0
string_and_text_processing,palindrome_detection,rust,0.1096184376999999,2.5764094,23.5208688,0.0049820952808679,0.0684983485903128,0.4681209112395358,10,0.0015754768607519,0.0216610797505572,0.1480328299870448,4.544942790101401,2.658674843769503,intel,0.28242197330359414,3.540800980542097,0.10818803553499852,0.0287696073772822,0.00595507205477394,0.06847882145614036,62.0,15.0,15.0
string_and_text_processing,sha1_pure_implementation,c,0.0102781694,0.3597769,35.0149981,0.0002862721819757,0.0160288344862902,1.5403823673425625,10,9.05272125789564e-05,0.0050687625214532,0.4871116748364666,2.785244831397192,4.45521501972202,intel,0.0036978479244068603,270.42756231258517,0.01490488747433239,0.0022080643341906648,7.773111829078814e-05,0.008556475904261528,27.0,7.0,7.0
string_and_text_processing,sha1_pure_implementation,cpp,0.011047346,0.3834156,34.7342964,0.0002308256100103,0.0181570552017666,2.107954697026438,10,7.299346699305807e-05,0.005741765003899,0.6665938047053708,2.0894213869139757,4.735606793715911,intel,0.0042357247949976005,236.08710395467665,0.015899681312310347,0.0024137263252267693,8.907310652381128e-05,0.009156703818768559,29.0,8.0,8.0
string_and_text_processing,sha1_pure_implementation,go,0.0097933818,0.3618277,37.7320848,0.0019466080677628,0.0216458170249537,4.555422613532746,10,0.0006155715205789,0.0068450083614103,1.4405511163400453,19.876770940992188,5.982354868063927,intel,0.00354351681191586,282.2055187200689,0.014991191848216113,0.002078442108234214,7.447680162917033e-05,0.008534816978225163,26.0,6.0,6.0
string_and_text_processing,sha1_pure_implementation,java,0.0624866373,1.5371114,24.6093806,0.0021976927889363,0.0337289150769287,0.3472788700873632,10,0.0006949714810366,0.0106660194649488,0.1098192212725785,3.517060421070718,2.1943051802835303,intel,0.09604892254149522,10.411360935027442,0.06445097528114309,0.016167534054484484,0.0020251002261382194,0.040309254667813786,55.0,15.0,15.0
string_and_text_processing,sha1_pure_implementation,rust,0.006874104,0.2962335,43.1010111,0.000172525938965,0.015302625179651,2.0950751281165423,10,5.455749225888037e-05,0.004839114974754,0.6625209274017346,2.5097952979045224,5.165730810205811,intel,0.002036339887284,491.07715575603913,0.01223077329867263,0.0012978873114092727,4.269558202498078e-05,0.0067643303050409515,20.0,5.0,5.0
