category,algorithm,language,run,status,time_s,energy_j,dynamic_energy_j,power_w,idle_power_w,domain,energy_path,exit_code
string_and_text_processing,sha1_pure_implementation,c,1,OK,0.01015701,0.33319,0.270527343,32.803945,6.1694,package-0,/sys/class/powercap/intel-rapl:0/energy_uj,0
string_and_text_processing,sha1_pure_implementation,c,2,OK,0.01030399,0.379759,0.316189564,36.855529,6.1694,package-0,/sys/class/powercap/intel-rapl:0/energy_uj,0
string_and_text_processing,sha1_pure_implementation,c,3,OK,0.010536538,0.358459,0.293454882,34.020567,6.1694,package-0,/sys/class/powercap/intel-rapl:0/energy_uj,0
string_and_text_processing,sha1_pure_implementation,c,4,OK,0.010285715,0.338805,0.27534831,32.939373,6.1694,package-0,/sys/class/powercap/intel-rapl:0/energy_uj,0
string_and_text_processing,sha1_pure_implementation,c,5,OK,0.010387657,0.364013,0.299927389,35.04284,6.1694,package-0,/sys/class/powercap/intel-rapl:0/energy_uj,0
string_and_text_processing,sha1_pure_implementation,c,6,OK,0.010044399,0.349243,0.287275085,34.769925,6.1694,package-0,/sys/class/powercap/intel-rapl:0/energy_uj,0
string_and_text_processing,sha1_pure_implementation,c,7,OK,0.009923207,0.369933,0.308712767,37.279581,6.1694,package-0,/sys/class/powercap/intel-rapl:0/energy_uj,0
string_and_text_processing,sha1_pure_implementation,c,8,OK,0.010891677,0.381957,0.314761888,35.068704,6.1694,package-0,/sys/class/powercap/intel-rapl:0/energy_uj,0
string_and_text_processing,sha1_pure_implementation,c,9,OK,0.009984472,0.365478,0.303879798,36.60464,6.1694,package-0,/sys/class/powercap/intel-rapl:0/energy_uj,0
string_and_text_processing,sha1_pure_implementation,c,10,OK,0.010267029,0.356932,0.293590591,34.764877,6.1694,package-0,/sys/class/powercap/intel-rapl:0/energy_uj,0
string_and_text_processing,sha1_pure_implementation,go,1,OK,0.009043664,0.343017,0.287223019,37.928985,6.1694,package-0,/sys/class/powercap/intel-rapl:0/energy_uj,0
string_and_text_processing,sha1_pure_implementation,go,2,OK,0.008299072,0.341918,0.290717705,41.199546,6.1694,package-0,/sys/class/powercap/intel-rapl:0/energy_uj,0
string_and_text_processing,sha1_pure_implementation,go,3,OK,0.008949244,0.366577,0.311365534,40.961784,6.1694,package-0,/sys/class/powercap/intel-rapl:0/energy_uj,0
string_and_text_processing,sha1_pure_implementation,go,4,OK,0.008936133,0.342772,0.287641421,38.357979,6.1694,package-0,/sys/class/powercap/intel-rapl:0/energy_uj,0
string_and_text_processing,sha1_pure_implementation,go,5,OK,0.009053648,0.352599,0.296743424,38.945517,6.1694,package-0,/sys/class/powercap/intel-rapl:0/energy_uj,0
string_and_text_processing,sha1_pure_implementation,go,6,OK,0.009287204,0.366149,0.308852524,39.425106,6.1694,package-0,/sys/class/powercap/intel-rapl:0/energy_uj,0
string_and_text_processing,sha1_pure_implementation,go,7,OK,0.013182538,0.388182,0.30685365,29.446682,6.1694,package-0,/sys/class/powercap/intel-rapl:0/energy_uj,0
string_and_text_processing,sha1_pure_implementation,go,8,OK,0.008596585,0.366576,0.313540229,42.642049,6.1694,package-0,/sys/class/powercap/intel-rapl:0/energy_uj,0
string_and_text_processing,sha1_pure_implementation,go,9,OK,0.013705544,0.406066,0.321511017,29.627864,6.1694,package-0,/sys/class/powercap/intel-rapl:0/energy_uj,0
string_and_text_processing,sha1_pure_implementation,go,10,OK,0.008880186,0.344421,0.28963558,38.785336,6.1694,package-0,/sys/class/powercap/intel-rapl:0/energy_uj,0
string_and_text_processing,sha1_pure_implementation,rust,1,OK,0.007063497,0.287048,0.243470462,40.638228,6.1694,package-0,/sys/class/powercap/intel-rapl:0/energy_uj,0
string_and_text_processing,sha1_pure_implementation,rust,2,OK,0.00689132,0.312499,0.26998369,45.346755,6.1694,package-0,/sys/class/powercap/intel-rapl:0/energy_uj,0
string_and_text_processing,sha1_pure_implementation,rust,3,OK,0.007081624,0.32196,0.278270629,45.464148,6.1694,package-0,/sys/class/powercap/intel-rapl:0/energy_uj,0
string_and_text_processing,sha1_pure_implementation,rust,4,OK,0.006840394,0.315002,0.272800873,46.050271,6.1694,package-0,/sys/class/powercap/intel-rapl:0/energy_uj,0
string_and_text_processing,sha1_pure_implementation,rust,5,OK,0.006900959,0.288268,0.245693224,41.772165,6.1694,package-0,/sys/class/powercap/intel-rapl:0/energy_uj,0
string_and_text_processing,sha1_pure_implementation,rust,6,OK,0.006929081,0.283325,0.240576728,40.889261,6.1694,package-0,/sys/class/powercap/intel-rapl:0/energy_uj,0
string_and_text_processing,sha1_pure_implementation,rust,7,OK,0.007056549,0.290038,0.246503327,41.101961,6.1694,package-0,/sys/class/powercap/intel-rapl:0/energy_uj,0
string_and_text_processing,sha1_pure_implementation,rust,8,OK,0.006649415,0.290954,0.249931099,43.75633,6.1694,package-0,/sys/class/powercap/intel-rapl:0/energy_uj,0
string_and_text_processing,sha1_pure_implementation,rust,9,OK,0.006740918,0.298095,0.25650758,44.221722,6.1694,package-0,/sys/class/powercap/intel-rapl:0/energy_uj,0
string_and_text_processing,sha1_pure_implementation,rust,10,OK,0.006587283,0.275146,0.234506416,41.76927,6.1694,package-0,/sys/class/powercap/intel-rapl:0/energy_uj,0
string_and_text_processing,sha1_pure_implementation,cpp,1,OK,0.011115598,0.39331,0.32473343,35.383611,6.1694,package-0,/sys/class/powercap/intel-rapl:0/energy_uj,0
string_and_text_processing,sha1_pure_implementation,cpp,2,OK,0.011053127,0.365233,0.297041838,33.043409,6.1694,package-0,/sys/class/powercap/intel-rapl:0/energy_uj,0
string_and_text_processing,sha1_pure_implementation,cpp,3,OK,0.010946865,0.36859,0.301054411,33.670827,6.1694,package-0,/sys/class/powercap/intel-rapl:0/energy_uj,0
string_and_text_processing,sha1_pure_implementation,cpp,4,OK,0.010778663,0.417418,0.350920116,38.726324,6.1694,package-0,/sys/class/powercap/intel-rapl:0/energy_uj,0
string_and_text_processing,sha1_pure_implementation,cpp,5,OK,0.011491943,0.381163,0.310264607,33.167846,6.1694,package-0,/sys/class/powercap/intel-rapl:0/energy_uj,0
string_and_text_processing,sha1_pure_implementation,cpp,6,OK,0.011071818,0.371336,0.303029526,33.538846,6.1694,package-0,/sys/class/powercap/intel-rapl:0/energy_uj,0
string_and_text_processing,sha1_pure_implementation,cpp,7,OK,0.010992252,0.364074,0.296258401,33.120966,6.1694,package-0,/sys/class/powercap/intel-rapl:0/energy_uj,0
string_and_text_processing,sha1_pure_implementation,cpp,8,OK,0.011160526,0.377501,0.308647251,33.82466,6.1694,package-0,/sys/class/powercap/intel-rapl:0/energy_uj,0
string_and_text_processing,sha1_pure_implementation,cpp,9,OK,0.010656091,0.407531,0.341789312,38.243949,6.1694,package-0,/sys/class/powercap/intel-rapl:0/energy_uj,0
string_and_text_processing,sha1_pure_implementation,cpp,10,OK,0.011206577,0.388,0.318862144,34.622526,6.1694,package-0,/sys/class/powercap/intel-rapl:0/energy_uj,0
string_and_text_processing,anagram_checker,c,1,OK,0.192419663,4.129933,2.942819131,21.463155,6.1694,package-0,/sys/class/powercap/intel-rapl:0/energy_uj,0
string_and_text_processing,anagram_checker,c,2,OK,0.19336712,4.132314,2.93935489,21.370303,6.1694,package-0,/sys/class/powercap/intel-rapl:0/energy_uj,0
string_and_text_processing,anagram_checker,c,3,OK,0.178384415,4.039785,2.93926019,22.646513,6.1694,package-0,/sys/class/powercap/intel-rapl:0/energy_uj,0
string_and_text_processing,anagram_checker,c,4,OK,0.189379345,3.990957,2.822600069,21.073877,6.1694,package-0,/sys/class/powercap/intel-rapl:0/energy_uj,0
string_and_text_processing,anagram_checker,c,5,OK,0.20051223,4.218984,2.981943848,21.041031,6.1694,package-0,/sys/class/powercap/intel-rapl:0/energy_uj,0
string_and_text_processing,anagram_checker,c,6,OK,0.190121215,4.049245,2.876311176,21.298228,6.1694,package-0,/sys/class/powercap/intel-rapl:0/energy_uj,0
string_and_text_processing,anagram_checker,c,7,OK,0.194675165,4.174123,2.973094037,21.441477,6.1694,package-0,/sys/class/powercap/intel-rapl:0/energy_uj,0
string_and_text_processing,anagram_checker,c,8,OK,0.197478631,4.242665,3.024340334,21.484173,6.1694,package-0,/sys/class/powercap/intel-rapl:0/energy_uj,0
string_and_text_processing,anagram_checker,c,9,OK,0.194091224,4.21935,3.021923603,21.739005,6.1694,package-0,/sys/class/powercap/intel-rapl:0/energy_uj,0
string_and_text_processing,anagram_checker,c,10,OK,0.180396065,3.946218,2.833282517,21.8753,6.1694,package-0,/sys/class/powercap/intel-rapl:0/energy_uj,0
string_and_text_processing,anagram_checker,go,1,OK,0.648233143,9.616248,5.617038448,14.834552,6.1694,package-0,/sys/class/powercap/intel-rapl:0/energy_uj,0
string_and_text_processing,anagram_checker,go,2,OK,0.652997193,10.717624,6.689023118,16.412971,6.1694,package-0,/sys/class/powercap/intel-rapl:0/energy_uj,0
string_and_text_processing,anagram_checker,go,3,OK,0.651966041,10.016331,5.994091707,15.363271,6.1694,package-0,/sys/class/powercap/intel-rapl:0/energy_uj,0
string_and_text_processing,anagram_checker,go,4,OK,0.652745974,11.04587,7.018818988,16.922157,6.1694,package-0,/sys/class/powercap/intel-rapl:0/energy_uj,0
string_and_text_processing,anagram_checker,go,5,OK,0.677367562,11.028353,6.849401563,16.281194,6.1694,package-0,/sys/class/powercap/intel-rapl:0/energy_uj,0
string_and_text_processing,anagram_checker,go,6,OK,0.659639829,10.823215,6.753633039,16.407765,6.1694,package-0,/sys/class/powercap/intel-rapl:0/energy_uj,0
string_and_text_processing,anagram_checker,go,7,OK,0.655498043,10.782138,6.738108374,16.448772,6.1694,package-0,/sys/class/powercap/intel-rapl:0/energy_uj,0
string_and_text_processing,anagram_checker,go,8,OK,0.652416934,10.799899,6.774877967,16.553677,6.1694,package-0,/sys/class/powercap/intel-rapl:0/energy_uj,0
string_and_text_processing,anagram_checker,go,9,OK,0.669139926,10.966464,6.838272141,16.388895,6.1694,package-0,/sys/class/powercap/intel-rapl:0/energy_uj,0
string_and_text_processing,anagram_checker,go,10,OK,0.678149888,11.088229,6.904451081,16.350705,6.1694,package-0,/sys/class/powercap/intel-rapl:0/energy_uj,0
string_and_text_processing,anagram_checker,rust,1,OK,0.246919,3.670462,2.147119921,14.865045,6.1694,package-0,/sys/class/powercap/intel-rapl:0/energy_uj,0
string_and_text_processing,anagram_checker,rust,2,OK,0.251960699,4.917224,3.362777664,19.515837,6.1694,package-0,/sys/class/powercap/intel-rapl:0/energy_uj,0
string_and_text_processing,anagram_checker,rust,3,OK,0.25232078,4.846972,3.29030418,19.209563,6.1694,package-0,/sys/class/powercap/intel-rapl:0/energy_uj,0
string_and_text_processing,anagram_checker,rust,4,OK,0.253612399,4.845813,3.281176666,19.107161,6.1694,package-0,/sys/class/powercap/intel-rapl:0/energy_uj,0
string_and_text_processing,anagram_checker,rust,5,OK,0.251406841,4.866321,3.315291635,19.356359,6.1694,package-0,/sys/class/powercap/intel-rapl:0/energy_uj,0
string_and_text_processing,anagram_checker,rust,6,OK,0.251498582,4.806079,3.254483648,19.109766,6.1694,package-0,/sys/class/powercap/intel-rapl:0/energy_uj,0
string_and_text_processing,anagram_checker,rust,7,OK,0.251993771,4.840197,3.285546629,19.207606,6.1694,package-0,/sys/class/powercap/intel-rapl:0/energy_uj,0
string_and_text_processing,anagram_checker,rust,8,OK,0.26380303,5.039965,3.412458587,19.105031,6.1694,package-0,/sys/class/powercap/intel-rapl:0/energy_uj,0
string_and_text_processing,anagram_checker,rust,9,OK,0.250673727,4.855761,3.309254509,19.370841,6.1694,package-0,/sys/class/powercap/intel-rapl:0/energy_uj,0
string_and_text_processing,anagram_checker,rust,10,OK,0.251976023,4.867663,3.313122124,19.317961,6.1694,package-0,/sys/class/powercap/intel-rapl:0/energy_uj,0
string_and_text_processing,anagram_checker,cpp,1,OK,0.251891593,3.606619,2.052599006,14.31814,6.1694,package-0,/sys/class/powercap/intel-rapl:0/energy_uj,0
string_and_text_processing,anagram_checker,cpp,2,OK,0.257470169,4.794116,3.205679539,18.620083,6.1694,package-0,/sys/class/powercap/intel-rapl:0/energy_uj,0
string_and_text_processing,anagram_checker,cpp,3,OK,0.260826066,5.011095,3.401954668,19.212401,6.1694,package-0,/sys/class/powercap/intel-rapl:0/energy_uj,0
string_and_text_processing,anagram_checker,cpp,4,OK,0.255083983,4.84154,3.267824875,18.98018,6.1694,package-0,/sys/class/powercap/intel-rapl:0/energy_uj,0
string_and_text_processing,anagram_checker,cpp,5,OK,0.257562476,4.696582,3.107576061,18.234729,6.1694,package-0,/sys/class/powercap/intel-rapl:0/energy_uj,0
string_and_text_processing,anagram_checker,cpp,6,OK,0.257247067,4.748706,3.161645945,18.459709,6.1694,package-0,/sys/class/powercap/intel-rapl:0/energy_uj,0
string_and_text_processing,anagram_checker,cpp,7,OK,0.255980894,4.67168,3.092431473,18.250112,6.1694,package-0,/sys/class/powercap/intel-rapl:0/energy_uj,0
string_and_text_processing,anagram_checker,cpp,8,OK,0.258524476,4.748707,3.153766098,18.368501,6.1694,package-0,/sys/class/powercap/intel-rapl:0/energy_uj,0
string_and_text_processing,anagram_checker,cpp,9,OK,0.257407244,4.75542,3.167371749,18.474305,6.1694,package-0,/sys/class/powercap/intel-rapl:0/energy_uj,0
string_and_text_processing,anagram_checker,cpp,10,OK,0.257521373,4.73302,3.144267641,18.379135,6.1694,package-0,/sys/class/powercap/intel-rapl:0/energy_uj,0
string_and_text_processing,palindrome_detection,c,1,OK,0.026176974,0.707091,0.545594777,27.011946,6.1694,package-0,/sys/class/powercap/intel-rapl:0/energy_uj,0
string_and_text_processing,palindrome_detection,c,2,OK,0.026641169,0.734312,0.569951972,27.563055,6.1694,package-0,/sys/class/powercap/intel-rapl:0/energy_uj,0
string_and_text_processing,palindrome_detection,c,3,OK,0.026609908,0.687804,0.523636834,25.847665,6.1694,package-0,/sys/class/powercap/intel-rapl:0/energy_uj,0
string_and_text_processing,palindrome_detection,c,4,OK,0.027100595,0.731627,0.564432589,26.996714,6.1694,package-0,/sys/class/powercap/intel-rapl:0/energy_uj,0
string_and_text_processing,palindrome_detection,c,5,OK,0.026639431,0.698119,0.533769694,26.206228,6.1694,package-0,/sys/class/powercap/intel-rapl:0/energy_uj,0
string_and_text_processing,palindrome_detection,c,6,OK,0.026811809,0.715208,0.549795226,26.675112,6.1694,package-0,/sys/class/powercap/intel-rapl:0/energy_uj,0
string_and_text_processing,palindrome_detection,c,7,OK,0.026695443,0.726073,0.561378134,27.198387,6.1694,package-0,/sys/class/powercap/intel-rapl:0/energy_uj,0
string_and_text_processing,palindrome_detection,c,8,OK,0.026776401,0.721556,0.556361672,26.94746,6.1694,package-0,/sys/class/powercap/intel-rapl:0/energy_uj,0
string_and_text_processing,palindrome_detection,c,9,OK,0.026317237,0.711669,0.549307438,27.041935,6.1694,package-0,/sys/class/powercap/intel-rapl:0/energy_uj,0
string_and_text_processing,palindrome_detection,c,10,OK,0.027225455,0.715147,0.547182278,26.267587,6.1694,package-0,/sys/class/powercap/intel-rapl:0/energy_uj,0
string_and_text_processing,palindrome_detection,go,1,OK,0.084220134,1.993952,1.474364305,23.675479,6.1694,package-0,/sys/class/powercap/intel-rapl:0/energy_uj,0
string_and_text_processing,palindrome_detection,go,2,OK,0.0841058,2.042536,1.523653677,24.285317,6.1694,package-0,/sys/class/powercap/intel-rapl:0/energy_uj,0
string_and_text_processing,palindrome_detection,go,3,OK,0.084257942,1.999018,1.479197053,23.72498,6.1694,package-0,/sys/class/powercap/intel-rapl:0/energy_uj,0
string_and_text_processing,palindrome_detection,go,4,OK,0.083577874,2.003779,1.488153664,23.974994,6.1694,package-0,/sys/class/powercap/intel-rapl:0/energy_uj,0
string_and_text_processing,palindrome_detection,go,5,OK,0.084587116,1.962825,1.440973247,23.204775,6.1694,package-0,/sys/class/powercap/intel-rapl:0/energy_uj,0
string_and_text_processing,palindrome_detection,go,6,OK,0.08445001,1.989741,1.468735108,23.56117,6.1694,package-0,/sys/class/powercap/intel-rapl:0/energy_uj,0
string_and_text_processing,palindrome_detection,go,7,OK,0.08834507,2.017268,1.472231925,22.833962,6.1694,package-0,/sys/class/powercap/intel-rapl:0/energy_uj,0
string_and_text_processing,palindrome_detection,go,8,OK,0.08414929,2.009516,1.49036537,23.880368,6.1694,package-0,/sys/class/powercap/intel-rapl:0/energy_uj,0
string_and_text_processing,palindrome_detection,go,9,OK,0.084089783,1.997309,1.478525493,23.752101,6.1694,package-0,/sys/class/powercap/intel-rapl:0/energy_uj,0
string_and_text_processing,palindrome_detection,go,10,OK,0.084070235,1.963069,1.444406092,23.350345,6.1694,package-0,/sys/class/powercap/intel-rapl:0/energy_uj,0
string_and_text_processing,palindrome_detection,rust,1,OK,0.107460557,2.551934,1.88896684,23.747634,6.1694,package-0,/sys/class/powercap/intel-rapl:0/energy_uj,0
string_and_text_processing,palindrome_detection,rust,2,OK,0.108564331,2.570611,1.900834216,23.678228,6.1694,package-0,/sys/class/powercap/intel-rapl:0/energy_uj,0
string_and_text_processing,palindrome_detection,rust,3,OK,0.107985681,2.557733,1.89152614,23.685853,6.1694,package-0,/sys/class/powercap/intel-rapl:0/energy_uj,0
string_and_text_processing,palindrome_detection,rust,4,OK,0.10904427,2.530633,1.857895281,23.207391,6.1694,package-0,/sys/class/powercap/intel-rapl:0/energy_uj,0
string_and_text_processing,palindrome_detection,rust,5,OK,0.123736402,2.764641,2.001261642,22.342988,6.1694,package-0,/sys/class/powercap/intel-rapl:0/energy_uj,0
string_and_text_processing,palindrome_detection,rust,6,OK,0.107614945,2.552545,1.888625358,23.719243,6.1694,package-0,/sys/class/powercap/intel-rapl:0/energy_uj,0
string_and_text_processing,palindrome_detection,rust,7,OK,0.107808454,2.547418,1.882304524,23.629112,6.1694,package-0,/sys/class/powercap/intel-rapl:0/energy_uj,0
string_and_text_processing,palindrome_detection,rust,8,OK,0.108022421,2.553033,1.886599476,23.634288,6.1694,package-0,/sys/class/powercap/intel-rapl:0/energy_uj,0
string_and_text_processing,palindrome_detection,rust,9,OK,0.10815184,2.539361,1.872129038,23.479591,6.1694,package-0,/sys/class/powercap/intel-rapl:0/energy_uj,0
string_and_text_processing,palindrome_detection,rust,10,OK,0.107795476,2.596185,1.93115159,24.08436,6.1694,package-0,/sys/class/powercap/intel-rapl:0/energy_uj,0
string_and_text_processing,palindrome_detection,cpp,1,OK,0.074313935,1.741939,1.283466609,23.440274,6.1694,package-0,/sys/class/powercap/intel-rapl:0/energy_uj,0
string_and_text_processing,palindrome_detection,cpp,2,OK,0.073577099,1.75378,1.299853445,23.835949,6.1694,package-0,/sys/class/powercap/intel-rapl:0/energy_uj,0
string_and_text_processing,palindrome_detection,cpp,3,OK,0.075063698,1.737606,1.274508022,23.14842,6.1694,package-0,/sys/class/powercap/intel-rapl:0/energy_uj,0
string_and_text_processing,palindrome_detection,cpp,4,OK,0.073849702,1.774593,1.318984648,24.029792,6.1694,package-0,/sys/class/powercap/intel-rapl:0/energy_uj,0
string_and_text_processing,palindrome_detection,cpp,5,OK,0.073618359,1.750667,1.296485896,23.780305,6.1694,package-0,/sys/class/powercap/intel-rapl:0/energy_uj,0
string_and_text_processing,palindrome_detection,cpp,6,OK,0.075117225,1.74322,1.279791792,23.206661,6.1694,package-0,/sys/class/powercap/intel-rapl:0/energy_uj,0
string_and_text_processing,palindrome_detection,cpp,7,OK,0.074441588,1.729854,1.270594067,23.237736,6.1694,package-0,/sys/class/powercap/intel-rapl:0/energy_uj,0
string_and_text_processing,palindrome_detection,cpp,8,OK,0.074252831,1.79626,1.338164584,24.191132,6.1694,package-0,/sys/class/powercap/intel-rapl:0/energy_uj,0
string_and_text_processing,palindrome_detection,cpp,9,OK,0.073452198,1.766048,1.31289201,24.043501,6.1694,package-0,/sys/class/powercap/intel-rapl:0/energy_uj,0
string_and_text_processing,palindrome_detection,cpp,10,OK,0.074471286,1.79095,1.331506848,24.048866,6.1694,package-0,/sys/class/powercap/intel-rapl:0/energy_uj,0
string_and_text_processing,command_line_argument_parser,c,1,OK,0.002049276,0.212341,0.199698197,103.61757,6.1694,package-0,/sys/class/powercap/intel-rapl:0/energy_uj,0
string_and_text_processing,command_line_argument_parser,c,2,OK,0.00230099,0.188293,0.174097272,81.831299,6.1694,package-0,/sys/class/powercap/intel-rapl:0/energy_uj,0
string_and_text_processing,command_line_argument_parser,c,3,OK,0.001927052,0.192688,0.180799245,99.991074,6.1694,package-0,/sys/class/powercap/intel-rapl:0/energy_uj,0
string_and_text_processing,command_line_argument_parser,c,4,OK,0.002207086,0.193787,0.180170604,87.802197,6.1694,package-0,/sys/class/powercap/intel-rapl:0/energy_uj,0
string_and_text_processing,command_line_argument_parser,c,5,OK,0.002078945,0.216247,0.203421157,104.017663,6.1694,package-0,/sys/class/powercap/intel-rapl:0/energy_uj,0
string_and_text_processing,command_line_argument_parser,c,6,OK,0.002011229,0.177795,0.165386924,88.401172,6.1694,package-0,/sys/class/powercap/intel-rapl:0/energy_uj,0
string_and_text_processing,command_line_argument_parser,c,7,OK,0.002191058,0.216674,0.203156487,98.890125,6.1694,package-0,/sys/class/powercap/intel-rapl:0/energy_uj,0
string_and_text_processing,command_line_argument_parser,c,8,OK,0.002540558,0.175354,0.159680281,69.021845,6.1694,package-0,/sys/class/powercap/intel-rapl:0/energy_uj,0
string_and_text_processing,command_line_argument_parser,c,9,OK,0.00204372,0.190002,0.177393474,92.968704,6.1694,package-0,/sys/class/powercap/intel-rapl:0/energy_uj,0
string_and_text_processing,command_line_argument_parser,c,10,OK,0.002211418,0.196166,0.182522878,88.70598,6.1694,package-0,/sys/class/powercap/intel-rapl:0/energy_uj,0
string_and_text_processing,command_line_argument_parser,go,1,OK,0.002504381,0.240295,0.224844472,95.949857,6.1694,package-0,/sys/class/powercap/intel-rapl:0/energy_uj,0
string_and_text_processing,command_line_argument_parser,go,2,OK,0.002268673,0.184265,0.170268649,81.221489,6.1694,package-0,/sys/class/powercap/intel-rapl:0/energy_uj,0
string_and_text_processing,command_line_argument_parser,go,3,OK,0.002409683,0.214172,0.199305702,88.879741,6.1694,package-0,/sys/class/powercap/intel-rapl:0/energy_uj,0
string_and_text_processing,command_line_argument_parser,go,4,OK,0.002421772,0.201477,0.18653612,83.194041,6.1694,package-0,/sys/class/powercap/intel-rapl:0/energy_uj,0
string_and_text_processing,command_line_argument_parser,go,5,OK,0.002214633,0.195617,0.181954043,88.329308,6.1694,package-0,/sys/class/powercap/intel-rapl:0/energy_uj,0
string_and_text_processing,command_line_argument_parser,go,6,OK,0.002244525,0.187195,0.173347627,83.40072,6.1694,package-0,/sys/class/powercap/intel-rapl:0/energy_uj,0
string_and_text_processing,command_line_argument_parser,go,7,OK,0.002320603,0.246826,0.232509272,106.362872,6.1694,package-0,/sys/class/powercap/intel-rapl:0/energy_uj,0
string_and_text_processing,command_line_argument_parser,go,8,OK,0.002927817,0.225646,0.207583126,77.069708,6.1694,package-0,/sys/class/powercap/intel-rapl:0/energy_uj,0
string_and_text_processing,command_line_argument_parser,go,9,OK,0.002409926,0.201782,0.186914203,83.729542,6.1694,package-0,/sys/class/powercap/intel-rapl:0/energy_uj,0
string_and_text_processing,command_line_argument_parser,go,10,OK,0.002949808,0.227478,0.209279455,77.116206,6.1694,package-0,/sys/class/powercap/intel-rapl:0/energy_uj,0
string_and_text_processing,command_line_argument_parser,rust,1,OK,0.002997037,0.229857,0.21136708,76.694749,6.1694,package-0,/sys/class/powercap/intel-rapl:0/energy_uj,0
string_and_text_processing,command_line_argument_parser,rust,2,OK,0.002258794,0.199462,0.185526596,88.304644,6.1694,package-0,/sys/class/powercap/intel-rapl:0/energy_uj,0
string_and_text_processing,command_line_argument_parser,rust,3,OK,0.002127698,0.195068,0.18194138,91.680304,6.1694,package-0,/sys/class/powercap/intel-rapl:0/energy_uj,0
string_and_text_processing,command_line_argument_parser,rust,4,OK,0.002524996,0.216064,0.20048629,85.570037,6.1694,package-0,/sys/class/powercap/intel-rapl:0/energy_uj,0
string_and_text_processing,command_line_argument_parser,rust,5,OK,0.002126514,0.194762,0.181642685,91.587453,6.1694,package-0,/sys/class/powercap/intel-rapl:0/energy_uj,0
string_and_text_processing,command_line_argument_parser,rust,6,OK,0.00212525,0.195679,0.182567483,92.073403,6.1694,package-0,/sys/class/powercap/intel-rapl:0/energy_uj,0
string_and_text_processing,command_line_argument_parser,rust,7,OK,0.00206983,0.189636,0.176866391,91.619118,6.1694,package-0,/sys/class/powercap/intel-rapl:0/energy_uj,0
string_and_text_processing,command_line_argument_parser,rust,8,OK,0.002111929,0.196533,0.183503665,93.058526,6.1694,package-0,/sys/class/powercap/intel-rapl:0/energy_uj,0
string_and_text_processing,command_line_argument_parser,rust,9,OK,0.002136972,0.185241,0.172057165,86.683869,6.1694,package-0,/sys/class/powercap/intel-rapl:0/energy_uj,0
string_and_text_processing,command_line_argument_parser,rust,10,OK,0.0021116,0.192688,0.179660695,91.252131,6.1694,package-0,/sys/class/powercap/intel-rapl:0/energy_uj,0
string_and_text_processing,command_line_argument_parser,cpp,1,OK,0.002629526,0.234435,0.218212402,89.154851,6.1694,package-0,/sys/class/powercap/intel-rapl:0/energy_uj,0
string_and_text_processing,command_line_argument_parser,cpp,2,OK,0.00261372,0.198791,0.182665916,76.056731,6.1694,package-0,/sys/class/powercap/intel-rapl:0/energy_uj,0
string_and_text_processing,command_line_argument_parser,cpp,3,OK,0.002639191,0.184936,0.168653775,70.072988,6.1694,package-0,/sys/class/powercap/intel-rapl:0/energy_uj,0
string_and_text_processing,command_line_argument_parser,cpp,4,OK,0.002650216,0.200195,0.183844757,75.539126,6.1694,package-0,/sys/class/powercap/intel-rapl:0/energy_uj,0
string_and_text_processing,command_line_argument_parser,cpp,5,OK,0.002544631,0.196106,0.180407154,77.066577,6.1694,package-0,/sys/class/powercap/intel-rapl:0/energy_uj,0
string_and_text_processing,command_line_argument_parser,cpp,6,OK,0.002493516,0.220581,0.205197502,88.461835,6.1694,package-0,/sys/class/powercap/intel-rapl:0/energy_uj,0
string_and_text_processing,command_line_argument_parser,cpp,7,OK,0.002521125,0.212768,0.197214171,84.39407,6.1694,package-0,/sys/class/powercap/intel-rapl:0/energy_uj,0
string_and_text_processing,command_line_argument_parser,cpp,8,OK,0.002540734,0.214721,0.199046196,84.511405,6.1694,package-0,/sys/class/powercap/intel-rapl:0/energy_uj,0
string_and_text_processing,command_line_argument_parser,cpp,9,OK,0.002398408,0.193298,0.178501262,80.594294,6.1694,package-0,/sys/class/powercap/intel-rapl:0/energy_uj,0
string_and_text_processing,command_line_argument_parser,cpp,10,OK,0.002783394,0.224243,0.207071129,80.564591,6.1694,package-0,/sys/class/powercap/intel-rapl:0/energy_uj,0
string_and_text_processing,longest_common_subsequence,c,1,OK,0.006215084,0.291381,0.253037661,46.882874,6.1694,package-0,/sys/class/powercap/intel-rapl:0/energy_uj,0
string_and_text_processing,longest_common_subsequence,c,2,OK,0.006332885,0.272094,0.233023899,42.965252,6.1694,package-0,/sys/class/powercap/intel-rapl:0/energy_uj,0
string_and_text_processing,longest_common_subsequence,c,3,OK,0.006255866,0.290038,0.25144306,46.362566,6.1694,package-0,/sys/class/powercap/intel-rapl:0/energy_uj,0
string_and_text_processing,longest_common_subsequence,c,4,OK,0.006321993,0.27954,0.240537096,44.217069,6.1694,package-0,/sys/class/powercap/intel-rapl:0/energy_uj,0
string_and_text_processing,longest_common_subsequence,c,5,OK,0.006300881,0.257506,0.218633345,40.868253,6.1694,package-0,/sys/class/powercap/intel-rapl:0/energy_uj,0
string_and_text_processing,longest_common_subsequence,c,6,OK,0.006494616,0.288756,0.248688116,44.460827,6.1694,package-0,/sys/class/powercap/intel-rapl:0/energy_uj,0
string_and_text_processing,longest_common_subsequence,c,7,OK,0.006426771,0.271789,0.232139679,42.290133,6.1694,package-0,/sys/class/powercap/intel-rapl:0/energy_uj,0
string_and_text_processing,longest_common_subsequence,c,8,OK,0.006467293,0.282225,0.242325683,43.638815,6.1694,package-0,/sys/class/powercap/intel-rapl:0/energy_uj,0
string_and_text_processing,longest_common_subsequence,c,9,OK,0.00632789,0.276672,0.237632715,43.722631,6.1694,package-0,/sys/class/powercap/intel-rapl:0/energy_uj,0
string_and_text_processing,longest_common_subsequence,c,10,OK,0.006281751,0.274352,0.235597365,43.674447,6.1694,package-0,/sys/class/powercap/intel-rapl:0/energy_uj,0
string_and_text_processing,longest_common_subsequence,go,1,OK,0.011789865,0.352844,0.280107607,29.927739,6.1694,package-0,/sys/class/powercap/intel-rapl:0/energy_uj,0
string_and_text_processing,longest_common_subsequence,go,2,OK,0.008211484,0.337645,0.286985071,41.118633,6.1694,package-0,/sys/class/powercap/intel-rapl:0/energy_uj,0
string_and_text_processing,longest_common_subsequence,go,3,OK,0.008071675,0.324157,0.274359608,40.159818,6.1694,package-0,/sys/class/powercap/intel-rapl:0/energy_uj,0
string_and_text_processing,longest_common_subsequence,go,4,OK,0.00806578,0.326232,0.276470977,40.446429,6.1694,package-0,/sys/class/powercap/intel-rapl:0/energy_uj,0
string_and_text_processing,longest_common_subsequence,go,5,OK,0.011708609,0.356628,0.284392908,30.458614,6.1694,package-0,/sys/class/powercap/intel-rapl:0/energy_uj,0
string_and_text_processing,longest_common_subsequence,go,6,OK,0.008310119,0.337524,0.286255552,40.616025,6.1694,package-0,/sys/class/powercap/intel-rapl:0/energy_uj,0
string_and_text_processing,longest_common_subsequence,go,7,OK,0.008165525,0.316101,0.26572461,38.711657,6.1694,package-0,/sys/class/powercap/intel-rapl:0/energy_uj,0
string_and_text_processing,longest_common_subsequence,go,8,OK,0.00813962,0.33673,0.286513428,41.369253,6.1694,package-0,/sys/class/powercap/intel-rapl:0/energy_uj,0
string_and_text_processing,longest_common_subsequence,go,9,OK,0.008052402,0.318542,0.268863511,39.558631,6.1694,package-0,/sys/class/powercap/intel-rapl:0/energy_uj,0
string_and_text_processing,longest_common_subsequence,go,10,OK,0.009044444,0.348388,0.292589207,38.51956,6.1694,package-0,/sys/class/powercap/intel-rapl:0/energy_uj,0
string_and_text_processing,longest_common_subsequence,rust,1,OK,0.007167348,0.307006,0.262787763,42.833974,6.1694,package-0,/sys/class/powercap/intel-rapl:0/energy_uj,0
string_and_text_processing,longest_common_subsequence,rust,2,OK,0.006778621,0.312377,0.270556976,46.082677,6.1694,package-0,/sys/class/powercap/intel-rapl:0/energy_uj,0
string_and_text_processing,longest_common_subsequence,rust,3,OK,0.006798272,0.298888,0.256946741,43.96529,6.1694,package-0,/sys/class/powercap/intel-rapl:0/energy_uj,0
string_and_text_processing,longest_common_subsequence,rust,4,OK,0.006963316,0.273497,0.230537518,39.276833,6.1694,package-0,/sys/class/powercap/intel-rapl:0/energy_uj,0
string_and_text_processing,longest_common_subsequence,rust,5,OK,0.006991816,0.291747,0.24861169,41.726928,6.1694,package-0,/sys/class/powercap/intel-rapl:0/energy_uj,0
string_and_text_processing,longest_common_subsequence,rust,6,OK,0.006861752,0.299987,0.257654107,43.718718,6.1694,package-0,/sys/class/powercap/intel-rapl:0/energy_uj,0
string_and_text_processing,longest_common_subsequence,rust,7,OK,0.007035333,0.299682,0.256278217,42.596704,6.1694,package-0,/sys/class/powercap/intel-rapl:0/energy_uj,0
string_and_text_processing,longest_common_subsequence,rust,8,OK,0.007003189,0.296813,0.253607526,42.382549,6.1694,package-0,/sys/class/powercap/intel-rapl:0/energy_uj,0
string_and_text_processing,longest_common_subsequence,rust,9,OK,0.006872103,0.289856,0.247459248,42.178646,6.1694,package-0,/sys/class/powercap/intel-rapl:0/energy_uj,0
string_and_text_processing,longest_common_subsequence,rust,10,OK,0.006936041,0.321655,0.278863789,46.374438,6.1694,package-0,/sys/class/powercap/intel-rapl:0/energy_uj,0
string_and_text_processing,longest_common_subsequence,cpp,1,OK,0.006808707,0.265319,0.223313363,38.967604,6.1694,package-0,/sys/class/powercap/intel-rapl:0/energy_uj,0
string_and_text_processing,longest_common_subsequence,cpp,2,OK,0.006902899,0.289855,0.247268255,41.990329,6.1694,package-0,/sys/class/powercap/intel-rapl:0/energy_uj,0
string_and_text_processing,longest_common_subsequence,cpp,3,OK,0.006991449,0.290038,0.246904955,41.484676,6.1694,package-0,/sys/class/powercap/intel-rapl:0/energy_uj,0
string_and_text_processing,longest_common_subsequence,cpp,4,OK,0.006786534,0.294432,0.252563157,43.384738,6.1694,package-0,/sys/class/powercap/intel-rapl:0/energy_uj,0
string_and_text_processing,longest_common_subsequence,cpp,5,OK,0.00677773,0.264343,0.222528473,39.001701,6.1694,package-0,/sys/class/powercap/intel-rapl:0/energy_uj,0
string_and_text_processing,longest_common_subsequence,cpp,6,OK,0.007251806,0.313293,0.268553708,43.202066,6.1694,package-0,/sys/class/powercap/intel-rapl:0/energy_uj,0
string_and_text_processing,longest_common_subsequence,cpp,7,OK,0.007027658,0.295043,0.251686567,41.983119,6.1694,package-0,/sys/class/powercap/intel-rapl:0/energy_uj,0
string_and_text_processing,longest_common_subsequence,cpp,8,OK,0.006791586,0.299864,0.257963989,44.152279,6.1694,package-0,/sys/class/powercap/intel-rapl:0/energy_uj,0
string_and_text_processing,longest_common_subsequence,cpp,9,OK,0.007018537,0.291931,0.248630838,41.594281,6.1694,package-0,/sys/class/powercap/intel-rapl:0/energy_uj,0
string_and_text_processing,longest_common_subsequence,cpp,10,OK,0.006783858,0.26654,0.224687666,39.290327,6.1694,package-0,/sys/class/powercap/intel-rapl:0/energy_uj,0
memory_intensive_and_allocation_heavy,tree_traversal,c,1,OK,0.002146825,0.193969,0.180724378,90.351566,6.1694,package-0,/sys/class/powercap/intel-rapl:0/energy_uj,0
memory_intensive_and_allocation_heavy,tree_traversal,c,2,OK,0.002076066,0.198791,0.185982918,95.7537,6.1694,package-0,/sys/class/powercap/intel-rapl:0/energy_uj,0
memory_intensive_and_allocation_heavy,tree_traversal,c,3,OK,0.002172973,0.198974,0.18556806,91.567636,6.1694,package-0,/sys/class/powercap/intel-rapl:0/energy_uj,0
memory_intensive_and_allocation_heavy,tree_traversal,c,4,OK,0.002167645,0.189696,0.176322931,87.512485,6.1694,package-0,/sys/class/powercap/intel-rapl:0/energy_uj,0
memory_intensive_and_allocation_heavy,tree_traversal,c,5,OK,0.002040143,0.197936,0.185349542,97.02065,6.1694,package-0,/sys/class/powercap/intel-rapl:0/energy_uj,0
memory_intensive_and_allocation_heavy,tree_traversal,c,6,OK,0.002027035,0.197021,0.18451541,97.196644,6.1694,package-0,/sys/class/powercap/intel-rapl:0/energy_uj,0
memory_intensive_and_allocation_heavy,tree_traversal,c,7,OK,0.001981286,0.196655,0.184431654,99.256241,6.1694,package-0,/sys/class/powercap/intel-rapl:0/energy_uj,0
memory_intensive_and_allocation_heavy,tree_traversal,c,8,OK,0.001995513,0.172851,0.160539882,86.619832,6.1694,package-0,/sys/class/powercap/intel-rapl:0/energy_uj,0
memory_intensive_and_allocation_heavy,tree_traversal,c,9,OK,0.002162375,0.193908,0.180567444,89.673623,6.1694,package-0,/sys/class/powercap/intel-rapl:0/energy_uj,0
memory_intensive_and_allocation_heavy,tree_traversal,c,10,OK,0.002052725,0.177917,0.165252918,86.673568,6.1694,package-0,/sys/class/powercap/intel-rapl:0/energy_uj,0
memory_intensive_and_allocation_heavy,tree_traversal,go,1,OK,0.002606019,0.245849,0.229771426,94.338913,6.1694,package-0,/sys/class/powercap/intel-rapl:0/energy_uj,0
memory_intensive_and_allocation_heavy,tree_traversal,go,2,OK,0.002846232,0.21289,0.195330456,74.797135,6.1694,package-0,/sys/class/powercap/intel-rapl:0/energy_uj,0
memory_intensive_and_allocation_heavy,tree_traversal,go,3,OK,0.002370103,0.191589,0.176966887,80.835727,6.1694,package-0,/sys/class/powercap/intel-rapl:0/energy_uj,0
memory_intensive_and_allocation_heavy,tree_traversal,go,4,OK,0.003460888,0.23352,0.212168398,67.474012,6.1694,package-0,/sys/class/powercap/intel-rapl:0/energy_uj,0
memory_intensive_and_allocation_heavy,tree_traversal,go,5,OK,0.002556027,0.205322,0.189552847,80.328572,6.1694,package-0,/sys/class/powercap/intel-rapl:0/energy_uj,0
memory_intensive_and_allocation_heavy,tree_traversal,go,6,OK,0.002402809,0.186889,0.17206511,77.779382,6.1694,package-0,/sys/class/powercap/intel-rapl:0/energy_uj,0
memory_intensive_and_allocation_heavy,tree_traversal,go,7,OK,0.002377704,0.201843,0.187173993,84.889877,6.1694,package-0,/sys/class/powercap/intel-rapl:0/energy_uj,0
memory_intensive_and_allocation_heavy,tree_traversal,go,8,OK,0.002316451,0.190918,0.176626887,82.41832,6.1694,package-0,/sys/class/powercap/intel-rapl:0/energy_uj,0
memory_intensive_and_allocation_heavy,tree_traversal,go,9,OK,0.002442841,0.198974,0.183903137,81.451883,6.1694,package-0,/sys/class/powercap/intel-rapl:0/energy_uj,0
memory_intensive_and_allocation_heavy,tree_traversal,go,10,OK,0.002388242,0.187439,0.17270498,78.48409,6.1694,package-0,/sys/class/powercap/intel-rapl:0/energy_uj,0
memory_intensive_and_allocation_heavy,tree_traversal,rust,1,OK,0.002258634,0.231445,0.217510583,102.471228,6.1694,package-0,/sys/class/powercap/intel-rapl:0/energy_uj,0
memory_intensive_and_allocation_heavy,tree_traversal,rust,2,OK,0.002223426,0.197387,0.183669796,88.77606,6.1694,package-0,/sys/class/powercap/intel-rapl:0/energy_uj,0
memory_intensive_and_allocation_heavy,tree_traversal,rust,3,OK,0.002264327,0.198425,0.184455461,87.630894,6.1694,package-0,/sys/class/powercap/intel-rapl:0/energy_uj,0
memory_intensive_and_allocation_heavy,tree_traversal,rust,4,OK,0.002233109,0.195801,0.182024057,87.680897,6.1694,package-0,/sys/class/powercap/intel-rapl:0/energy_uj,0
memory_intensive_and_allocation_heavy,tree_traversal,rust,5,OK,0.002076586,0.166626,0.15381471,80.240356,6.1694,package-0,/sys/class/powercap/intel-rapl:0/energy_uj,0
memory_intensive_and_allocation_heavy,tree_traversal,rust,6,OK,0.00230301,0.183715,0.16950681,79.77169,6.1694,package-0,/sys/class/powercap/intel-rapl:0/energy_uj,0
memory_intensive_and_allocation_heavy,tree_traversal,rust,7,OK,0.00219596,0.195251,0.181703244,88.913732,6.1694,package-0,/sys/class/powercap/intel-rapl:0/energy_uj,0
memory_intensive_and_allocation_heavy,tree_traversal,rust,8,OK,0.002293765,0.18988,0.175728846,82.78093,6.1694,package-0,/sys/class/powercap/intel-rapl:0/energy_uj,0
memory_intensive_and_allocation_heavy,tree_traversal,rust,9,OK,0.002449187,0.199096,0.183985986,81.290649,6.1694,package-0,/sys/class/powercap/intel-rapl:0/energy_uj,0
memory_intensive_and_allocation_heavy,tree_traversal,rust,10,OK,0.002237706,0.191284,0.177478697,85.482186,6.1694,package-0,/sys/class/powercap/intel-rapl:0/energy_uj,0
memory_intensive_and_allocation_heavy,tree_traversal,cpp,1,OK,0.002757565,0.227294,0.210281478,82.425618,6.1694,package-0,/sys/class/powercap/intel-rapl:0/energy_uj,0
memory_intensive_and_allocation_heavy,tree_traversal,cpp,2,OK,0.002812862,0.218261,0.200907329,77.593924,6.1694,package-0,/sys/class/powercap/intel-rapl:0/energy_uj,0
memory_intensive_and_allocation_heavy,tree_traversal,cpp,3,OK,0.002585936,0.208862,0.192908326,80.768434,6.1694,package-0,/sys/class/powercap/intel-rapl:0/energy_uj,0
memory_intensive_and_allocation_heavy,tree_traversal,cpp,4,OK,0.002611358,0.216613,0.200502488,82.950327,6.1694,package-0,/sys/class/powercap/intel-rapl:0/energy_uj,0
memory_intensive_and_allocation_heavy,tree_traversal,cpp,5,OK,0.002636876,0.206787,0.190519057,78.421208,6.1694,package-0,/sys/class/powercap/intel-rapl:0/energy_uj,0
memory_intensive_and_allocation_heavy,tree_traversal,cpp,6,OK,0.002450975,0.213684,0.198562955,87.183264,6.1694,package-0,/sys/class/powercap/intel-rapl:0/energy_uj,0
memory_intensive_and_allocation_heavy,tree_traversal,cpp,7,OK,0.002531916,0.214538,0.198917597,84.733459,6.1694,package-0,/sys/class/powercap/intel-rapl:0/energy_uj,0
memory_intensive_and_allocation_heavy,tree_traversal,cpp,8,OK,0.002576085,0.222168,0.206275101,86.242496,6.1694,package-0,/sys/class/powercap/intel-rapl:0/energy_uj,0
memory_intensive_and_allocation_heavy,tree_traversal,cpp,9,OK,0.002522412,0.190735,0.175173231,75.616117,6.1694,package-0,/sys/class/powercap/intel-rapl:0/energy_uj,0
memory_intensive_and_allocation_heavy,tree_traversal,cpp,10,OK,0.002498468,0.215454,0.200039952,86.234444,6.1694,package-0,/sys/class/powercap/intel-rapl:0/energy_uj,0
memory_intensive_and_allocation_heavy,priority_queue,c,1,OK,0.001892563,0.210937,0.199261022,111.455735,6.1694,package-0,/sys/class/powercap/intel-rapl:0/energy_uj,0
memory_intensive_and_allocation_heavy,priority_queue,c,2,OK,0.002060632,0.198486,0.185773137,96.322876,6.1694,package-0,/sys/class/powercap/intel-rapl:0/energy_uj,0
memory_intensive_and_allocation_heavy,priority_queue,c,3,OK,0.002055737,0.197754,0.185071336,96.196157,6.1694,package-0,/sys/class/powercap/intel-rapl:0/energy_uj,0
memory_intensive_and_allocation_heavy,priority_queue,c,4,OK,0.002056615,0.196472,0.183783919,95.531735,6.1694,package-0,/sys/class/powercap/intel-rapl:0/energy_uj,0
memory_intensive_and_allocation_heavy,priority_queue,c,5,OK,0.002042046,0.197449,0.184850801,96.691749,6.1694,package-0,/sys/class/powercap/intel-rapl:0/energy_uj,0
memory_intensive_and_allocation_heavy,priority_queue,c,6,OK,0.002033051,0.190796,0.178253295,93.847129,6.1694,package-0,/sys/class/powercap/intel-rapl:0/energy_uj,0
memory_intensive_and_allocation_heavy,priority_queue,c,7,OK,0.002196169,0.201111,0.187561955,91.573554,6.1694,package-0,/sys/class/powercap/intel-rapl:0/energy_uj,0
memory_intensive_and_allocation_heavy,priority_queue,c,8,OK,0.002049927,0.19696,0.18431318,96.08147,6.1694,package-0,/sys/class/powercap/intel-rapl:0/energy_uj,0
memory_intensive_and_allocation_heavy,priority_queue,c,9,OK,0.001935213,0.188843,0.176903897,97.58254,6.1694,package-0,/sys/class/powercap/intel-rapl:0/energy_uj,0
memory_intensive_and_allocation_heavy,priority_queue,c,10,OK,0.002119453,0.189636,0.176560247,89.474029,6.1694,package-0,/sys/class/powercap/intel-rapl:0/energy_uj,0
memory_intensive_and_allocation_heavy,priority_queue,go,1,OK,0.003356975,0.215026,0.194315478,64.053501,6.1694,package-0,/sys/class/powercap/intel-rapl:0/energy_uj,0
memory_intensive_and_allocation_heavy,priority_queue,go,2,OK,0.00247656,0.188293,0.173014111,76.030058,6.1694,package-0,/sys/class/powercap/intel-rapl:0/energy_uj,0
memory_intensive_and_allocation_heavy,priority_queue,go,3,OK,0.002540806,0.218688,0.203012751,86.070326,6.1694,package-0,/sys/class/powercap/intel-rapl:0/energy_uj,0
memory_intensive_and_allocation_heavy,priority_queue,go,4,OK,0.002529231,0.227783,0.212179162,90.06018,6.1694,package-0,/sys/class/powercap/intel-rapl:0/energy_uj,0
memory_intensive_and_allocation_heavy,priority_queue,go,5,OK,0.004266189,0.218749,0.192429174,51.275037,6.1694,package-0,/sys/class/powercap/intel-rapl:0/energy_uj,0
memory_intensive_and_allocation_heavy,priority_queue,go,6,OK,0.002486888,0.212829,0.197486393,85.580452,6.1694,package-0,/sys/class/powercap/intel-rapl:0/energy_uj,0
memory_intensive_and_allocation_heavy,priority_queue,go,7,OK,0.002387748,0.220214,0.205483027,92.22665,6.1694,package-0,/sys/class/powercap/intel-rapl:0/energy_uj,0
memory_intensive_and_allocation_heavy,priority_queue,go,8,OK,0.002381085,0.185485,0.170795134,77.899361,6.1694,package-0,/sys/class/powercap/intel-rapl:0/energy_uj,0
memory_intensive_and_allocation_heavy,priority_queue,go,9,OK,0.002291226,0.20581,0.19167451,89.825273,6.1694,package-0,/sys/class/powercap/intel-rapl:0/energy_uj,0
memory_intensive_and_allocation_heavy,priority_queue,go,10,OK,0.002385286,0.194397,0.179681217,81.498403,6.1694,package-0,/sys/class/powercap/intel-rapl:0/energy_uj,0
memory_intensive_and_allocation_heavy,priority_queue,rust,1,OK,0.003186429,0.270629,0.250970645,84.931753,6.1694,package-0,/sys/class/powercap/intel-rapl:0/energy_uj,0
memory_intensive_and_allocation_heavy,priority_queue,rust,2,OK,0.002375346,0.216797,0.20214254,91.269651,6.1694,package-0,/sys/class/powercap/intel-rapl:0/energy_uj,0
memory_intensive_and_allocation_heavy,priority_queue,rust,3,OK,0.002402369,0.202454,0.187632825,84.272649,6.1694,package-0,/sys/class/powercap/intel-rapl:0/energy_uj,0
memory_intensive_and_allocation_heavy,priority_queue,rust,4,OK,0.002287627,0.197448,0.183334714,86.311274,6.1694,package-0,/sys/class/powercap/intel-rapl:0/energy_uj,0
memory_intensive_and_allocation_heavy,priority_queue,rust,5,OK,0.002112565,0.168517,0.155483741,79.768907,6.1694,package-0,/sys/class/powercap/intel-rapl:0/energy_uj,0
memory_intensive_and_allocation_heavy,priority_queue,rust,6,OK,0.002122567,0.171203,0.158108035,80.658467,6.1694,package-0,/sys/class/powercap/intel-rapl:0/energy_uj,0
memory_intensive_and_allocation_heavy,priority_queue,rust,7,OK,0.002193938,0.212158,0.198622719,96.701912,6.1694,package-0,/sys/class/powercap/intel-rapl:0/energy_uj,0
memory_intensive_and_allocation_heavy,priority_queue,rust,8,OK,0.00212599,0.180907,0.167790917,85.093063,6.1694,package-0,/sys/class/powercap/intel-rapl:0/energy_uj,0
memory_intensive_and_allocation_heavy,priority_queue,rust,9,OK,0.002096985,0.197876,0.184938861,94.362144,6.1694,package-0,/sys/class/powercap/intel-rapl:0/energy_uj,0
memory_intensive_and_allocation_heavy,priority_queue,rust,10,OK,0.002194238,0.196533,0.182995868,89.567768,6.1694,package-0,/sys/class/powercap/intel-rapl:0/energy_uj,0
memory_intensive_and_allocation_heavy,priority_queue,cpp,1,OK,0.003325304,0.221374,0.20085887,66.57256,6.1694,package-0,/sys/class/powercap/intel-rapl:0/energy_uj,0
memory_intensive_and_allocation_heavy,priority_queue,cpp,2,OK,0.002477817,0.20465,0.189363356,82.592863,6.1694,package-0,/sys/class/powercap/intel-rapl:0/energy_uj,0
memory_intensive_and_allocation_heavy,priority_queue,cpp,3,OK,0.002682003,0.201416,0.184869651,75.099096,6.1694,package-0,/sys/class/powercap/intel-rapl:0/energy_uj,0
memory_intensive_and_allocation_heavy,priority_queue,cpp,4,OK,0.002500265,0.214782,0.199356865,85.903694,6.1694,package-0,/sys/class/powercap/intel-rapl:0/energy_uj,0
memory_intensive_and_allocation_heavy,priority_queue,cpp,5,OK,0.002693773,0.219238,0.202619037,81.386962,6.1694,package-0,/sys/class/powercap/intel-rapl:0/energy_uj,0
memory_intensive_and_allocation_heavy,priority_queue,cpp,6,OK,0.002996325,0.212341,0.193855473,70.867146,6.1694,package-0,/sys/class/powercap/intel-rapl:0/energy_uj,0
memory_intensive_and_allocation_heavy,priority_queue,cpp,7,OK,0.002530786,0.192382,0.176768569,76.0167,6.1694,package-0,/sys/class/powercap/intel-rapl:0/energy_uj,0
memory_intensive_and_allocation_heavy,priority_queue,cpp,8,OK,0.002396052,0.173889,0.159106797,72.573133,6.1694,package-0,/sys/class/powercap/intel-rapl:0/energy_uj,0
memory_intensive_and_allocation_heavy,priority_queue,cpp,9,OK,0.002477716,0.222534,0.207247979,89.814168,6.1694,package-0,/sys/class/powercap/intel-rapl:0/energy_uj,0
memory_intensive_and_allocation_heavy,priority_queue,cpp,10,OK,0.002549,0.217956,0.202230199,85.506473,6.1694,package-0,/sys/class/powercap/intel-rapl:0/energy_uj,0
memory_intensive_and_allocation_heavy,huffman_coding,c,1,OK,0.002120124,0.229126,0.216046107,108.071981,6.1694,package-0,/sys/class/powercap/intel-rapl:0/energy_uj,0
memory_intensive_and_allocation_heavy,huffman_coding,c,2,OK,0.001967511,0.17749,0.165351638,90.210423,6.1694,package-0,/sys/class/powercap/intel-rapl:0/energy_uj,0
memory_intensive_and_allocation_heavy,huffman_coding,c,3,OK,0.002100353,0.218322,0.205364082,103.945384,6.1694,package-0,/sys/class/powercap/intel-rapl:0/energy_uj,0
memory_intensive_and_allocation_heavy,huffman_coding,c,4,OK,0.001962482,0.201232,0.189124664,102.539539,6.1694,package-0,/sys/class/powercap/intel-rapl:0/energy_uj,0
memory_intensive_and_allocation_heavy,huffman_coding,c,5,OK,0.002024117,0.196228,0.183740413,96.944989,6.1694,package-0,/sys/class/powercap/intel-rapl:0/energy_uj,0
memory_intensive_and_allocation_heavy,huffman_coding,c,6,OK,0.002044517,0.186462,0.173848557,91.201002,6.1694,package-0,/sys/class/powercap/intel-rapl:0/energy_uj,0
memory_intensive_and_allocation_heavy,huffman_coding,c,7,OK,0.002009368,0.196533,0.184136405,97.808366,6.1694,package-0,/sys/class/powercap/intel-rapl:0/energy_uj,0
memory_intensive_and_allocation_heavy,huffman_coding,c,8,OK,0.001983489,0.195862,0.183625063,98.746199,6.1694,package-0,/sys/class/powercap/intel-rapl:0/energy_uj,0
memory_intensive_and_allocation_heavy,huffman_coding,c,9,OK,0.002079708,0.212646,0.199815449,102.248008,6.1694,package-0,/sys/class/powercap/intel-rapl:0/energy_uj,0
memory_intensive_and_allocation_heavy,huffman_coding,c,10,OK,0.001966164,0.202331,0.190200948,102.906472,6.1694,package-0,/sys/class/powercap/intel-rapl:0/energy_uj,0
memory_intensive_and_allocation_heavy,huffman_coding,go,1,OK,0.002319788,0.214416,0.2001043,92.429136,6.1694,package-0,/sys/class/powercap/intel-rapl:0/energy_uj,0
memory_intensive_and_allocation_heavy,huffman_coding,go,2,OK,0.002308784,0.190307,0.176063188,82.427373,6.1694,package-0,/sys/class/powercap/intel-rapl:0/energy_uj,0
memory_intensive_and_allocation_heavy,huffman_coding,go,3,OK,0.002346996,0.213135,0.198655443,90.811829,6.1694,package-0,/sys/class/powercap/intel-rapl:0/energy_uj,0
memory_intensive_and_allocation_heavy,huffman_coding,go,4,OK,0.002404328,0.218749,0.203915739,90.981347,6.1694,package-0,/sys/class/powercap/intel-rapl:0/energy_uj,0
memory_intensive_and_allocation_heavy,huffman_coding,go,5,OK,0.002318376,0.196289,0.181986011,84.666594,6.1694,package-0,/sys/class/powercap/intel-rapl:0/energy_uj,0
memory_intensive_and_allocation_heavy,huffman_coding,go,6,OK,0.002757835,0.235595,0.218580813,85.427518,6.1694,package-0,/sys/class/powercap/intel-rapl:0/energy_uj,0
memory_intensive_and_allocation_heavy,huffman_coding,go,7,OK,0.004860993,0.228026,0.19803659,46.909345,6.1694,package-0,/sys/class/powercap/intel-rapl:0/energy_uj,0
memory_intensive_and_allocation_heavy,huffman_coding,go,8,OK,0.002386804,0.217223,0.202497851,91.009987,6.1694,package-0,/sys/class/powercap/intel-rapl:0/energy_uj,0
memory_intensive_and_allocation_heavy,huffman_coding,go,9,OK,0.002409064,0.193054,0.178191521,80.136518,6.1694,package-0,/sys/class/powercap/intel-rapl:0/energy_uj,0
memory_intensive_and_allocation_heavy,huffman_coding,go,10,OK,0.002753847,0.244079,0.227089416,88.632012,6.1694,package-0,/sys/class/powercap/intel-rapl:0/energy_uj,0
memory_intensive_and_allocation_heavy,huffman_coding,rust,1,OK,0.002582394,0.222839,0.206907178,86.291635,6.1694,package-0,/sys/class/powercap/intel-rapl:0/energy_uj,0
memory_intensive_and_allocation_heavy,huffman_coding,rust,2,OK,0.002319783,0.193847,0.179535331,83.562557,6.1694,package-0,/sys/class/powercap/intel-rapl:0/energy_uj,0
memory_intensive_and_allocation_heavy,huffman_coding,rust,3,OK,0.002322917,0.205749,0.191417996,88.573548,6.1694,package-0,/sys/class/powercap/intel-rapl:0/energy_uj,0
memory_intensive_and_allocation_heavy,huffman_coding,rust,4,OK,0.002228367,0.206116,0.192368313,92.496433,6.1694,package-0,/sys/class/powercap/intel-rapl:0/energy_uj,0
memory_intensive_and_allocation_heavy,huffman_coding,rust,5,OK,0.002230269,0.192749,0.178989578,86.424104,6.1694,package-0,/sys/class/powercap/intel-rapl:0/energy_uj,0
memory_intensive_and_allocation_heavy,huffman_coding,rust,6,OK,0.002302673,0.209045,0.194838889,90.783624,6.1694,package-0,/sys/class/powercap/intel-rapl:0/energy_uj,0
memory_intensive_and_allocation_heavy,huffman_coding,rust,7,OK,0.00211445,0.202636,0.189591112,95.833905,6.1694,package-0,/sys/class/powercap/intel-rapl:0/energy_uj,0
memory_intensive_and_allocation_heavy,huffman_coding,rust,8,OK,0.00219409,0.221435,0.207898781,100.92339,6.1694,package-0,/sys/class/powercap/intel-rapl:0/energy_uj,0
memory_intensive_and_allocation_heavy,huffman_coding,rust,9,OK,0.0021688,0.213439,0.200058805,98.413408,6.1694,package-0,/sys/class/powercap/intel-rapl:0/energy_uj,0
memory_intensive_and_allocation_heavy,huffman_coding,rust,10,OK,0.002337042,0.184509,0.170090853,78.949801,6.1694,package-0,/sys/class/powercap/intel-rapl:0/energy_uj,0
memory_intensive_and_allocation_heavy,huffman_coding,cpp,1,OK,0.003006509,0.218383,0.199834643,72.636736,6.1694,package-0,/sys/class/powercap/intel-rapl:0/energy_uj,0
memory_intensive_and_allocation_heavy,huffman_coding,cpp,2,OK,0.002579823,0.216857,0.20094104,84.058868,6.1694,package-0,/sys/class/powercap/intel-rapl:0/energy_uj,0
memory_intensive_and_allocation_heavy,huffman_coding,cpp,3,OK,0.002516076,0.19934,0.183817321,79.226542,6.1694,package-0,/sys/class/powercap/intel-rapl:0/energy_uj,0
memory_intensive_and_allocation_heavy,huffman_coding,cpp,4,OK,0.002467583,0.21643,0.201206493,87.709309,6.1694,package-0,/sys/class/powercap/intel-rapl:0/energy_uj,0
memory_intensive_and_allocation_heavy,huffman_coding,cpp,5,OK,0.002588861,0.221924,0.205952281,85.72264,6.1694,package-0,/sys/class/powercap/intel-rapl:0/energy_uj,0
memory_intensive_and_allocation_heavy,huffman_coding,cpp,6,OK,0.002631393,0.184753,0.168518884,70.211101,6.1694,package-0,/sys/class/powercap/intel-rapl:0/energy_uj,0
memory_intensive_and_allocation_heavy,huffman_coding,cpp,7,OK,0.002622463,0.196899,0.180719977,75.081708,6.1694,package-0,/sys/class/powercap/intel-rapl:0/energy_uj,0
memory_intensive_and_allocation_heavy,huffman_coding,cpp,8,OK,0.002649896,0.2005,0.184151732,75.663347,6.1694,package-0,/sys/class/powercap/intel-rapl:0/energy_uj,0
memory_intensive_and_allocation_heavy,huffman_coding,cpp,9,OK,0.00263892,0.177734,0.161453447,67.351038,6.1694,package-0,/sys/class/powercap/intel-rapl:0/energy_uj,0
memory_intensive_and_allocation_heavy,huffman_coding,cpp,10,OK,0.00266195,0.210448,0.194025366,79.057834,6.1694,package-0,/sys/class/powercap/intel-rapl:0/energy_uj,0
memory_intensive_and_allocation_heavy,word_frequency_counter,c,1,OK,0.003144554,0.24121,0.221809989,76.707221,6.1694,package-0,/sys/class/powercap/intel-rapl:0/energy_uj,0
memory_intensive_and_allocation_heavy,word_frequency_counter,c,2,OK,0.002759862,0.215453,0.198426307,78.066584,6.1694,package-0,/sys/class/powercap/intel-rapl:0/energy_uj,0
memory_intensive_and_allocation_heavy,word_frequency_counter,c,3,OK,0.002635547,0.22052,0.204260256,83.671435,6.1694,package-0,/sys/class/powercap/intel-rapl:0/energy_uj,0
memory_intensive_and_allocation_heavy,word_frequency_counter,c,4,OK,0.002569553,0.19635,0.1804974,76.414069,6.1694,package-0,/sys/class/powercap/intel-rapl:0/energy_uj,0
memory_intensive_and_allocation_heavy,word_frequency_counter,c,5,OK,0.002583041,0.211364,0.195428187,81.827582,6.1694,package-0,/sys/class/powercap/intel-rapl:0/energy_uj,0
memory_intensive_and_allocation_heavy,word_frequency_counter,c,6,OK,0.002677035,0.189819,0.1733033,70.906432,6.1694,package-0,/sys/class/powercap/intel-rapl:0/energy_uj,0
memory_intensive_and_allocation_heavy,word_frequency_counter,c,7,OK,0.002800021,0.238525,0.22125055,85.186861,6.1694,package-0,/sys/class/powercap/intel-rapl:0/energy_uj,0
memory_intensive_and_allocation_heavy,word_frequency_counter,c,8,OK,0.002572293,0.189208,0.173338496,73.556162,6.1694,package-0,/sys/class/powercap/intel-rapl:0/energy_uj,0
memory_intensive_and_allocation_heavy,word_frequency_counter,c,9,OK,0.002713053,0.217651,0.200913091,80.223645,6.1694,package-0,/sys/class/powercap/intel-rapl:0/energy_uj,0
memory_intensive_and_allocation_heavy,word_frequency_counter,c,10,OK,0.002996402,0.215271,0.196784998,71.843164,6.1694,package-0,/sys/class/powercap/intel-rapl:0/energy_uj,0
memory_intensive_and_allocation_heavy,word_frequency_counter,go,1,OK,0.003576505,0.25769,0.23562511,72.050787,6.1694,package-0,/sys/class/powercap/intel-rapl:0/energy_uj,0
memory_intensive_and_allocation_heavy,word_frequency_counter,go,2,OK,0.003854738,0.240417,0.216635579,62.369219,6.1694,package-0,/sys/class/powercap/intel-rapl:0/energy_uj,0
memory_intensive_and_allocation_heavy,word_frequency_counter,go,3,OK,0.003623304,0.240844,0.218490388,66.470823,6.1694,package-0,/sys/class/powercap/intel-rapl:0/energy_uj,0
memory_intensive_and_allocation_heavy,word_frequency_counter,go,4,OK,0.003585997,0.231383,0.20925955,64.524036,6.1694,package-0,/sys/class/powercap/intel-rapl:0/energy_uj,0
memory_intensive_and_allocation_heavy,word_frequency_counter,go,5,OK,0.003589116,0.217346,0.195203308,60.556973,6.1694,package-0,/sys/class/powercap/intel-rapl:0/energy_uj,0
memory_intensive_and_allocation_heavy,word_frequency_counter,go,6,OK,0.003634206,0.23291,0.21048913,64.088277,6.1694,package-0,/sys/class/powercap/intel-rapl:0/energy_uj,0
memory_intensive_and_allocation_heavy,word_frequency_counter,go,7,OK,0.00356272,0.234375,0.212395155,65.785411,6.1694,package-0,/sys/class/powercap/intel-rapl:0/energy_uj,0
memory_intensive_and_allocation_heavy,word_frequency_counter,go,8,OK,0.003618588,0.238342,0.216017483,65.866023,6.1694,package-0,/sys/class/powercap/intel-rapl:0/energy_uj,0
memory_intensive_and_allocation_heavy,word_frequency_counter,go,9,OK,0.003885034,0.214416,0.190447671,55.190251,6.1694,package-0,/sys/class/powercap/intel-rapl:0/energy_uj,0
memory_intensive_and_allocation_heavy,word_frequency_counter,go,10,OK,0.003457916,0.240905,0.219571733,69.667684,6.1694,package-0,/sys/class/powercap/intel-rapl:0/energy_uj,0
memory_intensive_and_allocation_heavy,word_frequency_counter,rust,1,OK,0.003436824,0.246948,0.225744858,71.853549,6.1694,package-0,/sys/class/powercap/intel-rapl:0/energy_uj,0
memory_intensive_and_allocation_heavy,word_frequency_counter,rust,2,OK,0.002865725,0.21582,0.198140196,75.310785,6.1694,package-0,/sys/class/powercap/intel-rapl:0/energy_uj,0
memory_intensive_and_allocation_heavy,word_frequency_counter,rust,3,OK,0.002716718,0.22589,0.20912948,83.148122,6.1694,package-0,/sys/class/powercap/intel-rapl:0/energy_uj,0
memory_intensive_and_allocation_heavy,word_frequency_counter,rust,4,OK,0.002802983,0.219238,0.201945277,78.215958,6.1694,package-0,/sys/class/powercap/intel-rapl:0/energy_uj,0
memory_intensive_and_allocation_heavy,word_frequency_counter,rust,5,OK,0.002713133,0.223328,0.206589597,82.313694,6.1694,package-0,/sys/class/powercap/intel-rapl:0/energy_uj,0
memory_intensive_and_allocation_heavy,word_frequency_counter,rust,6,OK,0.002755271,0.19403,0.177031631,70.421385,6.1694,package-0,/sys/class/powercap/intel-rapl:0/energy_uj,0
memory_intensive_and_allocation_heavy,word_frequency_counter,rust,7,OK,0.002696589,0.194885,0.178248664,72.270932,6.1694,package-0,/sys/class/powercap/intel-rapl:0/energy_uj,0
memory_intensive_and_allocation_heavy,word_frequency_counter,rust,8,OK,0.002756249,0.216674,0.199669597,78.611911,6.1694,package-0,/sys/class/powercap/intel-rapl:0/energy_uj,0
memory_intensive_and_allocation_heavy,word_frequency_counter,rust,9,OK,0.002676215,0.210937,0.194426359,78.819153,6.1694,package-0,/sys/class/powercap/intel-rapl:0/energy_uj,0
memory_intensive_and_allocation_heavy,word_frequency_counter,rust,10,OK,0.002799668,0.235717,0.218444728,84.194626,6.1694,package-0,/sys/class/powercap/intel-rapl:0/energy_uj,0
memory_intensive_and_allocation_heavy,word_frequency_counter,cpp,1,OK,0.00344458,0.233947,0.212696008,67.917424,6.1694,package-0,/sys/class/powercap/intel-rapl:0/energy_uj,0
memory_intensive_and_allocation_heavy,word_frequency_counter,cpp,2,OK,0.003235254,0.221374,0.201414424,68.425539,6.1694,package-0,/sys/class/powercap/intel-rapl:0/energy_uj,0
memory_intensive_and_allocation_heavy,word_frequency_counter,cpp,3,OK,0.00328447,0.243163,0.222899791,74.034167,6.1694,package-0,/sys/class/powercap/intel-rapl:0/energy_uj,0
memory_intensive_and_allocation_heavy,word_frequency_counter,cpp,4,OK,0.003118971,0.216979,0.19773682,69.567495,6.1694,package-0,/sys/class/powercap/intel-rapl:0/energy_uj,0
memory_intensive_and_allocation_heavy,word_frequency_counter,cpp,5,OK,0.003275271,0.214355,0.194148543,65.446493,6.1694,package-0,/sys/class/powercap/intel-rapl:0/energy_uj,0
memory_intensive_and_allocation_heavy,word_frequency_counter,cpp,6,OK,0.003428231,0.227661,0.206510872,66.407719,6.1694,package-0,/sys/class/powercap/intel-rapl:0/energy_uj,0
memory_intensive_and_allocation_heavy,word_frequency_counter,cpp,7,OK,0.003038918,0.212096,0.193347699,69.793262,6.1694,package-0,/sys/class/powercap/intel-rapl:0/energy_uj,0
memory_intensive_and_allocation_heavy,word_frequency_counter,cpp,8,OK,0.003114779,0.207214,0.187997682,66.526068,6.1694,package-0,/sys/class/powercap/intel-rapl:0/energy_uj,0
memory_intensive_and_allocation_heavy,word_frequency_counter,cpp,9,OK,0.003050043,0.216491,0.197674065,70.979655,6.1694,package-0,/sys/class/powercap/intel-rapl:0/energy_uj,0
memory_intensive_and_allocation_heavy,word_frequency_counter,cpp,10,OK,0.003078776,0.220825,0.201830799,71.724932,6.1694,package-0,/sys/class/powercap/intel-rapl:0/energy_uj,0
memory_intensive_and_allocation_heavy,crc_32,c,1,OK,0.002094723,0.221313,0.208389816,105.652633,6.1694,package-0,/sys/class/powercap/intel-rapl:0/energy_uj,0
memory_intensive_and_allocation_heavy,crc_32,c,2,OK,0.00196453,0.19342,0.181300029,98.456119,6.1694,package-0,/sys/class/powercap/intel-rapl:0/energy_uj,0
memory_intensive_and_allocation_heavy,crc_32,c,3,OK,0.002036135,0.217224,0.204662269,106.684478,6.1694,package-0,/sys/class/powercap/intel-rapl:0/energy_uj,0
memory_intensive_and_allocation_heavy,crc_32,c,4,OK,0.002122083,0.199524,0.186432021,94.022713,6.1694,package-0,/sys/class/powercap/intel-rapl:0/energy_uj,0
memory_intensive_and_allocation_heavy,crc_32,c,5,OK,0.001959478,0.190551,0.178462196,97.245797,6.1694,package-0,/sys/class/powercap/intel-rapl:0/energy_uj,0
memory_intensive_and_allocation_heavy,crc_32,c,6,OK,0.002092598,0.203369,0.190458926,97.184935,6.1694,package-0,/sys/class/powercap/intel-rapl:0/energy_uj,0
memory_intensive_and_allocation_heavy,crc_32,c,7,OK,0.002114925,0.209961,0.196913182,99.275861,6.1694,package-0,/sys/class/powercap/intel-rapl:0/energy_uj,0
memory_intensive_and_allocation_heavy,crc_32,c,8,OK,0.00220017,0.17694,0.163366271,80.421058,6.1694,package-0,/sys/class/powercap/intel-rapl:0/energy_uj,0
memory_intensive_and_allocation_heavy,crc_32,c,9,OK,0.002277953,0.198546,0.184492397,87.159832,6.1694,package-0,/sys/class/powercap/intel-rapl:0/energy_uj,0
memory_intensive_and_allocation_heavy,crc_32,c,10,OK,0.00232354,0.195496,0.181161152,84.137136,6.1694,package-0,/sys/class/powercap/intel-rapl:0/energy_uj,0
memory_intensive_and_allocation_heavy,crc_32,go,1,OK,0.003047523,0.214111,0.195309612,70.257386,6.1694,package-0,/sys/class/powercap/intel-rapl:0/energy_uj,0
memory_intensive_and_allocation_heavy,crc_32,go,2,OK,0.002360517,0.199035,0.184472026,84.318393,6.1694,package-0,/sys/class/powercap/intel-rapl:0/energy_uj,0
memory_intensive_and_allocation_heavy,crc_32,go,3,OK,0.002611451,0.19104,0.174928914,73.154733,6.1694,package-0,/sys/class/powercap/intel-rapl:0/energy_uj,0
memory_intensive_and_allocation_heavy,crc_32,go,4,OK,0.003855618,0.234069,0.21028215,60.708556,6.1694,package-0,/sys/class/powercap/intel-rapl:0/energy_uj,0
memory_intensive_and_allocation_heavy,crc_32,go,5,OK,0.002697661,0.219298,0.20265505,81.291904,6.1694,package-0,/sys/class/powercap/intel-rapl:0/energy_uj,0
memory_intensive_and_allocation_heavy,crc_32,go,6,OK,0.002362239,0.222412,0.207838403,94.153047,6.1694,package-0,/sys/class/powercap/intel-rapl:0/energy_uj,0
memory_intensive_and_allocation_heavy,crc_32,go,7,OK,0.002440415,0.212585,0.197529104,87.110184,6.1694,package-0,/sys/class/powercap/intel-rapl:0/energy_uj,0
memory_intensive_and_allocation_heavy,crc_32,go,8,OK,0.002333904,0.223511,0.209112213,95.767007,6.1694,package-0,/sys/class/powercap/intel-rapl:0/energy_uj,0
memory_intensive_and_allocation_heavy,crc_32,go,9,OK,0.002380763,0.220642,0.205954121,92.677012,6.1694,package-0,/sys/class/powercap/intel-rapl:0/energy_uj,0
memory_intensive_and_allocation_heavy,crc_32,go,10,OK,0.002690594,0.211303,0.194703649,78.533959,6.1694,package-0,/sys/class/powercap/intel-rapl:0/energy_uj,0
memory_intensive_and_allocation_heavy,crc_32,rust,1,OK,0.002893737,0.250609,0.232756379,86.603931,6.1694,package-0,/sys/class/powercap/intel-rapl:0/energy_uj,0
memory_intensive_and_allocation_heavy,crc_32,rust,2,OK,0.002208993,0.173645,0.160016839,78.608217,6.1694,package-0,/sys/class/powercap/intel-rapl:0/energy_uj,0
memory_intensive_and_allocation_heavy,crc_32,rust,3,OK,0.002195063,0.195434,0.181891778,89.033435,6.1694,package-0,/sys/class/powercap/intel-rapl:0/energy_uj,0
memory_intensive_and_allocation_heavy,crc_32,rust,4,OK,0.002244532,0.219054,0.205206584,97.59451,6.1694,package-0,/sys/class/powercap/intel-rapl:0/energy_uj,0
memory_intensive_and_allocation_heavy,crc_32,rust,5,OK,0.002216133,0.195251,0.181578789,88.104369,6.1694,package-0,/sys/class/powercap/intel-rapl:0/energy_uj,0
memory_intensive_and_allocation_heavy,crc_32,rust,6,OK,0.00243406,0.198181,0.18316431,81.419932,6.1694,package-0,/sys/class/powercap/intel-rapl:0/energy_uj,0
memory_intensive_and_allocation_heavy,crc_32,rust,7,OK,0.002255147,0.193542,0.179629096,85.822343,6.1694,package-0,/sys/class/powercap/intel-rapl:0/energy_uj,0
memory_intensive_and_allocation_heavy,crc_32,rust,8,OK,0.002144496,0.202819,0.189588746,94.576535,6.1694,package-0,/sys/class/powercap/intel-rapl:0/energy_uj,0
memory_intensive_and_allocation_heavy,crc_32,rust,9,OK,0.002081995,0.191223,0.17837834,91.846042,6.1694,package-0,/sys/class/powercap/intel-rapl:0/energy_uj,0
memory_intensive_and_allocation_heavy,crc_32,rust,10,OK,0.002263506,0.220215,0.206250526,97.289338,6.1694,package-0,/sys/class/powercap/intel-rapl:0/energy_uj,0
memory_intensive_and_allocation_heavy,crc_32,cpp,1,OK,0.003661983,0.248107,0.225514762,67.75209,6.1694,package-0,/sys/class/powercap/intel-rapl:0/energy_uj,0
memory_intensive_and_allocation_heavy,crc_32,cpp,2,OK,0.002516657,0.213378,0.197851736,84.786286,6.1694,package-0,/sys/class/powercap/intel-rapl:0/energy_uj,0
memory_intensive_and_allocation_heavy,crc_32,cpp,3,OK,0.002514032,0.213439,0.197928931,84.899078,6.1694,package-0,/sys/class/powercap/intel-rapl:0/energy_uj,0
memory_intensive_and_allocation_heavy,crc_32,cpp,4,OK,0.002970568,0.19574,0.177413378,65.893122,6.1694,package-0,/sys/class/powercap/intel-rapl:0/energy_uj,0
memory_intensive_and_allocation_heavy,crc_32,cpp,5,OK,0.002450242,0.202636,0.187519477,82.700403,6.1694,package-0,/sys/class/powercap/intel-rapl:0/energy_uj,0
memory_intensive_and_allocation_heavy,crc_32,cpp,6,OK,0.002591156,0.217712,0.201726122,84.021186,6.1694,package-0,/sys/class/powercap/intel-rapl:0/energy_uj,0
memory_intensive_and_allocation_heavy,crc_32,cpp,7,OK,0.002857634,0.222838,0.205208113,77.979895,6.1694,package-0,/sys/class/powercap/intel-rapl:0/energy_uj,0
memory_intensive_and_allocation_heavy,crc_32,cpp,8,OK,0.002577872,0.216919,0.201015076,84.146536,6.1694,package-0,/sys/class/powercap/intel-rapl:0/energy_uj,0
memory_intensive_and_allocation_heavy,crc_32,cpp,9,OK,0.002520014,0.214966,0.199419026,85.303494,6.1694,package-0,/sys/class/powercap/intel-rapl:0/energy_uj,0
memory_intensive_and_allocation_heavy,crc_32,cpp,10,OK,0.002508221,0.216736,0.201261781,86.410249,6.1694,package-0,/sys/class/powercap/intel-rapl:0/energy_uj,0
integer_and_control_flow_intensive,towers_of_hanoi,c,1,OK,0.065487465,1.604976,1.200957633,24.508141,6.1694,package-0,/sys/class/powercap/intel-rapl:0/energy_uj,0
integer_and_control_flow_intensive,towers_of_hanoi,c,2,OK,0.064891983,1.618466,1.2181214,24.940924,6.1694,package-0,/sys/class/powercap/intel-rapl:0/energy_uj,0
integer_and_control_flow_intensive,towers_of_hanoi,c,3,OK,0.065907119,1.618526,1.21191862,24.557681,6.1694,package-0,/sys/class/powercap/intel-rapl:0/energy_uj,0
integer_and_control_flow_intensive,towers_of_hanoi,c,4,OK,0.065343987,1.608821,1.205687807,24.620796,6.1694,package-0,/sys/class/powercap/intel-rapl:0/energy_uj,0
integer_and_control_flow_intensive,towers_of_hanoi,c,5,OK,0.065507409,1.57629,1.172148591,24.062774,6.1694,package-0,/sys/class/powercap/intel-rapl:0/energy_uj,0
integer_and_control_flow_intensive,towers_of_hanoi,c,6,OK,0.065295373,1.603329,1.200495726,24.555017,6.1694,package-0,/sys/class/powercap/intel-rapl:0/energy_uj,0
integer_and_control_flow_intensive,towers_of_hanoi,c,7,OK,0.065256951,1.589046,1.186449767,24.350601,6.1694,package-0,/sys/class/powercap/intel-rapl:0/energy_uj,0
integer_and_control_flow_intensive,towers_of_hanoi,c,8,OK,0.065824113,1.614742,1.208646717,24.531162,6.1694,package-0,/sys/class/powercap/intel-rapl:0/energy_uj,0
integer_and_control_flow_intensive,towers_of_hanoi,c,9,OK,0.064045359,1.620174,1.225052562,25.29729,6.1694,package-0,/sys/class/powercap/intel-rapl:0/energy_uj,0
integer_and_control_flow_intensive,towers_of_hanoi,c,10,OK,0.065455895,1.575191,1.171367401,24.064922,6.1694,package-0,/sys/class/powercap/intel-rapl:0/energy_uj,0
integer_and_control_flow_intensive,towers_of_hanoi,go,1,OK,0.392854973,5.768051,3.34437153,14.682393,6.1694,package-0,/sys/class/powercap/intel-rapl:0/energy_uj,0
integer_and_control_flow_intensive,towers_of_hanoi,go,2,OK,0.396835447,7.156171,4.707934393,18.033094,6.1694,package-0,/sys/class/powercap/intel-rapl:0/energy_uj,0
integer_and_control_flow_intensive,towers_of_hanoi,go,3,OK,0.395842532,6.847578,4.405467083,17.298742,6.1694,package-0,/sys/class/powercap/intel-rapl:0/energy_uj,0
integer_and_control_flow_intensive,towers_of_hanoi,go,4,OK,0.39492201,6.860517,4.424085152,17.371827,6.1694,package-0,/sys/class/powercap/intel-rapl:0/energy_uj,0
integer_and_control_flow_intensive,towers_of_hanoi,go,5,OK,0.394795645,6.865827,4.430174748,17.390838,6.1694,package-0,/sys/class/powercap/intel-rapl:0/energy_uj,0
integer_and_control_flow_intensive,towers_of_hanoi,go,6,OK,0.394770069,6.811201,4.375706536,17.25359,6.1694,package-0,/sys/class/powercap/intel-rapl:0/energy_uj,0
integer_and_control_flow_intensive,towers_of_hanoi,go,7,OK,0.394226361,6.851972,4.419831888,17.380806,6.1694,package-0,/sys/class/powercap/intel-rapl:0/energy_uj,0
integer_and_control_flow_intensive,towers_of_hanoi,go,8,OK,0.394896214,6.827986,4.391713297,17.290584,6.1694,package-0,/sys/class/powercap/intel-rapl:0/energy_uj,0
integer_and_control_flow_intensive,towers_of_hanoi,go,9,OK,0.396602145,6.952008,4.505210727,17.528922,6.1694,package-0,/sys/class/powercap/intel-rapl:0/energy_uj,0
integer_and_control_flow_intensive,towers_of_hanoi,go,10,OK,0.395417261,6.878828,4.43934075,17.396378,6.1694,package-0,/sys/class/powercap/intel-rapl:0/energy_uj,0
integer_and_control_flow_intensive,towers_of_hanoi,rust,1,OK,0.213879086,3.077385,1.757879367,14.388433,6.1694,package-0,/sys/class/powercap/intel-rapl:0/energy_uj,0
integer_and_control_flow_intensive,towers_of_hanoi,rust,2,OK,0.215260683,4.272633,2.944603742,19.848646,6.1694,package-0,/sys/class/powercap/intel-rapl:0/energy_uj,0
integer_and_control_flow_intensive,towers_of_hanoi,rust,3,OK,0.216540822,4.221974,2.886047053,19.497358,6.1694,package-0,/sys/class/powercap/intel-rapl:0/energy_uj,0
integer_and_control_flow_intensive,towers_of_hanoi,rust,4,OK,0.227363277,4.280141,2.877445999,18.82512,6.1694,package-0,/sys/class/powercap/intel-rapl:0/energy_uj,0
integer_and_control_flow_intensive,towers_of_hanoi,rust,5,OK,0.217339438,4.219106,2.878252071,19.412519,6.1694,package-0,/sys/class/powercap/intel-rapl:0/energy_uj,0
integer_and_control_flow_intensive,towers_of_hanoi,rust,6,OK,0.216233324,4.245961,2.911931131,19.636016,6.1694,package-0,/sys/class/powercap/intel-rapl:0/energy_uj,0
integer_and_control_flow_intensive,towers_of_hanoi,rust,7,OK,0.23020464,4.423207,3.002982494,19.214239,6.1694,package-0,/sys/class/powercap/intel-rapl:0/energy_uj,0
integer_and_control_flow_intensive,towers_of_hanoi,rust,8,OK,0.215996166,4.240407,2.907840253,19.631862,6.1694,package-0,/sys/class/powercap/intel-rapl:0/energy_uj,0
integer_and_control_flow_intensive,towers_of_hanoi,rust,9,OK,0.215211906,4.218617,2.890888667,19.602154,6.1694,package-0,/sys/class/powercap/intel-rapl:0/energy_uj,0
integer_and_control_flow_intensive,towers_of_hanoi,rust,10,OK,0.217242156,4.223622,2.883368243,19.442,6.1694,package-0,/sys/class/powercap/intel-rapl:0/energy_uj,0
integer_and_control_flow_intensive,towers_of_hanoi,cpp,1,OK,0.063112392,1.055539,0.666173409,16.72475,6.1694,package-0,/sys/class/powercap/intel-rapl:0/energy_uj,0
integer_and_control_flow_intensive,towers_of_hanoi,cpp,2,OK,0.065761646,1.577267,1.171557101,23.984603,6.1694,package-0,/sys/class/powercap/intel-rapl:0/energy_uj,0
integer_and_control_flow_intensive,towers_of_hanoi,cpp,3,OK,0.065970972,1.600582,1.193580685,24.261913,6.1694,package-0,/sys/class/powercap/intel-rapl:0/energy_uj,0
integer_and_control_flow_intensive,towers_of_hanoi,cpp,4,OK,0.065170474,1.623531,1.221468278,24.912064,6.1694,package-0,/sys/class/powercap/intel-rapl:0/energy_uj,0
integer_and_control_flow_intensive,towers_of_hanoi,cpp,5,OK,0.065006769,1.602047,1.200994239,24.644311,6.1694,package-0,/sys/class/powercap/intel-rapl:0/energy_uj,0
integer_and_control_flow_intensive,towers_of_hanoi,cpp,6,OK,0.065337133,1.623043,1.219952092,24.84105,6.1694,package-0,/sys/class/powercap/intel-rapl:0/energy_uj,0
integer_and_control_flow_intensive,towers_of_hanoi,cpp,7,OK,0.065183898,1.583797,1.18165146,24.297366,6.1694,package-0,/sys/class/powercap/intel-rapl:0/energy_uj,0
integer_and_control_flow_intensive,towers_of_hanoi,cpp,8,OK,0.065113483,1.622127,1.220415878,24.912306,6.1694,package-0,/sys/class/powercap/intel-rapl:0/energy_uj,0
integer_and_control_flow_intensive,towers_of_hanoi,cpp,9,OK,0.065131194,1.640621,1.238800612,25.189481,6.1694,package-0,/sys/class/powercap/intel-rapl:0/energy_uj,0
integer_and_control_flow_intensive,towers_of_hanoi,cpp,10,OK,0.06521515,1.593318,1.190979654,24.431716,6.1694,package-0,/sys/class/powercap/intel-rapl:0/energy_uj,0
integer_and_control_flow_intensive,knights_tour,c,1,OK,0.001910964,0.192382,0.180592499,100.672749,6.1694,package-0,/sys/class/powercap/intel-rapl:0/energy_uj,0
integer_and_control_flow_intensive,knights_tour,c,2,OK,0.002010656,0.204345,0.191940459,101.63101,6.1694,package-0,/sys/class/powercap/intel-rapl:0/energy_uj,0
integer_and_control_flow_intensive,knights_tour,c,3,OK,0.002124562,0.195434,0.182326727,91.987902,6.1694,package-0,/sys/class/powercap/intel-rapl:0/energy_uj,0
integer_and_control_flow_intensive,knights_tour,c,4,OK,0.002029824,0.210021,0.197498204,103.467591,6.1694,package-0,/sys/class/powercap/intel-rapl:0/energy_uj,0
integer_and_control_flow_intensive,knights_tour,c,5,OK,0.001979618,0.214965,0.202751945,108.589132,6.1694,package-0,/sys/class/powercap/intel-rapl:0/energy_uj,0
integer_and_control_flow_intensive,knights_tour,c,6,OK,0.00225161,0.186339,0.172447917,82.758115,6.1694,package-0,/sys/class/powercap/intel-rapl:0/energy_uj,0
integer_and_control_flow_intensive,knights_tour,c,7,OK,0.001960636,0.186889,0.174793052,95.3206,6.1694,package-0,/sys/class/powercap/intel-rapl:0/energy_uj,0
integer_and_control_flow_intensive,knights_tour,c,8,OK,0.001959492,0.197143,0.18505411,100.60924,6.1694,package-0,/sys/class/powercap/intel-rapl:0/energy_uj,0
integer_and_control_flow_intensive,knights_tour,c,9,OK,0.002047792,0.189941,0.177307352,92.754049,6.1694,package-0,/sys/class/powercap/intel-rapl:0/energy_uj,0
integer_and_control_flow_intensive,knights_tour,c,10,OK,0.002024725,0.212463,0.199971662,104.93425,6.1694,package-0,/sys/class/powercap/intel-rapl:0/energy_uj,0
integer_and_control_flow_intensive,knights_tour,go,1,OK,0.003605856,0.256592,0.234346032,71.159802,6.1694,package-0,/sys/class/powercap/intel-rapl:0/energy_uj,0
integer_and_control_flow_intensive,knights_tour,go,2,OK,0.002267856,0.206176,0.192184689,90.912298,6.1694,package-0,/sys/class/powercap/intel-rapl:0/energy_uj,0
integer_and_control_flow_intensive,knights_tour,go,3,OK,0.002362091,0.202759,0.188186316,85.838776,6.1694,package-0,/sys/class/powercap/intel-rapl:0/energy_uj,0
integer_and_control_flow_intensive,knights_tour,go,4,OK,0.002234951,0.192382,0.178593693,86.078845,6.1694,package-0,/sys/class/powercap/intel-rapl:0/energy_uj,0
integer_and_control_flow_intensive,knights_tour,go,5,OK,0.002653074,0.209472,0.193104125,78.954451,6.1694,package-0,/sys/class/powercap/intel-rapl:0/energy_uj,0
integer_and_control_flow_intensive,knights_tour,go,6,OK,0.002389112,0.206421,0.191681612,86.400721,6.1694,package-0,/sys/class/powercap/intel-rapl:0/energy_uj,0
integer_and_control_flow_intensive,knights_tour,go,7,OK,0.00238309,0.203125,0.188422765,85.235975,6.1694,package-0,/sys/class/powercap/intel-rapl:0/energy_uj,0
integer_and_control_flow_intensive,knights_tour,go,8,OK,0.002365486,0.198058,0.183464371,83.728249,6.1694,package-0,/sys/class/powercap/intel-rapl:0/energy_uj,0
integer_and_control_flow_intensive,knights_tour,go,9,OK,0.002376298,0.193725,0.179064667,81.523866,6.1694,package-0,/sys/class/powercap/intel-rapl:0/energy_uj,0
integer_and_control_flow_intensive,knights_tour,go,10,OK,0.002391263,0.216125,0.201372342,90.381108,6.1694,package-0,/sys/class/powercap/intel-rapl:0/energy_uj,0
integer_and_control_flow_intensive,knights_tour,rust,1,OK,0.003054907,0.232604,0.213757057,76.141107,6.1694,package-0,/sys/class/powercap/intel-rapl:0/energy_uj,0
integer_and_control_flow_intensive,knights_tour,rust,2,OK,0.002239619,0.187317,0.173499895,83.637887,6.1694,package-0,/sys/class/powercap/intel-rapl:0/energy_uj,0
integer_and_control_flow_intensive,knights_tour,rust,3,OK,0.002341038,0.218383,0.2039402,93.284688,6.1694,package-0,/sys/class/powercap/intel-rapl:0/energy_uj,0
integer_and_control_flow_intensive,knights_tour,rust,4,OK,0.002288408,0.218078,0.203959896,95.296818,6.1694,package-0,/sys/class/powercap/intel-rapl:0/energy_uj,0
integer_and_control_flow_intensive,knights_tour,rust,5,OK,0.002156658,0.202392,0.189086714,93.845199,6.1694,package-0,/sys/class/powercap/intel-rapl:0/energy_uj,0
integer_and_control_flow_intensive,knights_tour,rust,6,OK,0.002213755,0.194336,0.18067846,87.785685,6.1694,package-0,/sys/class/powercap/intel-rapl:0/energy_uj,0
integer_and_control_flow_intensive,knights_tour,rust,7,OK,0.002249733,0.196532,0.182652497,87.357922,6.1694,package-0,/sys/class/powercap/intel-rapl:0/energy_uj,0
integer_and_control_flow_intensive,knights_tour,rust,8,OK,0.002131128,0.208862,0.195714219,98.005376,6.1694,package-0,/sys/class/powercap/intel-rapl:0/energy_uj,0
integer_and_control_flow_intensive,knights_tour,rust,9,OK,0.00220769,0.24768,0.234059877,112.189664,6.1694,package-0,/sys/class/powercap/intel-rapl:0/energy_uj,0
integer_and_control_flow_intensive,knights_tour,rust,10,OK,0.002159329,0.190368,0.177046236,88.16072,6.1694,package-0,/sys/class/powercap/intel-rapl:0/energy_uj,0
integer_and_control_flow_intensive,knights_tour,cpp,1,OK,0.001850887,0.2182,0.206781138,117.889423,6.1694,package-0,/sys/class/powercap/intel-rapl:0/energy_uj,0
integer_and_control_flow_intensive,knights_tour,cpp,2,OK,0.002314121,0.191466,0.177189262,82.738111,6.1694,package-0,/sys/class/powercap/intel-rapl:0/energy_uj,0
integer_and_control_flow_intensive,knights_tour,cpp,3,OK,0.002126045,0.18811,0.174993578,88.478842,6.1694,package-0,/sys/class/powercap/intel-rapl:0/energy_uj,0
integer_and_control_flow_intensive,knights_tour,cpp,4,OK,0.002039244,0.185973,0.173392088,91.197032,6.1694,package-0,/sys/class/powercap/intel-rapl:0/energy_uj,0
integer_and_control_flow_intensive,knights_tour,cpp,5,OK,0.002016637,0.203674,0.19123256,100.996858,6.1694,package-0,/sys/class/powercap/intel-rapl:0/energy_uj,0
integer_and_control_flow_intensive,knights_tour,cpp,6,OK,0.002107276,0.203796,0.190795371,96.710635,6.1694,package-0,/sys/class/powercap/intel-rapl:0/energy_uj,0
integer_and_control_flow_intensive,knights_tour,cpp,7,OK,0.002098887,0.196716,0.183767127,93.723959,6.1694,package-0,/sys/class/powercap/intel-rapl:0/energy_uj,0
integer_and_control_flow_intensive,knights_tour,cpp,8,OK,0.002042647,0.186279,0.173677094,91.194905,6.1694,package-0,/sys/class/powercap/intel-rapl:0/energy_uj,0
integer_and_control_flow_intensive,knights_tour,cpp,9,OK,0.002122124,0.190734,0.177641768,89.87882,6.1694,package-0,/sys/class/powercap/intel-rapl:0/energy_uj,0
integer_and_control_flow_intensive,knights_tour,cpp,10,OK,0.001989925,0.173644,0.161367357,87.26158,6.1694,package-0,/sys/class/powercap/intel-rapl:0/energy_uj,0
integer_and_control_flow_intensive,josephus_problem,c,1,OK,0.002655608,0.224304,0.207920492,84.464273,6.1694,package-0,/sys/class/powercap/intel-rapl:0/energy_uj,0
integer_and_control_flow_intensive,josephus_problem,c,2,OK,0.002362972,0.192566,0.177987881,81.493137,6.1694,package-0,/sys/class/powercap/intel-rapl:0/energy_uj,0
integer_and_control_flow_intensive,josephus_problem,c,3,OK,0.002418434,0.221618,0.206697713,91.636985,6.1694,package-0,/sys/class/powercap/intel-rapl:0/energy_uj,0
integer_and_control_flow_intensive,josephus_problem,c,4,OK,0.002445914,0.196472,0.181382178,80.326618,6.1694,package-0,/sys/class/powercap/intel-rapl:0/energy_uj,0
integer_and_control_flow_intensive,josephus_problem,c,5,OK,0.002443999,0.185669,0.170590993,75.969344,6.1694,package-0,/sys/class/powercap/intel-rapl:0/energy_uj,0
integer_and_control_flow_intensive,josephus_problem,c,6,OK,0.00254763,0.209533,0.193815651,82.246245,6.1694,package-0,/sys/class/powercap/intel-rapl:0/energy_uj,0
integer_and_control_flow_intensive,josephus_problem,c,7,OK,0.002441676,0.193786,0.178722324,79.365976,6.1694,package-0,/sys/class/powercap/intel-rapl:0/energy_uj,0
integer_and_control_flow_intensive,josephus_problem,c,8,OK,0.002525941,0.194457,0.17887346,76.983983,6.1694,package-0,/sys/class/powercap/intel-rapl:0/energy_uj,0
integer_and_control_flow_intensive,josephus_problem,c,9,OK,0.002405868,0.213378,0.198535238,88.690651,6.1694,package-0,/sys/class/powercap/intel-rapl:0/energy_uj,0
integer_and_control_flow_intensive,josephus_problem,c,10,OK,0.002459506,0.230224,0.215050324,93.605789,6.1694,package-0,/sys/class/powercap/intel-rapl:0/energy_uj,0
integer_and_control_flow_intensive,josephus_problem,go,1,OK,0.002519934,0.224426,0.208879519,89.060269,6.1694,package-0,/sys/class/powercap/intel-rapl:0/energy_uj,0
integer_and_control_flow_intensive,josephus_problem,go,2,OK,0.002335674,0.207336,0.192926293,88.769237,6.1694,package-0,/sys/class/powercap/intel-rapl:0/energy_uj,0
integer_and_control_flow_intensive,josephus_problem,go,3,OK,0.002328467,0.212157,0.197791756,91.114454,6.1694,package-0,/sys/class/powercap/intel-rapl:0/energy_uj,0
integer_and_control_flow_intensive,josephus_problem,go,4,OK,0.002301188,0.19873,0.184533051,86.359741,6.1694,package-0,/sys/class/powercap/intel-rapl:0/energy_uj,0
integer_and_control_flow_intensive,josephus_problem,go,5,OK,0.002693856,0.19635,0.179730525,72.888083,6.1694,package-0,/sys/class/powercap/intel-rapl:0/energy_uj,0
integer_and_control_flow_intensive,josephus_problem,go,6,OK,0.002371214,0.218139,0.203510032,91.994649,6.1694,package-0,/sys/class/powercap/intel-rapl:0/energy_uj,0
integer_and_control_flow_intensive,josephus_problem,go,7,OK,0.002196965,0.212097,0.198543044,96.54091,6.1694,package-0,/sys/class/powercap/intel-rapl:0/energy_uj,0
integer_and_control_flow_intensive,josephus_problem,go,8,OK,0.002462444,0.196533,0.181341198,79.81217,6.1694,package-0,/sys/class/powercap/intel-rapl:0/energy_uj,0
integer_and_control_flow_intensive,josephus_problem,go,9,OK,0.002476309,0.201782,0.186504659,81.484984,6.1694,package-0,/sys/class/powercap/intel-rapl:0/energy_uj,0
integer_and_control_flow_intensive,josephus_problem,go,10,OK,0.002257331,0.193725,0.179798622,85.820378,6.1694,package-0,/sys/class/powercap/intel-rapl:0/energy_uj,0
integer_and_control_flow_intensive,josephus_problem,rust,1,OK,0.002420579,0.198791,0.18385748,82.125392,6.1694,package-0,/sys/class/powercap/intel-rapl:0/energy_uj,0
integer_and_control_flow_intensive,josephus_problem,rust,2,OK,0.002451673,0.21344,0.198314649,87.058919,6.1694,package-0,/sys/class/powercap/intel-rapl:0/energy_uj,0
integer_and_control_flow_intensive,josephus_problem,rust,3,OK,0.002309274,0.190185,0.175938165,82.357052,6.1694,package-0,/sys/class/powercap/intel-rapl:0/energy_uj,0
integer_and_control_flow_intensive,josephus_problem,rust,4,OK,0.002725394,0.220825,0.204010954,81.024982,6.1694,package-0,/sys/class/powercap/intel-rapl:0/energy_uj,0
integer_and_control_flow_intensive,josephus_problem,rust,5,OK,0.002310517,0.188598,0.174343496,81.625887,6.1694,package-0,/sys/class/powercap/intel-rapl:0/energy_uj,0
integer_and_control_flow_intensive,josephus_problem,rust,6,OK,0.002561449,0.214172,0.198369397,83.613611,6.1694,package-0,/sys/class/powercap/intel-rapl:0/energy_uj,0
integer_and_control_flow_intensive,josephus_problem,rust,7,OK,0.002401009,0.213683,0.198870215,88.997167,6.1694,package-0,/sys/class/powercap/intel-rapl:0/energy_uj,0
integer_and_control_flow_intensive,josephus_problem,rust,8,OK,0.002380183,0.202209,0.187524699,84.955232,6.1694,package-0,/sys/class/powercap/intel-rapl:0/energy_uj,0
integer_and_control_flow_intensive,josephus_problem,rust,9,OK,0.002380297,0.219115,0.204429996,92.053639,6.1694,package-0,/sys/class/powercap/intel-rapl:0/energy_uj,0
integer_and_control_flow_intensive,josephus_problem,rust,10,OK,0.002288356,0.198303,0.184185216,86.657408,6.1694,package-0,/sys/class/powercap/intel-rapl:0/energy_uj,0
integer_and_control_flow_intensive,josephus_problem,cpp,1,OK,0.002425051,0.259948,0.24498689,107.192797,6.1694,package-0,/sys/class/powercap/intel-rapl:0/energy_uj,0
integer_and_control_flow_intensive,josephus_problem,cpp,2,OK,0.002548845,0.217224,0.201499156,85.224484,6.1694,package-0,/sys/class/powercap/intel-rapl:0/energy_uj,0
integer_and_control_flow_intensive,josephus_problem,cpp,3,OK,0.002409768,0.214233,0.199366177,88.901919,6.1694,package-0,/sys/class/powercap/intel-rapl:0/energy_uj,0
integer_and_control_flow_intensive,josephus_problem,cpp,4,OK,0.002623738,0.215026,0.198839111,81.954067,6.1694,package-0,/sys/class/powercap/intel-rapl:0/energy_uj,0
integer_and_control_flow_intensive,josephus_problem,cpp,5,OK,0.002322122,0.193908,0.179581901,83.504657,6.1694,package-0,/sys/class/powercap/intel-rapl:0/energy_uj,0
integer_and_control_flow_intensive,josephus_problem,cpp,6,OK,0.002371523,0.21997,0.205339126,92.75474,6.1694,package-0,/sys/class/powercap/intel-rapl:0/energy_uj,0
integer_and_control_flow_intensive,josephus_problem,cpp,7,OK,0.002471815,0.219604,0.204354385,88.843218,6.1694,package-0,/sys/class/powercap/intel-rapl:0/energy_uj,0
integer_and_control_flow_intensive,josephus_problem,cpp,8,OK,0.002447088,0.195434,0.180336935,79.863904,6.1694,package-0,/sys/class/powercap/intel-rapl:0/energy_uj,0
integer_and_control_flow_intensive,josephus_problem,cpp,9,OK,0.002510491,0.199218,0.183729777,79.354198,6.1694,package-0,/sys/class/powercap/intel-rapl:0/energy_uj,0
integer_and_control_flow_intensive,josephus_problem,cpp,10,OK,0.002591247,0.206298,0.190311561,79.613406,6.1694,package-0,/sys/class/powercap/intel-rapl:0/energy_uj,0
integer_and_control_flow_intensive,sudoku_solver,c,1,OK,0.003097371,0.201232,0.182123079,64.968646,6.1694,package-0,/sys/class/powercap/intel-rapl:0/energy_uj,0
integer_and_control_flow_intensive,sudoku_solver,c,2,OK,0.002314117,0.185363,0.171086287,80.100963,6.1694,package-0,/sys/class/powercap/intel-rapl:0/energy_uj,0
integer_and_control_flow_intensive,sudoku_solver,c,3,OK,0.002264534,0.183959,0.169988184,81.234815,6.1694,package-0,/sys/class/powercap/intel-rapl:0/energy_uj,0
integer_and_control_flow_intensive,sudoku_solver,c,4,OK,0.002385859,0.191223,0.176503681,80.148492,6.1694,package-0,/sys/class/powercap/intel-rapl:0/energy_uj,0
integer_and_control_flow_intensive,sudoku_solver,c,5,OK,0.002326703,0.200195,0.185840639,86.042353,6.1694,package-0,/sys/class/powercap/intel-rapl:0/energy_uj,0
integer_and_control_flow_intensive,sudoku_solver,c,6,OK,0.002282563,0.214294,0.200211956,93.88306,6.1694,package-0,/sys/class/powercap/intel-rapl:0/energy_uj,0
integer_and_control_flow_intensive,sudoku_solver,c,7,OK,0.002468749,0.217895,0.2026643,88.261302,6.1694,package-0,/sys/class/powercap/intel-rapl:0/energy_uj,0
integer_and_control_flow_intensive,sudoku_solver,c,8,OK,0.002469135,0.210387,0.195153919,85.206763,6.1694,package-0,/sys/class/powercap/intel-rapl:0/energy_uj,0
integer_and_control_flow_intensive,sudoku_solver,c,9,OK,0.002241436,0.196776,0.182947685,87.790149,6.1694,package-0,/sys/class/powercap/intel-rapl:0/energy_uj,0
integer_and_control_flow_intensive,sudoku_solver,c,10,OK,0.002354621,0.196288,0.181761401,83.362885,6.1694,package-0,/sys/class/powercap/intel-rapl:0/energy_uj,0
integer_and_control_flow_intensive,sudoku_solver,go,1,OK,0.003341168,0.226256,0.205642998,67.717636,6.1694,package-0,/sys/class/powercap/intel-rapl:0/energy_uj,0
integer_and_control_flow_intensive,sudoku_solver,go,2,OK,0.002852227,0.216369,0.198772471,75.85967,6.1694,package-0,/sys/class/powercap/intel-rapl:0/energy_uj,0
integer_and_control_flow_intensive,sudoku_solver,go,3,OK,0.003011006,0.237304,0.2187279,78.812198,6.1694,package-0,/sys/class/powercap/intel-rapl:0/energy_uj,0
integer_and_control_flow_intensive,sudoku_solver,go,4,OK,0.00311938,0.186401,0.167156297,59.755785,6.1694,package-0,/sys/class/powercap/intel-rapl:0/energy_uj,0
integer_and_control_flow_intensive,sudoku_solver,go,5,OK,0.003006852,0.226013,0.207462527,75.165988,6.1694,package-0,/sys/class/powercap/intel-rapl:0/energy_uj,0
integer_and_control_flow_intensive,sudoku_solver,go,6,OK,0.002899014,0.240356,0.222470823,82.909569,6.1694,package-0,/sys/class/powercap/intel-rapl:0/energy_uj,0
integer_and_control_flow_intensive,sudoku_solver,go,7,OK,0.00303983,0.199218,0.180464073,65.535902,6.1694,package-0,/sys/class/powercap/intel-rapl:0/energy_uj,0
integer_and_control_flow_intensive,sudoku_solver,go,8,OK,0.002736921,0.214171,0.19728584,78.252533,6.1694,package-0,/sys/class/powercap/intel-rapl:0/energy_uj,0
integer_and_control_flow_intensive,sudoku_solver,go,9,OK,0.002730156,0.219299,0.202455576,80.324714,6.1694,package-0,/sys/class/powercap/intel-rapl:0/energy_uj,0
integer_and_control_flow_intensive,sudoku_solver,go,10,OK,0.002724755,0.19049,0.173679897,69.910873,6.1694,package-0,/sys/class/powercap/intel-rapl:0/energy_uj,0
integer_and_control_flow_intensive,sudoku_solver,rust,1,OK,0.002411833,0.228698,0.213818437,94.823315,6.1694,package-0,/sys/class/powercap/intel-rapl:0/energy_uj,0
integer_and_control_flow_intensive,sudoku_solver,rust,2,OK,0.002386305,0.218444,0.20372193,91.540687,6.1694,package-0,/sys/class/powercap/intel-rapl:0/energy_uj,0
integer_and_control_flow_intensive,sudoku_solver,rust,3,OK,0.002547709,0.208007,0.192289164,81.644725,6.1694,package-0,/sys/class/powercap/intel-rapl:0/energy_uj,0
integer_and_control_flow_intensive,sudoku_solver,rust,4,OK,0.002430941,0.190856,0.175858553,78.511161,6.1694,package-0,/sys/class/powercap/intel-rapl:0/energy_uj,0
integer_and_control_flow_intensive,sudoku_solver,rust,5,OK,0.002543035,0.197875,0.182186,77.810569,6.1694,package-0,/sys/class/powercap/intel-rapl:0/energy_uj,0
integer_and_control_flow_intensive,sudoku_solver,rust,6,OK,0.002468114,0.207763,0.192536217,84.178851,6.1694,package-0,/sys/class/powercap/intel-rapl:0/energy_uj,0
integer_and_control_flow_intensive,sudoku_solver,rust,7,OK,0.002386596,0.216369,0.201645135,90.660087,6.1694,package-0,/sys/class/powercap/intel-rapl:0/energy_uj,0
integer_and_control_flow_intensive,sudoku_solver,rust,8,OK,0.002482177,0.2182,0.202886457,87.906704,6.1694,package-0,/sys/class/powercap/intel-rapl:0/energy_uj,0
integer_and_control_flow_intensive,sudoku_solver,rust,9,OK,0.002378944,0.184387,0.169710343,77.507919,6.1694,package-0,/sys/class/powercap/intel-rapl:0/energy_uj,0
integer_and_control_flow_intensive,sudoku_solver,rust,10,OK,0.003032957,0.212341,0.193629475,70.011213,6.1694,package-0,/sys/class/powercap/intel-rapl:0/energy_uj,0
integer_and_control_flow_intensive,sudoku_solver,cpp,1,OK,0.002202045,0.22528,0.211694704,102.304903,6.1694,package-0,/sys/class/powercap/intel-rapl:0/energy_uj,0
integer_and_control_flow_intensive,sudoku_solver,cpp,2,OK,0.002436265,0.213561,0.198530707,87.659183,6.1694,package-0,/sys/class/powercap/intel-rapl:0/energy_uj,0
integer_and_control_flow_intensive,sudoku_solver,cpp,3,OK,0.002187503,0.211914,0.198418419,96.874839,6.1694,package-0,/sys/class/powercap/intel-rapl:0/energy_uj,0
integer_and_control_flow_intensive,sudoku_solver,cpp,4,OK,0.00231756,0.19287,0.178572045,83.221146,6.1694,package-0,/sys/class/powercap/intel-rapl:0/energy_uj,0
integer_and_control_flow_intensive,sudoku_solver,cpp,5,OK,0.002365666,0.208739,0.19414426,88.236886,6.1694,package-0,/sys/class/powercap/intel-rapl:0/energy_uj,0
integer_and_control_flow_intensive,sudoku_solver,cpp,6,OK,0.002236826,0.199524,0.185724126,89.199607,6.1694,package-0,/sys/class/powercap/intel-rapl:0/energy_uj,0
integer_and_control_flow_intensive,sudoku_solver,cpp,7,OK,0.00232235,0.203796,0.189468494,87.754214,6.1694,package-0,/sys/class/powercap/intel-rapl:0/energy_uj,0
integer_and_control_flow_intensive,sudoku_solver,cpp,8,OK,0.002362673,0.221435,0.206858725,93.722237,6.1694,package-0,/sys/class/powercap/intel-rapl:0/energy_uj,0
integer_and_control_flow_intensive,sudoku_solver,cpp,9,OK,0.002310979,0.187316,0.173058646,81.054826,6.1694,package-0,/sys/class/powercap/intel-rapl:0/energy_uj,0
integer_and_control_flow_intensive,sudoku_solver,cpp,10,OK,0.002329659,0.18927,0.174897402,81.24365,6.1694,package-0,/sys/class/powercap/intel-rapl:0/energy_uj,0
integer_and_control_flow_intensive,producer_consumer_single_thread,c,1,OK,0.004509408,0.250671,0.222850658,55.58845,6.1694,package-0,/sys/class/powercap/intel-rapl:0/energy_uj,0
integer_and_control_flow_intensive,producer_consumer_single_thread,c,2,OK,0.004412816,0.259582,0.232357573,58.824569,6.1694,package-0,/sys/class/powercap/intel-rapl:0/energy_uj,0
integer_and_control_flow_intensive,producer_consumer_single_thread,c,3,OK,0.004394431,0.223327,0.196215997,50.820459,6.1694,package-0,/sys/class/powercap/intel-rapl:0/energy_uj,0
integer_and_control_flow_intensive,producer_consumer_single_thread,c,4,OK,0.004608176,0.25708,0.228650319,55.7878,6.1694,package-0,/sys/class/powercap/intel-rapl:0/energy_uj,0
integer_and_control_flow_intensive,producer_consumer_single_thread,c,5,OK,0.004447255,0.252319,0.224882105,56.735897,6.1694,package-0,/sys/class/powercap/intel-rapl:0/energy_uj,0
integer_and_control_flow_intensive,producer_consumer_single_thread,c,6,OK,0.0044992,0.228271,0.200513636,50.735909,6.1694,package-0,/sys/class/powercap/intel-rapl:0/energy_uj,0
integer_and_control_flow_intensive,producer_consumer_single_thread,c,7,OK,0.004416803,0.236144,0.208894976,53.464916,6.1694,package-0,/sys/class/powercap/intel-rapl:0/energy_uj,0
integer_and_control_flow_intensive,producer_consumer_single_thread,c,8,OK,0.00431044,0.257506,0.230913171,59.740073,6.1694,package-0,/sys/class/powercap/intel-rapl:0/energy_uj,0
integer_and_control_flow_intensive,producer_consumer_single_thread,c,9,OK,0.004413668,0.236694,0.209464317,53.627504,6.1694,package-0,/sys/class/powercap/intel-rapl:0/energy_uj,0
integer_and_control_flow_intensive,producer_consumer_single_thread,c,10,OK,0.004619288,0.236632,0.208133765,51.226942,6.1694,package-0,/sys/class/powercap/intel-rapl:0/energy_uj,0
integer_and_control_flow_intensive,producer_consumer_single_thread,go,1,OK,0.003711202,0.246032,0.22313611,66.294424,6.1694,package-0,/sys/class/powercap/intel-rapl:0/energy_uj,0
integer_and_control_flow_intensive,producer_consumer_single_thread,go,2,OK,0.003806522,0.235656,0.212172043,61.908482,6.1694,package-0,/sys/class/powercap/intel-rapl:0/energy_uj,0
integer_and_control_flow_intensive,producer_consumer_single_thread,go,3,OK,0.003703207,0.209289,0.186442435,56.515609,6.1694,package-0,/sys/class/powercap/intel-rapl:0/energy_uj,0
integer_and_control_flow_intensive,producer_consumer_single_thread,go,4,OK,0.005090417,0.247558,0.216153181,48.632165,6.1694,package-0,/sys/class/powercap/intel-rapl:0/energy_uj,0
integer_and_control_flow_intensive,producer_consumer_single_thread,go,5,OK,0.005738616,0.289367,0.253963182,50.424527,6.1694,package-0,/sys/class/powercap/intel-rapl:0/energy_uj,0
integer_and_control_flow_intensive,producer_consumer_single_thread,go,6,OK,0.003818244,0.253173,0.229616725,66.306134,6.1694,package-0,/sys/class/powercap/intel-rapl:0/energy_uj,0
integer_and_control_flow_intensive,producer_consumer_single_thread,go,7,OK,0.003608398,0.241699,0.219437349,66.982356,6.1694,package-0,/sys/class/powercap/intel-rapl:0/energy_uj,0
integer_and_control_flow_intensive,producer_consumer_single_thread,go,8,OK,0.003704117,0.244201,0.221348821,65.926913,6.1694,package-0,/sys/class/powercap/intel-rapl:0/energy_uj,0
integer_and_control_flow_intensive,producer_consumer_single_thread,go,9,OK,0.003895998,0.259582,0.23554603,66.627858,6.1694,package-0,/sys/class/powercap/intel-rapl:0/energy_uj,0
integer_and_control_flow_intensive,producer_consumer_single_thread,go,10,OK,0.003760424,0.235229,0.21202944,62.55385,6.1694,package-0,/sys/class/powercap/intel-rapl:0/energy_uj,0
integer_and_control_flow_intensive,producer_consumer_single_thread,rust,1,OK,0.003252807,0.242675,0.222607132,74.604795,6.1694,package-0,/sys/class/powercap/intel-rapl:0/energy_uj,0
integer_and_control_flow_intensive,producer_consumer_single_thread,rust,2,OK,0.003072977,0.229247,0.210288576,74.600949,6.1694,package-0,/sys/class/powercap/intel-rapl:0/energy_uj,0
integer_and_control_flow_intensive,producer_consumer_single_thread,rust,3,OK,0.003245452,0.237976,0.217953508,73.325996,6.1694,package-0,/sys/class/powercap/intel-rapl:0/energy_uj,0
integer_and_control_flow_intensive,producer_consumer_single_thread,rust,4,OK,0.0030122,0.226317,0.207733533,75.133457,6.1694,package-0,/sys/class/powercap/intel-rapl:0/energy_uj,0
integer_and_control_flow_intensive,producer_consumer_single_thread,rust,5,OK,0.003518647,0.225097,0.203389059,63.972601,6.1694,package-0,/sys/class/powercap/intel-rapl:0/energy_uj,0
integer_and_control_flow_intensive,producer_consumer_single_thread,rust,6,OK,0.003094517,0.215027,0.195935687,69.48645,6.1694,package-0,/sys/class/powercap/intel-rapl:0/energy_uj,0
integer_and_control_flow_intensive,producer_consumer_single_thread,rust,7,OK,0.003072705,0.209899,0.190942254,68.310821,6.1694,package-0,/sys/class/powercap/intel-rapl:0/energy_uj,0
integer_and_control_flow_intensive,producer_consumer_single_thread,rust,8,OK,0.003461714,0.212035,0.190678302,61.251449,6.1694,package-0,/sys/class/powercap/intel-rapl:0/energy_uj,0
integer_and_control_flow_intensive,producer_consumer_single_thread,rust,9,OK,0.003214778,0.234618,0.214784749,72.981089,6.1694,package-0,/sys/class/powercap/intel-rapl:0/energy_uj,0
integer_and_control_flow_intensive,producer_consumer_single_thread,rust,10,OK,0.002990798,0.211364,0.192912571,70.67144,6.1694,package-0,/sys/class/powercap/intel-rapl:0/energy_uj,0
integer_and_control_flow_intensive,producer_consumer_single_thread,cpp,1,OK,0.004554105,0.263366,0.235269905,57.830463,6.1694,package-0,/sys/class/powercap/intel-rapl:0/energy_uj,0
integer_and_control_flow_intensive,producer_consumer_single_thread,cpp,2,OK,0.00475489,0.255431,0.226096182,53.719644,6.1694,package-0,/sys/class/powercap/intel-rapl:0/energy_uj,0
integer_and_control_flow_intensive,producer_consumer_single_thread,cpp,3,OK,0.004401175,0.260497,0.233344391,59.188058,6.1694,package-0,/sys/class/powercap/intel-rapl:0/energy_uj,0
integer_and_control_flow_intensive,producer_consumer_single_thread,cpp,4,OK,0.004314802,0.249878,0.223258261,57.911811,6.1694,package-0,/sys/class/powercap/intel-rapl:0/energy_uj,0
integer_and_control_flow_intensive,producer_consumer_single_thread,cpp,5,OK,0.004296697,0.252258,0.225749958,58.709748,6.1694,package-0,/sys/class/powercap/intel-rapl:0/energy_uj,0
integer_and_control_flow_intensive,producer_consumer_single_thread,cpp,6,OK,0.0043457,0.252502,0.225691638,58.103873,6.1694,package-0,/sys/class/powercap/intel-rapl:0/energy_uj,0
integer_and_control_flow_intensive,producer_consumer_single_thread,cpp,7,OK,0.004517158,0.250914,0.223045845,55.546873,6.1694,package-0,/sys/class/powercap/intel-rapl:0/energy_uj,0
integer_and_control_flow_intensive,producer_consumer_single_thread,cpp,8,OK,0.004638216,0.240234,0.21161899,51.794483,6.1694,package-0,/sys/class/powercap/intel-rapl:0/energy_uj,0
integer_and_control_flow_intensive,producer_consumer_single_thread,cpp,9,OK,0.004609384,0.238708,0.210270866,51.787397,6.1694,package-0,/sys/class/powercap/intel-rapl:0/energy_uj,0
integer_and_control_flow_intensive,producer_consumer_single_thread,cpp,10,OK,0.004518015,0.243164,0.215290558,53.820981,6.1694,package-0,/sys/class/powercap/intel-rapl:0/energy_uj,0
floating_point,gaussian_elimination,c,1,OK,0.002430017,0.228759,0.213767253,94.138848,6.1694,package-0,/sys/class/powercap/intel-rapl:0/energy_uj,0
floating_point,gaussian_elimination,c,2,OK,0.002225556,0.217773,0.204042655,97.851054,6.1694,package-0,/sys/class/powercap/intel-rapl:0/energy_uj,0
floating_point,gaussian_elimination,c,3,OK,0.002247291,0.203186,0.189321563,90.413747,6.1694,package-0,/sys/class/powercap/intel-rapl:0/energy_uj,0
floating_point,gaussian_elimination,c,4,OK,0.002191966,0.199035,0.185511885,90.802047,6.1694,package-0,/sys/class/powercap/intel-rapl:0/energy_uj,0
floating_point,gaussian_elimination,c,5,OK,0.002471471,0.185364,0.170116507,75.001487,6.1694,package-0,/sys/class/powercap/intel-rapl:0/energy_uj,0
floating_point,gaussian_elimination,c,6,OK,0.002246754,0.177917,0.164055876,79.188465,6.1694,package-0,/sys/class/powercap/intel-rapl:0/energy_uj,0
floating_point,gaussian_elimination,c,7,OK,0.00220542,0.19342,0.179813882,87.702116,6.1694,package-0,/sys/class/powercap/intel-rapl:0/energy_uj,0
floating_point,gaussian_elimination,c,8,OK,0.002232172,0.19812,0.184348838,88.756601,6.1694,package-0,/sys/class/powercap/intel-rapl:0/energy_uj,0
floating_point,gaussian_elimination,c,9,OK,0.002250884,0.193481,0.179594396,85.957784,6.1694,package-0,/sys/class/powercap/intel-rapl:0/energy_uj,0
floating_point,gaussian_elimination,c,10,OK,0.002203609,0.197143,0.183548055,89.463693,6.1694,package-0,/sys/class/powercap/intel-rapl:0/energy_uj,0
floating_point,gaussian_elimination,go,1,OK,0.002817476,0.220519,0.203136864,78.26828,6.1694,package-0,/sys/class/powercap/intel-rapl:0/energy_uj,0
floating_point,gaussian_elimination,go,2,OK,0.002599484,0.22412,0.208082743,86.217111,6.1694,package-0,/sys/class/powercap/intel-rapl:0/energy_uj,0
floating_point,gaussian_elimination,go,3,OK,0.002535065,0.201721,0.18608117,79.572319,6.1694,package-0,/sys/class/powercap/intel-rapl:0/energy_uj,0
floating_point,gaussian_elimination,go,4,OK,0.002382478,0.211974,0.19727554,88.97207,6.1694,package-0,/sys/class/powercap/intel-rapl:0/energy_uj,0
floating_point,gaussian_elimination,go,5,OK,0.002636213,0.214171,0.197907148,81.241918,6.1694,package-0,/sys/class/powercap/intel-rapl:0/energy_uj,0
floating_point,gaussian_elimination,go,6,OK,0.002538647,0.222472,0.206810071,87.634082,6.1694,package-0,/sys/class/powercap/intel-rapl:0/energy_uj,0
floating_point,gaussian_elimination,go,7,OK,0.002647433,0.228759,0.212425927,86.407852,6.1694,package-0,/sys/class/powercap/intel-rapl:0/energy_uj,0
floating_point,gaussian_elimination,go,8,OK,0.002626477,0.216308,0.200104213,82.356708,6.1694,package-0,/sys/class/powercap/intel-rapl:0/energy_uj,0
floating_point,gaussian_elimination,go,9,OK,0.002600106,0.220885,0.204843906,84.952306,6.1694,package-0,/sys/class/powercap/intel-rapl:0/energy_uj,0
floating_point,gaussian_elimination,go,10,OK,0.002463264,0.179687,0.164490139,72.946708,6.1694,package-0,/sys/class/powercap/intel-rapl:0/energy_uj,0
floating_point,gaussian_elimination,rust,1,OK,0.002845203,0.226196,0.208642805,79.50083,6.1694,package-0,/sys/class/powercap/intel-rapl:0/energy_uj,0
floating_point,gaussian_elimination,rust,2,OK,0.003024634,0.217224,0.198563823,71.818276,6.1694,package-0,/sys/class/powercap/intel-rapl:0/energy_uj,0
floating_point,gaussian_elimination,rust,3,OK,0.002366927,0.210998,0.196395481,89.144279,6.1694,package-0,/sys/class/powercap/intel-rapl:0/energy_uj,0
floating_point,gaussian_elimination,rust,4,OK,0.002506051,0.216858,0.201397169,86.533754,6.1694,package-0,/sys/class/powercap/intel-rapl:0/energy_uj,0
floating_point,gaussian_elimination,rust,5,OK,0.002515293,0.202026,0.186508151,80.319072,6.1694,package-0,/sys/class/powercap/intel-rapl:0/energy_uj,0
floating_point,gaussian_elimination,rust,6,OK,0.002477808,0.20166,0.186373411,81.386451,6.1694,package-0,/sys/class/powercap/intel-rapl:0/energy_uj,0
floating_point,gaussian_elimination,rust,7,OK,0.002496876,0.221191,0.205786773,88.587098,6.1694,package-0,/sys/class/powercap/intel-rapl:0/energy_uj,0
floating_point,gaussian_elimination,rust,8,OK,0.002413548,0.194641,0.179750857,80.645175,6.1694,package-0,/sys/class/powercap/intel-rapl:0/energy_uj,0
floating_point,gaussian_elimination,rust,9,OK,0.002463623,0.211913,0.196713924,86.016813,6.1694,package-0,/sys/class/powercap/intel-rapl:0/energy_uj,0
floating_point,gaussian_elimination,rust,10,OK,0.002474557,0.183655,0.168388468,74.217325,6.1694,package-0,/sys/class/powercap/intel-rapl:0/energy_uj,0
floating_point,gaussian_elimination,cpp,1,OK,0.002960674,0.217712,0.199446418,73.534607,6.1694,package-0,/sys/class/powercap/intel-rapl:0/energy_uj,0
floating_point,gaussian_elimination,cpp,2,OK,0.002165657,0.197509,0.184148196,91.200499,6.1694,package-0,/sys/class/powercap/intel-rapl:0/energy_uj,0
floating_point,gaussian_elimination,cpp,3,OK,0.002302218,0.198364,0.184160696,86.162127,6.1694,package-0,/sys/class/powercap/intel-rapl:0/energy_uj,0
floating_point,gaussian_elimination,cpp,4,OK,0.002222799,0.198852,0.185138664,89.460181,6.1694,package-0,/sys/class/powercap/intel-rapl:0/energy_uj,0
floating_point,gaussian_elimination,cpp,5,OK,0.002461349,0.198852,0.183666953,80.789843,6.1694,package-0,/sys/class/powercap/intel-rapl:0/energy_uj,0
floating_point,gaussian_elimination,cpp,6,OK,0.002473398,0.196289,0.181029618,79.360054,6.1694,package-0,/sys/class/powercap/intel-rapl:0/energy_uj,0
floating_point,gaussian_elimination,cpp,7,OK,0.002241813,0.199219,0.185388359,88.865128,6.1694,package-0,/sys/class/powercap/intel-rapl:0/energy_uj,0
floating_point,gaussian_elimination,cpp,8,OK,0.002513471,0.220519,0.205012392,87.73485,6.1694,package-0,/sys/class/powercap/intel-rapl:0/energy_uj,0
floating_point,gaussian_elimination,cpp,9,OK,0.002285811,0.215637,0.201534918,94.337196,6.1694,package-0,/sys/class/powercap/intel-rapl:0/energy_uj,0
floating_point,gaussian_elimination,cpp,10,OK,0.002295495,0.217407,0.203245173,94.710291,6.1694,package-0,/sys/class/powercap/intel-rapl:0/energy_uj,0
floating_point,numerical_integration,c,1,OK,0.11152253,2.493951,1.805923903,22.362755,6.1694,package-0,/sys/class/powercap/intel-rapl:0/energy_uj,0
floating_point,numerical_integration,c,2,OK,0.11243319,2.487726,1.794080678,22.12626,6.1694,package-0,/sys/class/powercap/intel-rapl:0/energy_uj,0
floating_point,numerical_integration,c,3,OK,0.113163305,2.49328,1.795130306,22.032584,6.1694,package-0,/sys/class/powercap/intel-rapl:0/energy_uj,0
floating_point,numerical_integration,c,4,OK,0.11226862,2.510247,1.817616976,22.359293,6.1694,package-0,/sys/class/powercap/intel-rapl:0/energy_uj,0
floating_point,numerical_integration,c,5,OK,0.112645558,2.491632,1.796676494,22.119221,6.1694,package-0,/sys/class/powercap/intel-rapl:0/energy_uj,0
floating_point,numerical_integration,c,6,OK,0.113601218,2.498163,1.797311646,21.990636,6.1694,package-0,/sys/class/powercap/intel-rapl:0/energy_uj,0
floating_point,numerical_integration,c,7,OK,0.112501748,2.492853,1.798784716,22.158349,6.1694,package-0,/sys/class/powercap/intel-rapl:0/energy_uj,0
floating_point,numerical_integration,c,8,OK,0.111773114,2.537774,1.84820095,22.704691,6.1694,package-0,/sys/class/powercap/intel-rapl:0/energy_uj,0
floating_point,numerical_integration,c,9,OK,0.11210756,2.497064,1.805427619,22.273823,6.1694,package-0,/sys/class/powercap/intel-rapl:0/energy_uj,0
floating_point,numerical_integration,c,10,OK,0.113653381,2.510675,1.809501831,22.090632,6.1694,package-0,/sys/class/powercap/intel-rapl:0/energy_uj,0
floating_point,numerical_integration,go,1,OK,0.073485671,1.739314,1.285951501,23.66875,6.1694,package-0,/sys/class/powercap/intel-rapl:0/energy_uj,0
floating_point,numerical_integration,go,2,OK,0.075672612,1.682979,1.216124388,22.240266,6.1694,package-0,/sys/class/powercap/intel-rapl:0/energy_uj,0
floating_point,numerical_integration,go,3,OK,0.074337452,1.702022,1.243404524,22.895888,6.1694,package-0,/sys/class/powercap/intel-rapl:0/energy_uj,0
floating_point,numerical_integration,go,4,OK,0.076205696,1.708736,1.238592579,22.422681,6.1694,package-0,/sys/class/powercap/intel-rapl:0/energy_uj,0
floating_point,numerical_integration,go,5,OK,0.075526114,1.673945,1.207994192,22.163791,6.1694,package-0,/sys/class/powercap/intel-rapl:0/energy_uj,0
floating_point,numerical_integration,go,6,OK,0.076109336,1.700801,1.231252062,22.346812,6.1694,package-0,/sys/class/powercap/intel-rapl:0/energy_uj,0
floating_point,numerical_integration,go,7,OK,0.074968283,1.683345,1.220835675,22.454096,6.1694,package-0,/sys/class/powercap/intel-rapl:0/energy_uj,0
floating_point,numerical_integration,go,8,OK,0.074832508,1.695552,1.233880325,22.65796,6.1694,package-0,/sys/class/powercap/intel-rapl:0/energy_uj,0
floating_point,numerical_integration,go,9,OK,0.074304201,1.719356,1.260943662,23.139418,6.1694,package-0,/sys/class/powercap/intel-rapl:0/energy_uj,0
floating_point,numerical_integration,go,10,OK,0.074597894,1.732845,1.272620753,23.229141,6.1694,package-0,/sys/class/powercap/intel-rapl:0/energy_uj,0
floating_point,numerical_integration,rust,1,OK,0.002103099,0.200805,0.187830141,95.480527,6.1694,package-0,/sys/class/powercap/intel-rapl:0/energy_uj,0
floating_point,numerical_integration,rust,2,OK,0.002232745,0.212829,0.199054303,95.321678,6.1694,package-0,/sys/class/powercap/intel-rapl:0/energy_uj,0
floating_point,numerical_integration,rust,3,OK,0.002186109,0.198425,0.184938019,90.766288,6.1694,package-0,/sys/class/powercap/intel-rapl:0/energy_uj,0
floating_point,numerical_integration,rust,4,OK,0.002123993,0.199096,0.185992238,93.736655,6.1694,package-0,/sys/class/powercap/intel-rapl:0/energy_uj,0
floating_point,numerical_integration,rust,5,OK,0.002213176,0.174926,0.161272032,79.03845,6.1694,package-0,/sys/class/powercap/intel-rapl:0/energy_uj,0
floating_point,numerical_integration,rust,6,OK,0.002248269,0.207336,0.193465529,92.220281,6.1694,package-0,/sys/class/powercap/intel-rapl:0/energy_uj,0
floating_point,numerical_integration,rust,7,OK,0.002179684,0.194457,0.181009658,89.213391,6.1694,package-0,/sys/class/powercap/intel-rapl:0/energy_uj,0
floating_point,numerical_integration,rust,8,OK,0.002080888,0.204711,0.19187317,98.376751,6.1694,package-0,/sys/class/powercap/intel-rapl:0/energy_uj,0
floating_point,numerical_integration,rust,9,OK,0.002335493,0.222107,0.207698409,95.100692,6.1694,package-0,/sys/class/powercap/intel-rapl:0/energy_uj,0
floating_point,numerical_integration,rust,10,OK,0.002165569,0.200195,0.186834739,92.444526,6.1694,package-0,/sys/class/powercap/intel-rapl:0/energy_uj,0
floating_point,numerical_integration,cpp,1,OK,0.110483345,2.510065,1.828449051,22.718945,6.1694,package-0,/sys/class/powercap/intel-rapl:0/energy_uj,0
floating_point,numerical_integration,cpp,2,OK,0.110490326,2.542535,1.860875983,23.011381,6.1694,package-0,/sys/class/powercap/intel-rapl:0/energy_uj,0
floating_point,numerical_integration,cpp,3,OK,0.110947188,2.545465,1.860987418,22.943033,6.1694,package-0,/sys/class/powercap/intel-rapl:0/energy_uj,0
floating_point,numerical_integration,cpp,4,OK,0.111300949,2.498773,1.812112925,22.450599,6.1694,package-0,/sys/class/powercap/intel-rapl:0/energy_uj,0
floating_point,numerical_integration,cpp,5,OK,0.112222961,2.548333,1.855984664,22.707768,6.1694,package-0,/sys/class/powercap/intel-rapl:0/energy_uj,0
floating_point,numerical_integration,cpp,6,OK,0.112341175,2.505609,1.812531355,22.303568,6.1694,package-0,/sys/class/powercap/intel-rapl:0/energy_uj,0
floating_point,numerical_integration,cpp,7,OK,0.112388075,2.498468,1.80510101,22.230722,6.1694,package-0,/sys/class/powercap/intel-rapl:0/energy_uj,0
floating_point,numerical_integration,cpp,8,OK,0.112950348,2.486749,1.789913123,22.016302,6.1694,package-0,/sys/class/powercap/intel-rapl:0/energy_uj,0
floating_point,numerical_integration,cpp,9,OK,0.112866706,2.527215,1.830895144,22.391147,6.1694,package-0,/sys/class/powercap/intel-rapl:0/energy_uj,0
floating_point,numerical_integration,cpp,10,OK,0.112341933,2.514215,1.821132679,22.380023,6.1694,package-0,/sys/class/powercap/intel-rapl:0/energy_uj,0
floating_point,matrix_multiplication,c,1,OK,0.016820787,0.542845,0.439070837,32.272271,6.1694,package-0,/sys/class/powercap/intel-rapl:0/energy_uj,0
floating_point,matrix_multiplication,c,2,OK,0.017218442,0.523131,0.416903544,30.382017,6.1694,package-0,/sys/class/powercap/intel-rapl:0/energy_uj,0
floating_point,matrix_multiplication,c,3,OK,0.017168168,0.517943,0.412025704,30.168798,6.1694,package-0,/sys/class/powercap/intel-rapl:0/energy_uj,0
floating_point,matrix_multiplication,c,4,OK,0.017477405,0.514098,0.406272898,29.415008,6.1694,package-0,/sys/class/powercap/intel-rapl:0/energy_uj,0
floating_point,matrix_multiplication,c,5,OK,0.01746728,0.519469,0.411706363,29.739547,6.1694,package-0,/sys/class/powercap/intel-rapl:0/energy_uj,0
floating_point,matrix_multiplication,c,6,OK,0.017176195,0.533507,0.427540183,31.060837,6.1694,package-0,/sys/class/powercap/intel-rapl:0/energy_uj,0
floating_point,matrix_multiplication,c,7,OK,0.017470272,0.539549,0.431767904,30.883835,6.1694,package-0,/sys/class/powercap/intel-rapl:0/energy_uj,0
floating_point,matrix_multiplication,c,8,OK,0.017285153,0.533935,0.427295977,30.889805,6.1694,package-0,/sys/class/powercap/intel-rapl:0/energy_uj,0
floating_point,matrix_multiplication,c,9,OK,0.017431824,0.559752,0.452208105,32.110925,6.1694,package-0,/sys/class/powercap/intel-rapl:0/energy_uj,0
floating_point,matrix_multiplication,c,10,OK,0.017104027,0.524718,0.419196416,30.678039,6.1694,package-0,/sys/class/powercap/intel-rapl:0/energy_uj,0
floating_point,matrix_multiplication,go,1,OK,0.002602103,0.227172,0.211118586,87.303231,6.1694,package-0,/sys/class/powercap/intel-rapl:0/energy_uj,0
floating_point,matrix_multiplication,go,2,OK,0.002494637,0.205261,0.189870586,82.280909,6.1694,package-0,/sys/class/powercap/intel-rapl:0/energy_uj,0
floating_point,matrix_multiplication,go,3,OK,0.004994363,0.252013,0.221200777,50.459488,6.1694,package-0,/sys/class/powercap/intel-rapl:0/energy_uj,0
floating_point,matrix_multiplication,go,4,OK,0.002376803,0.184142,0.169478552,77.474658,6.1694,package-0,/sys/class/powercap/intel-rapl:0/energy_uj,0
floating_point,matrix_multiplication,go,5,OK,0.00244067,0.195434,0.180376531,80.073914,6.1694,package-0,/sys/class/powercap/intel-rapl:0/energy_uj,0
floating_point,matrix_multiplication,go,6,OK,0.002498551,0.216247,0.200832439,86.548964,6.1694,package-0,/sys/class/powercap/intel-rapl:0/energy_uj,0
floating_point,matrix_multiplication,go,7,OK,0.002698265,0.200866,0.184219324,74.442651,6.1694,package-0,/sys/class/powercap/intel-rapl:0/energy_uj,0
floating_point,matrix_multiplication,go,8,OK,0.002364728,0.200866,0.186277047,84.942539,6.1694,package-0,/sys/class/powercap/intel-rapl:0/energy_uj,0
floating_point,matrix_multiplication,go,9,OK,0.002453146,0.192932,0.177797561,78.646766,6.1694,package-0,/sys/class/powercap/intel-rapl:0/energy_uj,0
floating_point,matrix_multiplication,go,10,OK,0.002404125,0.216491,0.201658991,90.04981,6.1694,package-0,/sys/class/powercap/intel-rapl:0/energy_uj,0
floating_point,matrix_multiplication,rust,1,OK,0.002200741,0.234191,0.220613748,106.414612,6.1694,package-0,/sys/class/powercap/intel-rapl:0/energy_uj,0
floating_point,matrix_multiplication,rust,2,OK,0.002082179,0.194763,0.181917205,93.538068,6.1694,package-0,/sys/class/powercap/intel-rapl:0/energy_uj,0
floating_point,matrix_multiplication,rust,3,OK,0.002150899,0.192993,0.179723244,89.726668,6.1694,package-0,/sys/class/powercap/intel-rapl:0/energy_uj,0
floating_point,matrix_multiplication,rust,4,OK,0.002120605,0.215331,0.20224814,101.542249,6.1694,package-0,/sys/class/powercap/intel-rapl:0/energy_uj,0
floating_point,matrix_multiplication,rust,5,OK,0.002042155,0.20349,0.190891129,99.644738,6.1694,package-0,/sys/class/powercap/intel-rapl:0/energy_uj,0
floating_point,matrix_multiplication,rust,6,OK,0.002167269,0.216857,0.203486251,100.060029,6.1694,package-0,/sys/class/powercap/intel-rapl:0/energy_uj,0
floating_point,matrix_multiplication,rust,7,OK,0.002178215,0.198486,0.18504772,91.123236,6.1694,package-0,/sys/class/powercap/intel-rapl:0/energy_uj,0
floating_point,matrix_multiplication,rust,8,OK,0.002252823,0.217346,0.203447434,96.477176,6.1694,package-0,/sys/class/powercap/intel-rapl:0/energy_uj,0
floating_point,matrix_multiplication,rust,9,OK,0.002270237,0.202819,0.188813,89.33825,6.1694,package-0,/sys/class/powercap/intel-rapl:0/energy_uj,0
floating_point,matrix_multiplication,rust,10,OK,0.002125486,0.195861,0.182748027,92.148807,6.1694,package-0,/sys/class/powercap/intel-rapl:0/energy_uj,0
floating_point,matrix_multiplication,cpp,1,OK,0.003379915,0.234436,0.213583952,69.361508,6.1694,package-0,/sys/class/powercap/intel-rapl:0/energy_uj,0
floating_point,matrix_multiplication,cpp,2,OK,0.002498108,0.195922,0.180510173,78.428154,6.1694,package-0,/sys/class/powercap/intel-rapl:0/energy_uj,0
floating_point,matrix_multiplication,cpp,3,OK,0.002545552,0.193359,0.177654471,75.959556,6.1694,package-0,/sys/class/powercap/intel-rapl:0/energy_uj,0
floating_point,matrix_multiplication,cpp,4,OK,0.002610493,0.207092,0.190986824,79.330609,6.1694,package-0,/sys/class/powercap/intel-rapl:0/energy_uj,0
floating_point,matrix_multiplication,cpp,5,OK,0.002486068,0.198058,0.182720452,79.667169,6.1694,package-0,/sys/class/powercap/intel-rapl:0/energy_uj,0
floating_point,matrix_multiplication,cpp,6,OK,0.002668968,0.194213,0.177747069,72.767077,6.1694,package-0,/sys/class/powercap/intel-rapl:0/energy_uj,0
floating_point,matrix_multiplication,cpp,7,OK,0.002502289,0.188415,0.172977378,75.297058,6.1694,package-0,/sys/class/powercap/intel-rapl:0/energy_uj,0
floating_point,matrix_multiplication,cpp,8,OK,0.002473463,0.186828,0.171568217,75.532967,6.1694,package-0,/sys/class/powercap/intel-rapl:0/energy_uj,0
floating_point,matrix_multiplication,cpp,9,OK,0.002626241,0.218994,0.202791669,83.386864,6.1694,package-0,/sys/class/powercap/intel-rapl:0/energy_uj,0
floating_point,matrix_multiplication,cpp,10,OK,0.002560233,0.199463,0.183667899,77.908144,6.1694,package-0,/sys/class/powercap/intel-rapl:0/energy_uj,0
floating_point,monte_carlo_pi,c,1,OK,1.186272877,13.847499,6.528907113,11.673114,6.1694,package-0,/sys/class/powercap/intel-rapl:0/energy_uj,0
floating_point,monte_carlo_pi,c,2,OK,1.187754063,15.757345,8.429615084,13.266505,6.1694,package-0,/sys/class/powercap/intel-rapl:0/energy_uj,0
floating_point,monte_carlo_pi,c,3,OK,1.190228805,14.997521,7.65452341,12.600536,6.1694,package-0,/sys/class/powercap/intel-rapl:0/energy_uj,0
floating_point,monte_carlo_pi,c,4,OK,1.188268276,14.989403,7.658500698,12.614494,6.1694,package-0,/sys/class/powercap/intel-rapl:0/energy_uj,0
floating_point,monte_carlo_pi,c,5,OK,1.189252266,15.25698,7.92000707,12.829053,6.1694,package-0,/sys/class/powercap/intel-rapl:0/energy_uj,0
floating_point,monte_carlo_pi,c,6,OK,1.189278309,15.018028,7.6808944,12.62785,6.1694,package-0,/sys/class/powercap/intel-rapl:0/energy_uj,0
floating_point,monte_carlo_pi,c,7,OK,1.187048358,15.375754,8.05237786,12.95293,6.1694,package-0,/sys/class/powercap/intel-rapl:0/energy_uj,0
floating_point,monte_carlo_pi,c,8,OK,1.186668848,15.315512,7.994477209,12.906307,6.1694,package-0,/sys/class/powercap/intel-rapl:0/energy_uj,0
floating_point,monte_carlo_pi,c,9,OK,1.185653116,14.936973,7.622204666,12.598097,6.1694,package-0,/sys/class/powercap/intel-rapl:0/energy_uj,0
floating_point,monte_carlo_pi,c,10,OK,1.190707007,14.992027,7.646079191,12.590861,6.1694,package-0,/sys/class/powercap/intel-rapl:0/energy_uj,0
floating_point,monte_carlo_pi,go,1,OK,0.123941355,1.457882,0.693238204,11.762676,6.1694,package-0,/sys/class/powercap/intel-rapl:0/energy_uj,0
floating_point,monte_carlo_pi,go,2,OK,0.127895894,2.60711,1.818069072,20.384626,6.1694,package-0,/sys/class/powercap/intel-rapl:0/energy_uj,0
floating_point,monte_carlo_pi,go,3,OK,0.127929085,2.582025,1.792779303,20.183252,6.1694,package-0,/sys/class/powercap/intel-rapl:0/energy_uj,0
floating_point,monte_carlo_pi,go,4,OK,0.127443608,2.606439,1.820188405,20.451704,6.1694,package-0,/sys/class/powercap/intel-rapl:0/energy_uj,0
floating_point,monte_carlo_pi,go,5,OK,0.129725609,2.593743,1.793413828,19.994071,6.1694,package-0,/sys/class/powercap/intel-rapl:0/energy_uj,0
floating_point,monte_carlo_pi,go,6,OK,0.127865653,2.589776,1.80092164,20.253883,6.1694,package-0,/sys/class/powercap/intel-rapl:0/energy_uj,0
floating_point,monte_carlo_pi,go,7,OK,0.126606103,2.616998,1.835914308,20.670394,6.1694,package-0,/sys/class/powercap/intel-rapl:0/energy_uj,0
floating_point,monte_carlo_pi,go,8,OK,0.127724699,2.625482,1.837497242,20.555789,6.1694,package-0,/sys/class/powercap/intel-rapl:0/energy_uj,0
floating_point,monte_carlo_pi,go,9,OK,0.126922919,2.559686,1.776647744,20.167248,6.1694,package-0,/sys/class/powercap/intel-rapl:0/energy_uj,0
floating_point,monte_carlo_pi,go,10,OK,0.12755217,2.532892,1.745971642,19.857694,6.1694,package-0,/sys/class/powercap/intel-rapl:0/energy_uj,0
floating_point,monte_carlo_pi,rust,1,OK,0.002027627,0.194763,0.182253758,96.054649,6.1694,package-0,/sys/class/powercap/intel-rapl:0/energy_uj,0
floating_point,monte_carlo_pi,rust,2,OK,0.002340994,0.218933,0.204490472,93.521385,6.1694,package-0,/sys/class/powercap/intel-rapl:0/energy_uj,0
floating_point,monte_carlo_pi,rust,3,OK,0.002107304,0.186828,0.173827199,88.657356,6.1694,package-0,/sys/class/powercap/intel-rapl:0/energy_uj,0
floating_point,monte_carlo_pi,rust,4,OK,0.002070285,0.177795,0.165022584,85.87948,6.1694,package-0,/sys/class/powercap/intel-rapl:0/energy_uj,0
floating_point,monte_carlo_pi,rust,5,OK,0.00217545,0.188415,0.174993779,86.609667,6.1694,package-0,/sys/class/powercap/intel-rapl:0/energy_uj,0
floating_point,monte_carlo_pi,rust,6,OK,0.002421809,0.203308,0.188366892,83.948817,6.1694,package-0,/sys/class/powercap/intel-rapl:0/energy_uj,0
floating_point,monte_carlo_pi,rust,7,OK,0.002328007,0.210509,0.196146594,90.424556,6.1694,package-0,/sys/class/powercap/intel-rapl:0/energy_uj,0
floating_point,monte_carlo_pi,rust,8,OK,0.002243373,0.220886,0.207045735,98.461558,6.1694,package-0,/sys/class/powercap/intel-rapl:0/energy_uj,0
floating_point,monte_carlo_pi,rust,9,OK,0.002100291,0.207031,0.194073465,98.572531,6.1694,package-0,/sys/class/powercap/intel-rapl:0/energy_uj,0
floating_point,monte_carlo_pi,rust,10,OK,0.00208758,0.201232,0.188352884,96.394869,6.1694,package-0,/sys/class/powercap/intel-rapl:0/energy_uj,0
floating_point,monte_carlo_pi,cpp,1,OK,1.185798561,14.119044,6.803378358,11.906781,6.1694,package-0,/sys/class/powercap/intel-rapl:0/energy_uj,0
floating_point,monte_carlo_pi,cpp,2,OK,1.190089848,15.278464,7.936323692,12.838076,6.1694,package-0,/sys/class/powercap/intel-rapl:0/energy_uj,0
floating_point,monte_carlo_pi,cpp,3,OK,1.191471203,14.926048,7.57538556,12.52741,6.1694,package-0,/sys/class/powercap/intel-rapl:0/energy_uj,0
floating_point,monte_carlo_pi,cpp,4,OK,1.186181902,15.730001,8.411970374,13.261036,6.1694,package-0,/sys/class/powercap/intel-rapl:0/energy_uj,0
floating_point,monte_carlo_pi,cpp,5,OK,1.189559919,15.008873,7.670002036,12.617164,6.1694,package-0,/sys/class/powercap/intel-rapl:0/energy_uj,0
floating_point,monte_carlo_pi,cpp,6,OK,1.189126406,15.146568,7.810371551,12.737559,6.1694,package-0,/sys/class/powercap/intel-rapl:0/energy_uj,0
floating_point,monte_carlo_pi,cpp,7,OK,1.189040057,15.008934,7.673270272,12.622732,6.1694,package-0,/sys/class/powercap/intel-rapl:0/energy_uj,0
floating_point,monte_carlo_pi,cpp,8,OK,1.188778265,14.915123,7.581074372,12.546598,6.1694,package-0,/sys/class/powercap/intel-rapl:0/energy_uj,0
floating_point,monte_carlo_pi,cpp,9,OK,1.189203357,15.111961,7.775289809,12.707634,6.1694,package-0,/sys/class/powercap/intel-rapl:0/energy_uj,0
floating_point,monte_carlo_pi,cpp,10,OK,1.189773893,14.969261,7.629069945,12.581602,6.1694,package-0,/sys/class/powercap/intel-rapl:0/energy_uj,0
floating_point,newton_raphson,c,1,OK,0.538801087,5.437792,2.113712574,10.092392,6.1694,package-0,/sys/class/powercap/intel-rapl:0/energy_uj,0
floating_point,newton_raphson,c,2,OK,0.520753406,6.608808,3.396071937,12.690859,6.1694,package-0,/sys/class/powercap/intel-rapl:0/energy_uj,0
floating_point,newton_raphson,c,3,OK,0.520495275,6.315658,3.10451445,12.133939,6.1694,package-0,/sys/class/powercap/intel-rapl:0/energy_uj,0
floating_point,newton_raphson,c,4,OK,0.520619845,6.3087,3.096787928,12.117671,6.1694,package-0,/sys/class/powercap/intel-rapl:0/energy_uj,0
floating_point,newton_raphson,c,5,OK,0.51978582,6.356246,3.149479362,12.228587,6.1694,package-0,/sys/class/powercap/intel-rapl:0/energy_uj,0
floating_point,newton_raphson,c,6,OK,0.545771989,6.988142,3.621056291,12.804142,6.1694,package-0,/sys/class/powercap/intel-rapl:0/energy_uj,0
floating_point,newton_raphson,c,7,OK,0.519099844,6.335311,3.132776422,12.204417,6.1694,package-0,/sys/class/powercap/intel-rapl:0/energy_uj,0
floating_point,newton_raphson,c,8,OK,0.522697537,6.281539,3.056808815,12.017541,6.1694,package-0,/sys/class/powercap/intel-rapl:0/energy_uj,0
floating_point,newton_raphson,c,9,OK,0.518083602,6.32054,3.124275026,12.199846,6.1694,package-0,/sys/class/powercap/intel-rapl:0/energy_uj,0
floating_point,newton_raphson,c,10,OK,0.520542037,6.344405,3.132972957,12.188074,6.1694,package-0,/sys/class/powercap/intel-rapl:0/energy_uj,0
floating_point,newton_raphson,go,1,OK,0.031925167,0.7489,0.551940875,23.457982,6.1694,package-0,/sys/class/powercap/intel-rapl:0/energy_uj,0
floating_point,newton_raphson,go,2,OK,0.033508317,0.805662,0.598935789,24.043643,6.1694,package-0,/sys/class/powercap/intel-rapl:0/energy_uj,0
floating_point,newton_raphson,go,3,OK,0.031389117,0.780455,0.586802982,24.863872,6.1694,package-0,/sys/class/powercap/intel-rapl:0/energy_uj,0
floating_point,newton_raphson,go,4,OK,0.030930878,0.750242,0.559417041,24.255438,6.1694,package-0,/sys/class/powercap/intel-rapl:0/energy_uj,0
floating_point,newton_raphson,go,5,OK,0.031617524,0.763853,0.568791847,24.159166,6.1694,package-0,/sys/class/powercap/intel-rapl:0/energy_uj,0
floating_point,newton_raphson,go,6,OK,0.030365919,0.720884,0.533544499,23.739904,6.1694,package-0,/sys/class/powercap/intel-rapl:0/energy_uj,0
floating_point,newton_raphson,go,7,OK,0.031287383,0.748411,0.555386619,23.920537,6.1694,package-0,/sys/class/powercap/intel-rapl:0/energy_uj,0
floating_point,newton_raphson,go,8,OK,0.03672589,0.769224,0.542647294,20.945006,6.1694,package-0,/sys/class/powercap/intel-rapl:0/energy_uj,0
floating_point,newton_raphson,go,9,OK,0.03107233,0.74719,0.555492367,24.046797,6.1694,package-0,/sys/class/powercap/intel-rapl:0/energy_uj,0
floating_point,newton_raphson,go,10,OK,0.031190119,0.749693,0.55726868,24.036234,6.1694,package-0,/sys/class/powercap/intel-rapl:0/energy_uj,0
floating_point,newton_raphson,rust,1,OK,0.003179314,0.228576,0.20896154,71.894755,6.1694,package-0,/sys/class/powercap/intel-rapl:0/energy_uj,0
floating_point,newton_raphson,rust,2,OK,0.002264392,0.201233,0.18726306,88.868447,6.1694,package-0,/sys/class/powercap/intel-rapl:0/energy_uj,0
floating_point,newton_raphson,rust,3,OK,0.00222511,0.201415,0.187687406,90.51912,6.1694,package-0,/sys/class/powercap/intel-rapl:0/energy_uj,0
floating_point,newton_raphson,rust,4,OK,0.002300445,0.199706,0.185513635,86.811899,6.1694,package-0,/sys/class/powercap/intel-rapl:0/energy_uj,0
floating_point,newton_raphson,rust,5,OK,0.002354041,0.20404,0.189516979,86.676485,6.1694,package-0,/sys/class/powercap/intel-rapl:0/energy_uj,0
floating_point,newton_raphson,rust,6,OK,0.002345366,0.190796,0.176326499,81.350203,6.1694,package-0,/sys/class/powercap/intel-rapl:0/energy_uj,0
floating_point,newton_raphson,rust,7,OK,0.002201114,0.221618,0.208038447,100.684472,6.1694,package-0,/sys/class/powercap/intel-rapl:0/energy_uj,0
floating_point,newton_raphson,rust,8,OK,0.002202766,0.199645,0.186055255,90.633776,6.1694,package-0,/sys/class/powercap/intel-rapl:0/energy_uj,0
floating_point,newton_raphson,rust,9,OK,0.002322793,0.192505,0.178174761,82.87652,6.1694,package-0,/sys/class/powercap/intel-rapl:0/energy_uj,0
floating_point,newton_raphson,rust,10,OK,0.002616363,0.200073,0.18393161,76.469894,6.1694,package-0,/sys/class/powercap/intel-rapl:0/energy_uj,0
floating_point,newton_raphson,cpp,1,OK,0.001972166,0.229552,0.217384919,116.395881,6.1694,package-0,/sys/class/powercap/intel-rapl:0/energy_uj,0
floating_point,newton_raphson,cpp,2,OK,0.002039958,0.194396,0.181810683,95.294119,6.1694,package-0,/sys/class/powercap/intel-rapl:0/energy_uj,0
floating_point,newton_raphson,cpp,3,OK,0.001942986,0.20166,0.189672942,103.788705,6.1694,package-0,/sys/class/powercap/intel-rapl:0/energy_uj,0
floating_point,newton_raphson,cpp,4,OK,0.001874302,0.198791,0.187227681,106.06135,6.1694,package-0,/sys/class/powercap/intel-rapl:0/energy_uj,0
floating_point,newton_raphson,cpp,5,OK,0.002114633,0.173766,0.160719983,82.173124,6.1694,package-0,/sys/class/powercap/intel-rapl:0/energy_uj,0
floating_point,newton_raphson,cpp,6,OK,0.002001782,0.200011,0.187661206,99.916474,6.1694,package-0,/sys/class/powercap/intel-rapl:0/energy_uj,0
floating_point,newton_raphson,cpp,7,OK,0.002000344,0.196899,0.184558078,98.43257,6.1694,package-0,/sys/class/powercap/intel-rapl:0/energy_uj,0
floating_point,newton_raphson,cpp,8,OK,0.002250056,0.186035,0.172153505,82.680164,6.1694,package-0,/sys/class/powercap/intel-rapl:0/energy_uj,0
floating_point,newton_raphson,cpp,9,OK,0.002048412,0.215758,0.203120527,105.329397,6.1694,package-0,/sys/class/powercap/intel-rapl:0/energy_uj,0
floating_point,newton_raphson,cpp,10,OK,0.001955368,0.206603,0.194539553,105.659395,6.1694,package-0,/sys/class/powercap/intel-rapl:0/energy_uj,0
string_and_text_processing,sha1_pure_implementation,java,1,OK,0.061746908,1.528011,1.147069626,24.746357,6.1694,package-0,/sys/class/powercap/intel-rapl:0/energy_uj,0
string_and_text_processing,sha1_pure_implementation,java,2,OK,0.0616061,1.536983,1.156910327,24.948552,6.1694,package-0,/sys/class/powercap/intel-rapl:0/energy_uj,0
string_and_text_processing,sha1_pure_implementation,java,3,OK,0.05991423,1.494198,1.124563149,24.93895,6.1694,package-0,/sys/class/powercap/intel-rapl:0/energy_uj,0
string_and_text_processing,sha1_pure_implementation,java,4,OK,0.061090391,1.526729,1.149837942,24.991312,6.1694,package-0,/sys/class/powercap/intel-rapl:0/energy_uj,0
string_and_text_processing,sha1_pure_implementation,java,5,OK,0.061303209,1.51025,1.132045982,24.635741,6.1694,package-0,/sys/class/powercap/intel-rapl:0/energy_uj,0
string_and_text_processing,sha1_pure_implementation,java,6,OK,0.061856241,1.519894,1.138278107,24.571393,6.1694,package-0,/sys/class/powercap/intel-rapl:0/energy_uj,0
string_and_text_processing,sha1_pure_implementation,java,7,OK,0.067019314,1.607539,1.194070044,23.986205,6.1694,package-0,/sys/class/powercap/intel-rapl:0/energy_uj,0
string_and_text_processing,sha1_pure_implementation,java,8,OK,0.065593373,1.580135,1.175463245,24.089857,6.1694,package-0,/sys/class/powercap/intel-rapl:0/energy_uj,0
string_and_text_processing,sha1_pure_implementation,java,9,OK,0.063250483,1.546993,1.15677547,24.458201,6.1694,package-0,/sys/class/powercap/intel-rapl:0/energy_uj,0
string_and_text_processing,sha1_pure_implementation,java,10,OK,0.061486124,1.520382,1.141049507,24.727238,6.1694,package-0,/sys/class/powercap/intel-rapl:0/energy_uj,0
string_and_text_processing,anagram_checker,java,1,OK,0.342341517,5.9926,3.880558245,17.504742,6.1694,package-0,/sys/class/powercap/intel-rapl:0/energy_uj,0
string_and_text_processing,anagram_checker,java,2,OK,0.355405196,7.091717,4.899080184,19.953892,6.1694,package-0,/sys/class/powercap/intel-rapl:0/energy_uj,0
string_and_text_processing,anagram_checker,java,3,OK,0.345345595,7.100263,4.969687886,20.559877,6.1694,package-0,/sys/class/powercap/intel-rapl:0/energy_uj,0
string_and_text_processing,anagram_checker,java,4,OK,0.347806093,7.013227,4.86747209,20.164187,6.1694,package-0,/sys/class/powercap/intel-rapl:0/energy_uj,0
string_and_text_processing,anagram_checker,java,5,OK,0.348505512,6.944257,4.794187094,19.925817,6.1694,package-0,/sys/class/powercap/intel-rapl:0/energy_uj,0
string_and_text_processing,anagram_checker,java,6,OK,0.354895152,7.016645,4.827154849,19.771036,6.1694,package-0,/sys/class/powercap/intel-rapl:0/energy_uj,0
string_and_text_processing,anagram_checker,java,7,OK,0.346921949,6.997175,4.856874728,20.169306,6.1694,package-0,/sys/class/powercap/intel-rapl:0/energy_uj,0
string_and_text_processing,anagram_checker,java,8,OK,0.355434298,7.030987,4.838170642,19.781397,6.1694,package-0,/sys/class/powercap/intel-rapl:0/energy_uj,0
string_and_text_processing,anagram_checker,java,9,OK,0.356582394,7.040021,4.840121578,19.743041,6.1694,package-0,/sys/class/powercap/intel-rapl:0/energy_uj,0
string_and_text_processing,anagram_checker,java,10,OK,0.35613725,7.006574,4.80942085,19.673803,6.1694,package-0,/sys/class/powercap/intel-rapl:0/energy_uj,0
string_and_text_processing,palindrome_detection,java,1,OK,0.053931743,0.968442,0.635715505,17.956809,6.1694,package-0,/sys/class/powercap/intel-rapl:0/energy_uj,0
string_and_text_processing,palindrome_detection,java,2,OK,0.056607397,1.398007,1.048773325,24.696543,6.1694,package-0,/sys/class/powercap/intel-rapl:0/energy_uj,0
string_and_text_processing,palindrome_detection,java,3,OK,0.056300664,1.391964,1.044622684,24.723758,6.1694,package-0,/sys/class/powercap/intel-rapl:0/energy_uj,0
string_and_text_processing,palindrome_detection,java,4,OK,0.056852468,1.383542,1.032796384,24.335654,6.1694,package-0,/sys/class/powercap/intel-rapl:0/energy_uj,0
string_and_text_processing,palindrome_detection,java,5,OK,0.054400375,1.385616,1.049998326,25.470707,6.1694,package-0,/sys/class/powercap/intel-rapl:0/energy_uj,0
string_and_text_processing,palindrome_detection,java,6,OK,0.054700562,1.372738,1.035268353,25.095501,6.1694,package-0,/sys/class/powercap/intel-rapl:0/energy_uj,0
string_and_text_processing,palindrome_detection,java,7,OK,0.055918953,1.395077,1.050090611,24.948196,6.1694,package-0,/sys/class/powercap/intel-rapl:0/energy_uj,0
string_and_text_processing,palindrome_detection,java,8,OK,0.056522733,1.436092,1.087380651,25.407335,6.1694,package-0,/sys/class/powercap/intel-rapl:0/energy_uj,0
string_and_text_processing,palindrome_detection,java,9,OK,0.055821355,1.400998,1.056613732,25.097886,6.1694,package-0,/sys/class/powercap/intel-rapl:0/energy_uj,0
string_and_text_processing,palindrome_detection,java,10,OK,0.056921487,1.395016,1.043844578,24.507722,6.1694,package-0,/sys/class/powercap/intel-rapl:0/energy_uj,0
string_and_text_processing,command_line_argument_parser,java,1,OK,0.021697887,0.457152,0.323289056,21.068964,6.1694,package-0,/sys/class/powercap/intel-rapl:0/energy_uj,0
string_and_text_processing,command_line_argument_parser,java,2,OK,0.021934579,0.651304,0.515980808,29.693025,6.1694,package-0,/sys/class/powercap/intel-rapl:0/energy_uj,0
string_and_text_processing,command_line_argument_parser,java,3,OK,0.021872087,0.625425,0.490487346,28.594665,6.1694,package-0,/sys/class/powercap/intel-rapl:0/energy_uj,0
string_and_text_processing,command_line_argument_parser,java,4,OK,0.023549973,0.663756,0.518466797,28.185,6.1694,package-0,/sys/class/powercap/intel-rapl:0/energy_uj,0
string_and_text_processing,command_line_argument_parser,java,5,OK,0.022724355,0.613524,0.473328364,26.998522,6.1694,package-0,/sys/class/powercap/intel-rapl:0/energy_uj,0
string_and_text_processing,command_line_argument_parser,java,6,OK,0.023020757,0.671385,0.529360742,29.164332,6.1694,package-0,/sys/class/powercap/intel-rapl:0/energy_uj,0
string_and_text_processing,command_line_argument_parser,java,7,OK,0.022438732,0.642333,0.503899487,28.626083,6.1694,package-0,/sys/class/powercap/intel-rapl:0/energy_uj,0
string_and_text_processing,command_line_argument_parser,java,8,OK,0.02241375,0.630674,0.492394611,28.137817,6.1694,package-0,/sys/class/powercap/intel-rapl:0/energy_uj,0
string_and_text_processing,command_line_argument_parser,java,9,OK,0.022001413,0.608702,0.472966483,27.666496,6.1694,package-0,/sys/class/powercap/intel-rapl:0/energy_uj,0
string_and_text_processing,command_line_argument_parser,java,10,OK,0.022441256,0.640867,0.502417915,28.557537,6.1694,package-0,/sys/class/powercap/intel-rapl:0/energy_uj,0
string_and_text_processing,longest_common_subsequence,java,1,OK,0.049190376,0.951109,0.647633894,19.335266,6.1694,package-0,/sys/class/powercap/intel-rapl:0/energy_uj,0
string_and_text_processing,longest_common_subsequence,java,2,OK,0.043233511,1.164426,0.897701177,26.933413,6.1694,package-0,/sys/class/powercap/intel-rapl:0/energy_uj,0
string_and_text_processing,longest_common_subsequence,java,3,OK,0.043957168,1.173825,0.902635648,26.703836,6.1694,package-0,/sys/class/powercap/intel-rapl:0/energy_uj,0
string_and_text_processing,longest_common_subsequence,java,4,OK,0.051790403,1.26611,0.946594288,24.446807,6.1694,package-0,/sys/class/powercap/intel-rapl:0/energy_uj,0
string_and_text_processing,longest_common_subsequence,java,5,OK,0.046446708,1.192196,0.90564768,25.668041,6.1694,package-0,/sys/class/powercap/intel-rapl:0/energy_uj,0
string_and_text_processing,longest_common_subsequence,java,6,OK,0.045486498,1.183347,0.902722599,26.015346,6.1694,package-0,/sys/class/powercap/intel-rapl:0/energy_uj,0
string_and_text_processing,longest_common_subsequence,java,7,OK,0.047101594,1.20831,0.917721426,25.653272,6.1694,package-0,/sys/class/powercap/intel-rapl:0/energy_uj,0
string_and_text_processing,longest_common_subsequence,java,8,OK,0.043696151,1.188718,0.919138966,27.204181,6.1694,package-0,/sys/class/powercap/intel-rapl:0/energy_uj,0
string_and_text_processing,longest_common_subsequence,java,9,OK,0.049475688,1.189938,0.88470269,24.050964,6.1694,package-0,/sys/class/powercap/intel-rapl:0/energy_uj,0
string_and_text_processing,longest_common_subsequence,java,10,OK,0.046126516,1.179074,0.894501072,25.56174,6.1694,package-0,/sys/class/powercap/intel-rapl:0/energy_uj,0
memory_intensive_and_allocation_heavy,tree_traversal,java,1,OK,0.02708434,0.533568,0.366473873,19.70024,6.1694,package-0,/sys/class/powercap/intel-rapl:0/energy_uj,0
memory_intensive_and_allocation_heavy,tree_traversal,java,2,OK,0.028195642,0.781065,0.607114806,27.701621,6.1694,package-0,/sys/class/powercap/intel-rapl:0/energy_uj,0
memory_intensive_and_allocation_heavy,tree_traversal,java,3,OK,0.027475566,0.744199,0.574691243,27.085848,6.1694,package-0,/sys/class/powercap/intel-rapl:0/energy_uj,0
memory_intensive_and_allocation_heavy,tree_traversal,java,4,OK,0.029914552,0.802977,0.618422163,26.842354,6.1694,package-0,/sys/class/powercap/intel-rapl:0/energy_uj,0
memory_intensive_and_allocation_heavy,tree_traversal,java,5,OK,0.028154318,0.745359,0.571663751,26.474056,6.1694,package-0,/sys/class/powercap/intel-rapl:0/energy_uj,0
memory_intensive_and_allocation_heavy,tree_traversal,java,6,OK,0.028427202,0.768553,0.59317422,27.03583,6.1694,package-0,/sys/class/powercap/intel-rapl:0/energy_uj,0
memory_intensive_and_allocation_heavy,tree_traversal,java,7,OK,0.02889357,0.781675,0.603419009,27.053597,6.1694,package-0,/sys/class/powercap/intel-rapl:0/energy_uj,0
memory_intensive_and_allocation_heavy,tree_traversal,java,8,OK,0.029366967,0.783446,0.602269434,26.677798,6.1694,package-0,/sys/class/powercap/intel-rapl:0/energy_uj,0
memory_intensive_and_allocation_heavy,tree_traversal,java,9,OK,0.028445915,0.766478,0.590983772,26.945099,6.1694,package-0,/sys/class/powercap/intel-rapl:0/energy_uj,0
memory_intensive_and_allocation_heavy,tree_traversal,java,10,OK,0.028298846,0.755614,0.581027099,26.70123,6.1694,package-0,/sys/class/powercap/intel-rapl:0/energy_uj,0
memory_intensive_and_allocation_heavy,priority_queue,java,1,OK,0.042896193,0.742735,0.478091227,17.314707,6.1694,package-0,/sys/class/powercap/intel-rapl:0/energy_uj,0
memory_intensive_and_allocation_heavy,priority_queue,java,2,OK,0.0338924,0.898679,0.689583227,26.51565,6.1694,package-0,/sys/class/powercap/intel-rapl:0/energy_uj,0
memory_intensive_and_allocation_heavy,priority_queue,java,3,OK,0.03674558,0.971433,0.744734819,26.436731,6.1694,package-0,/sys/class/powercap/intel-rapl:0/energy_uj,0
memory_intensive_and_allocation_heavy,priority_queue,java,4,OK,0.034057622,0.922178,0.712062907,27.076993,6.1694,package-0,/sys/class/powercap/intel-rapl:0/energy_uj,0
memory_intensive_and_allocation_heavy,priority_queue,java,5,OK,0.033220144,0.920652,0.715703644,27.713667,6.1694,package-0,/sys/class/powercap/intel-rapl:0/energy_uj,0
memory_intensive_and_allocation_heavy,priority_queue,java,6,OK,0.034542666,0.914427,0.701319476,26.472392,6.1694,package-0,/sys/class/powercap/intel-rapl:0/energy_uj,0
memory_intensive_and_allocation_heavy,priority_queue,java,7,OK,0.046007938,1.121457,0.837615627,24.375294,6.1694,package-0,/sys/class/powercap/intel-rapl:0/energy_uj,0
memory_intensive_and_allocation_heavy,priority_queue,java,8,OK,0.046911529,1.132688,0.843272013,24.145195,6.1694,package-0,/sys/class/powercap/intel-rapl:0/energy_uj,0
memory_intensive_and_allocation_heavy,priority_queue,java,9,OK,0.033429362,0.920163,0.713923894,27.525593,6.1694,package-0,/sys/class/powercap/intel-rapl:0/energy_uj,0
memory_intensive_and_allocation_heavy,priority_queue,java,10,OK,0.035165568,0.955198,0.738247545,27.162877,6.1694,package-0,/sys/class/powercap/intel-rapl:0/energy_uj,0
memory_intensive_and_allocation_heavy,huffman_coding,java,1,OK,0.039065385,0.835509,0.594499014,21.387451,6.1694,package-0,/sys/class/powercap/intel-rapl:0/energy_uj,0
memory_intensive_and_allocation_heavy,huffman_coding,java,2,OK,0.03808347,1.0379,0.80294784,27.253294,6.1694,package-0,/sys/class/powercap/intel-rapl:0/energy_uj,0
memory_intensive_and_allocation_heavy,huffman_coding,java,3,OK,0.037942593,0.991209,0.757125967,26.123913,6.1694,package-0,/sys/class/powercap/intel-rapl:0/energy_uj,0
memory_intensive_and_allocation_heavy,huffman_coding,java,4,OK,0.038249083,1.002012,0.766038107,26.19702,6.1694,package-0,/sys/class/powercap/intel-rapl:0/energy_uj,0
memory_intensive_and_allocation_heavy,huffman_coding,java,5,OK,0.041754994,1.200559,0.94295574,28.752465,6.1694,package-0,/sys/class/powercap/intel-rapl:0/energy_uj,0
memory_intensive_and_allocation_heavy,huffman_coding,java,6,OK,0.043656302,1.130185,0.86085181,25.888244,6.1694,package-0,/sys/class/powercap/intel-rapl:0/energy_uj,0
memory_intensive_and_allocation_heavy,huffman_coding,java,7,OK,0.042208254,1.096249,0.835849398,25.972384,6.1694,package-0,/sys/class/powercap/intel-rapl:0/energy_uj,0
memory_intensive_and_allocation_heavy,huffman_coding,java,8,OK,0.038487914,1.014402,0.776954663,26.356378,6.1694,package-0,/sys/class/powercap/intel-rapl:0/energy_uj,0
memory_intensive_and_allocation_heavy,huffman_coding,java,9,OK,0.039220584,1.067319,0.825351529,27.213236,6.1694,package-0,/sys/class/powercap/intel-rapl:0/energy_uj,0
memory_intensive_and_allocation_heavy,huffman_coding,java,10,OK,0.040342468,1.078489,0.829600178,26.733342,6.1694,package-0,/sys/class/powercap/intel-rapl:0/energy_uj,0
memory_intensive_and_allocation_heavy,word_frequency_counter,java,1,OK,0.032050142,0.703306,0.505575854,21.943928,6.1694,package-0,/sys/class/powercap/intel-rapl:0/energy_uj,0
memory_intensive_and_allocation_heavy,word_frequency_counter,java,2,OK,0.043757724,1.110593,0.840634098,25.380502,6.1694,package-0,/sys/class/powercap/intel-rapl:0/energy_uj,0
memory_intensive_and_allocation_heavy,word_frequency_counter,java,3,OK,0.03400935,0.956175,0.746357716,28.115062,6.1694,package-0,/sys/class/powercap/intel-rapl:0/energy_uj,0
memory_intensive_and_allocation_heavy,word_frequency_counter,java,4,OK,0.034537212,0.958615,0.745541124,27.756004,6.1694,package-0,/sys/class/powercap/intel-rapl:0/energy_uj,0
memory_intensive_and_allocation_heavy,word_frequency_counter,java,5,OK,0.036863365,1.045285,0.817860156,28.355659,6.1694,package-0,/sys/class/powercap/intel-rapl:0/energy_uj,0
memory_intensive_and_allocation_heavy,word_frequency_counter,java,6,OK,0.033593412,0.982908,0.775656804,29.258951,6.1694,package-0,/sys/class/powercap/intel-rapl:0/energy_uj,0
memory_intensive_and_allocation_heavy,word_frequency_counter,java,7,OK,0.033493268,0.986264,0.779630632,29.446634,6.1694,package-0,/sys/class/powercap/intel-rapl:0/energy_uj,0
memory_intensive_and_allocation_heavy,word_frequency_counter,java,8,OK,0.036284726,1.034299,0.810444011,28.50508,6.1694,package-0,/sys/class/powercap/intel-rapl:0/energy_uj,0
memory_intensive_and_allocation_heavy,word_frequency_counter,java,9,OK,0.051254528,1.27795,0.961740315,24.933407,6.1694,package-0,/sys/class/powercap/intel-rapl:0/energy_uj,0
memory_intensive_and_allocation_heavy,word_frequency_counter,java,10,OK,0.048442988,1.22955,0.93068583,25.381382,6.1694,package-0,/sys/class/powercap/intel-rapl:0/energy_uj,0
memory_intensive_and_allocation_heavy,crc_32,java,1,OK,0.028020478,0.568358,0.395488463,20.283665,6.1694,package-0,/sys/class/powercap/intel-rapl:0/energy_uj,0
memory_intensive_and_allocation_heavy,crc_32,java,2,OK,0.030043168,0.814695,0.629346679,27.11748,6.1694,package-0,/sys/class/powercap/intel-rapl:0/energy_uj,0
memory_intensive_and_allocation_heavy,crc_32,java,3,OK,0.028616222,0.787596,0.61105108,27.522711,6.1694,package-0,/sys/class/powercap/intel-rapl:0/energy_uj,0
memory_intensive_and_allocation_heavy,crc_32,java,4,OK,0.031903524,0.847349,0.650523399,26.559731,6.1694,package-0,/sys/class/powercap/intel-rapl:0/energy_uj,0
memory_intensive_and_allocation_heavy,crc_32,java,5,OK,0.028929561,0.786191,0.607712966,27.176043,6.1694,package-0,/sys/class/powercap/intel-rapl:0/energy_uj,0
memory_intensive_and_allocation_heavy,crc_32,java,6,OK,0.028735587,0.714415,0.53713367,24.861681,6.1694,package-0,/sys/class/powercap/intel-rapl:0/energy_uj,0
memory_intensive_and_allocation_heavy,crc_32,java,7,OK,0.028128755,0.783873,0.610335459,27.867319,6.1694,package-0,/sys/class/powercap/intel-rapl:0/energy_uj,0
memory_intensive_and_allocation_heavy,crc_32,java,8,OK,0.028303348,0.783994,0.609379325,27.699691,6.1694,package-0,/sys/class/powercap/intel-rapl:0/energy_uj,0
memory_intensive_and_allocation_heavy,crc_32,java,9,OK,0.029599381,0.810667,0.628056579,27.387971,6.1694,package-0,/sys/class/powercap/intel-rapl:0/energy_uj,0
memory_intensive_and_allocation_heavy,crc_32,java,10,OK,0.028771537,0.795041,0.61753788,27.6329,6.1694,package-0,/sys/class/powercap/intel-rapl:0/energy_uj,0
integer_and_control_flow_intensive,towers_of_hanoi,java,1,OK,0.293869219,4.217946,2.40494924,14.35314,6.1694,package-0,/sys/class/powercap/intel-rapl:0/energy_uj,0
integer_and_control_flow_intensive,towers_of_hanoi,java,2,OK,0.299011032,5.225634,3.380915339,17.476392,6.1694,package-0,/sys/class/powercap/intel-rapl:0/energy_uj,0
integer_and_control_flow_intensive,towers_of_hanoi,java,3,OK,0.288788704,5.19182,3.41016697,17.977919,6.1694,package-0,/sys/class/powercap/intel-rapl:0/energy_uj,0
integer_and_control_flow_intensive,towers_of_hanoi,java,4,OK,0.285923095,5.375597,3.611623058,18.800849,6.1694,package-0,/sys/class/powercap/intel-rapl:0/energy_uj,0
integer_and_control_flow_intensive,towers_of_hanoi,java,5,OK,0.28006951,5.647752,3.919891165,20.165537,6.1694,package-0,/sys/class/powercap/intel-rapl:0/energy_uj,0
integer_and_control_flow_intensive,towers_of_hanoi,java,6,OK,0.278187609,5.45067,3.734419365,19.593504,6.1694,package-0,/sys/class/powercap/intel-rapl:0/energy_uj,0
integer_and_control_flow_intensive,towers_of_hanoi,java,7,OK,0.282010535,5.315416,3.575580205,18.848289,6.1694,package-0,/sys/class/powercap/intel-rapl:0/energy_uj,0
integer_and_control_flow_intensive,towers_of_hanoi,java,8,OK,0.283149009,5.316209,3.569349504,18.775305,6.1694,package-0,/sys/class/powercap/intel-rapl:0/energy_uj,0
integer_and_control_flow_intensive,towers_of_hanoi,java,9,OK,0.287376661,5.25432,3.481378428,18.283739,6.1694,package-0,/sys/class/powercap/intel-rapl:0/energy_uj,0
integer_and_control_flow_intensive,towers_of_hanoi,java,10,OK,0.279836291,5.429673,3.703250986,19.403034,6.1694,package-0,/sys/class/powercap/intel-rapl:0/energy_uj,0
integer_and_control_flow_intensive,knights_tour,java,1,OK,0.021870426,0.455687,0.320759594,20.835762,6.1694,package-0,/sys/class/powercap/intel-rapl:0/energy_uj,0
integer_and_control_flow_intensive,knights_tour,java,2,OK,0.021780919,0.606199,0.471823798,27.831654,6.1694,package-0,/sys/class/powercap/intel-rapl:0/energy_uj,0
integer_and_control_flow_intensive,knights_tour,java,3,OK,0.021958877,0.624938,0.489464904,28.45947,6.1694,package-0,/sys/class/powercap/intel-rapl:0/energy_uj,0
integer_and_control_flow_intensive,knights_tour,java,4,OK,0.022366343,0.641661,0.503674083,28.688686,6.1694,package-0,/sys/class/powercap/intel-rapl:0/energy_uj,0
integer_and_control_flow_intensive,knights_tour,java,5,OK,0.022307303,0.629393,0.491770325,28.214661,6.1694,package-0,/sys/class/powercap/intel-rapl:0/energy_uj,0
integer_and_control_flow_intensive,knights_tour,java,6,OK,0.022209068,0.665282,0.528265376,29.955422,6.1694,package-0,/sys/class/powercap/intel-rapl:0/energy_uj,0
integer_and_control_flow_intensive,knights_tour,java,7,OK,0.023315317,0.655394,0.511552483,28.110019,6.1694,package-0,/sys/class/powercap/intel-rapl:0/energy_uj,0
integer_and_control_flow_intensive,knights_tour,java,8,OK,0.023882573,0.660216,0.512874854,27.644258,6.1694,package-0,/sys/class/powercap/intel-rapl:0/energy_uj,0
integer_and_control_flow_intensive,knights_tour,java,9,OK,0.022444784,0.653868,0.51539715,29.132292,6.1694,package-0,/sys/class/powercap/intel-rapl:0/energy_uj,0
integer_and_control_flow_intensive,knights_tour,java,10,OK,0.025147318,0.698241,0.543097136,27.766023,6.1694,package-0,/sys/class/powercap/intel-rapl:0/energy_uj,0
integer_and_control_flow_intensive,josephus_problem,java,1,OK,0.022447256,0.638671,0.500184899,28.452074,6.1694,package-0,/sys/class/powercap/intel-rapl:0/energy_uj,0
integer_and_control_flow_intensive,josephus_problem,java,2,OK,0.023556955,0.641539,0.496206722,27.233528,6.1694,package-0,/sys/class/powercap/intel-rapl:0/energy_uj,0
integer_and_control_flow_intensive,josephus_problem,java,3,OK,0.022774141,0.653136,0.512633215,28.678842,6.1694,package-0,/sys/class/powercap/intel-rapl:0/energy_uj,0
integer_and_control_flow_intensive,josephus_problem,java,4,OK,0.023440993,0.653502,0.508885138,27.878597,6.1694,package-0,/sys/class/powercap/intel-rapl:0/energy_uj,0
integer_and_control_flow_intensive,josephus_problem,java,5,OK,0.024617298,0.673216,0.521342042,27.347274,6.1694,package-0,/sys/class/powercap/intel-rapl:0/energy_uj,0
integer_and_control_flow_intensive,josephus_problem,java,6,OK,0.024012936,0.663999,0.515853593,27.651721,6.1694,package-0,/sys/class/powercap/intel-rapl:0/energy_uj,0
integer_and_control_flow_intensive,josephus_problem,java,7,OK,0.022775253,0.624449,0.483939354,27.417873,6.1694,package-0,/sys/class/powercap/intel-rapl:0/energy_uj,0
integer_and_control_flow_intensive,josephus_problem,java,8,OK,0.023574997,0.673155,0.527711414,28.553768,6.1694,package-0,/sys/class/powercap/intel-rapl:0/energy_uj,0
integer_and_control_flow_intensive,josephus_problem,java,9,OK,0.022723715,0.638548,0.498356313,28.100511,6.1694,package-0,/sys/class/powercap/intel-rapl:0/energy_uj,0
integer_and_control_flow_intensive,josephus_problem,java,10,OK,0.022850523,0.65814,0.517165983,28.801967,6.1694,package-0,/sys/class/powercap/intel-rapl:0/energy_uj,0
integer_and_control_flow_intensive,sudoku_solver,java,1,OK,0.026816727,0.732359,0.566915884,27.309783,6.1694,package-0,/sys/class/powercap/intel-rapl:0/energy_uj,0
integer_and_control_flow_intensive,sudoku_solver,java,2,OK,0.028662944,0.753966,0.577132833,26.304555,6.1694,package-0,/sys/class/powercap/intel-rapl:0/energy_uj,0
integer_and_control_flow_intensive,sudoku_solver,java,3,OK,0.035769807,0.864988,0.644309753,24.182071,6.1694,package-0,/sys/class/powercap/intel-rapl:0/energy_uj,0
integer_and_control_flow_intensive,sudoku_solver,java,4,OK,0.034805415,0.842466,0.627737473,24.205027,6.1694,package-0,/sys/class/powercap/intel-rapl:0/energy_uj,0
integer_and_control_flow_intensive,sudoku_solver,java,5,OK,0.024839478,0.697997,0.544752324,28.100309,6.1694,package-0,/sys/class/powercap/intel-rapl:0/energy_uj,0
integer_and_control_flow_intensive,sudoku_solver,java,6,OK,0.036348286,0.863706,0.639458884,23.761946,6.1694,package-0,/sys/class/powercap/intel-rapl:0/energy_uj,0
integer_and_control_flow_intensive,sudoku_solver,java,7,OK,0.025949965,0.699644,0.539548286,26.96127,6.1694,package-0,/sys/class/powercap/intel-rapl:0/energy_uj,0
integer_and_control_flow_intensive,sudoku_solver,java,8,OK,0.037054741,0.887632,0.659026481,23.954614,6.1694,package-0,/sys/class/powercap/intel-rapl:0/energy_uj,0
integer_and_control_flow_intensive,sudoku_solver,java,9,OK,0.024822401,0.709898,0.556758679,28.599087,6.1694,package-0,/sys/class/powercap/intel-rapl:0/energy_uj,0
integer_and_control_flow_intensive,sudoku_solver,java,10,OK,0.02516478,0.7171,0.561848406,28.496176,6.1694,package-0,/sys/class/powercap/intel-rapl:0/energy_uj,0
integer_and_control_flow_intensive,producer_consumer_single_thread,java,1,OK,0.02904964,0.592284,0.413065151,20.388686,6.1694,package-0,/sys/class/powercap/intel-rapl:0/energy_uj,0
integer_and_control_flow_intensive,producer_consumer_single_thread,java,2,OK,0.03023317,0.833067,0.646546481,27.554735,6.1694,package-0,/sys/class/powercap/intel-rapl:0/energy_uj,0
integer_and_control_flow_intensive,producer_consumer_single_thread,java,3,OK,0.030198681,0.829465,0.643157257,27.466928,6.1694,package-0,/sys/class/powercap/intel-rapl:0/energy_uj,0
integer_and_control_flow_intensive,producer_consumer_single_thread,java,4,OK,0.029290241,0.81494,0.634236787,27.822919,6.1694,package-0,/sys/class/powercap/intel-rapl:0/energy_uj,0
integer_and_control_flow_intensive,producer_consumer_single_thread,java,5,OK,0.029649238,0.824156,0.641237991,27.79687,6.1694,package-0,/sys/class/powercap/intel-rapl:0/energy_uj,0
integer_and_control_flow_intensive,producer_consumer_single_thread,java,6,OK,0.036951428,0.936521,0.70855286,25.34465,6.1694,package-0,/sys/class/powercap/intel-rapl:0/energy_uj,0
integer_and_control_flow_intensive,producer_consumer_single_thread,java,7,OK,0.029278673,0.834837,0.654205155,28.513485,6.1694,package-0,/sys/class/powercap/intel-rapl:0/energy_uj,0
integer_and_control_flow_intensive,producer_consumer_single_thread,java,8,OK,0.031213214,0.863645,0.671078198,27.669211,6.1694,package-0,/sys/class/powercap/intel-rapl:0/energy_uj,0
integer_and_control_flow_intensive,producer_consumer_single_thread,java,9,OK,0.030975051,0.865354,0.67425652,27.937129,6.1694,package-0,/sys/class/powercap/intel-rapl:0/energy_uj,0
integer_and_control_flow_intensive,producer_consumer_single_thread,java,10,OK,0.02897219,0.818479,0.639737971,28.250505,6.1694,package-0,/sys/class/powercap/intel-rapl:0/energy_uj,0
floating_point,gaussian_elimination,java,1,OK,0.024831122,0.712279,0.559085876,28.68493,6.1694,package-0,/sys/class/powercap/intel-rapl:0/energy_uj,0
floating_point,gaussian_elimination,java,2,OK,0.02565498,0.712766,0.554490166,27.782754,6.1694,package-0,/sys/class/powercap/intel-rapl:0/energy_uj,0
floating_point,gaussian_elimination,java,3,OK,0.02758858,0.697691,0.527486015,25.289123,6.1694,package-0,/sys/class/powercap/intel-rapl:0/energy_uj,0
floating_point,gaussian_elimination,java,4,OK,0.024198446,0.671752,0.522462107,27.76013,6.1694,package-0,/sys/class/powercap/intel-rapl:0/energy_uj,0
floating_point,gaussian_elimination,java,5,OK,0.024602104,0.673522,0.52174178,27.376602,6.1694,package-0,/sys/class/powercap/intel-rapl:0/energy_uj,0
floating_point,gaussian_elimination,java,6,OK,0.024991223,0.68817,0.533989149,27.536468,6.1694,package-0,/sys/class/powercap/intel-rapl:0/energy_uj,0
floating_point,gaussian_elimination,java,7,OK,0.025582745,0.721189,0.563358813,28.190446,6.1694,package-0,/sys/class/powercap/intel-rapl:0/energy_uj,0
floating_point,gaussian_elimination,java,8,OK,0.024627961,0.697935,0.545995257,28.33913,6.1694,package-0,/sys/class/powercap/intel-rapl:0/energy_uj,0
floating_point,gaussian_elimination,java,9,OK,0.024822041,0.684264,0.5311269,27.56679,6.1694,package-0,/sys/class/powercap/intel-rapl:0/energy_uj,0
floating_point,gaussian_elimination,java,10,OK,0.025815541,0.732115,0.572848601,28.359468,6.1694,package-0,/sys/class/powercap/intel-rapl:0/energy_uj,0
floating_point,numerical_integration,java,1,OK,0.530578411,5.795335,2.521984551,10.922674,6.1694,package-0,/sys/class/powercap/intel-rapl:0/energy_uj,0
floating_point,numerical_integration,java,2,OK,0.537241186,7.084882,3.770426227,13.187526,6.1694,package-0,/sys/class/powercap/intel-rapl:0/energy_uj,0
floating_point,numerical_integration,java,3,OK,0.53449687,6.913068,3.61554301,12.933786,6.1694,package-0,/sys/class/powercap/intel-rapl:0/energy_uj,0
floating_point,numerical_integration,java,4,OK,0.534515197,6.875776,3.578137944,12.863574,6.1694,package-0,/sys/class/powercap/intel-rapl:0/energy_uj,0
floating_point,numerical_integration,java,5,OK,0.532738107,6.880232,3.593557523,12.914849,6.1694,package-0,/sys/class/powercap/intel-rapl:0/energy_uj,0
floating_point,numerical_integration,java,6,OK,0.534054178,6.879804,3.585010154,12.882221,6.1694,package-0,/sys/class/powercap/intel-rapl:0/energy_uj,0
floating_point,numerical_integration,java,7,OK,0.534193692,6.874433,3.578778437,12.868802,6.1694,package-0,/sys/class/powercap/intel-rapl:0/energy_uj,0
floating_point,numerical_integration,java,8,OK,0.533022826,6.915693,3.627261977,12.974478,6.1694,package-0,/sys/class/powercap/intel-rapl:0/energy_uj,0
floating_point,numerical_integration,java,9,OK,0.534472901,6.849958,3.552580885,12.816287,6.1694,package-0,/sys/class/powercap/intel-rapl:0/energy_uj,0
floating_point,numerical_integration,java,10,OK,0.534214884,6.807538,3.511752695,12.743071,6.1694,package-0,/sys/class/powercap/intel-rapl:0/energy_uj,0
floating_point,matrix_multiplication,java,1,OK,0.030702372,0.593505,0.404089786,19.330917,6.1694,package-0,/sys/class/powercap/intel-rapl:0/energy_uj,0
floating_point,matrix_multiplication,java,2,OK,0.032563224,0.851865,0.650969446,26.16034,6.1694,package-0,/sys/class/powercap/intel-rapl:0/energy_uj,0
floating_point,matrix_multiplication,java,3,OK,0.032289831,0.851378,0.652169117,26.366753,6.1694,package-0,/sys/class/powercap/intel-rapl:0/energy_uj,0
floating_point,matrix_multiplication,java,4,OK,0.032572028,0.861326,0.66037613,26.443733,6.1694,package-0,/sys/class/powercap/intel-rapl:0/energy_uj,0
floating_point,matrix_multiplication,java,5,OK,0.033050368,0.877012,0.67311106,26.53562,6.1694,package-0,/sys/class/powercap/intel-rapl:0/energy_uj,0
floating_point,matrix_multiplication,java,6,OK,0.030889753,0.832579,0.642007758,26.953242,6.1694,package-0,/sys/class/powercap/intel-rapl:0/energy_uj,0
floating_point,matrix_multiplication,java,7,OK,0.032152754,0.852171,0.653807799,26.503826,6.1694,package-0,/sys/class/powercap/intel-rapl:0/energy_uj,0
floating_point,matrix_multiplication,java,8,OK,0.030561521,0.835508,0.646961752,27.338561,6.1694,package-0,/sys/class/powercap/intel-rapl:0/energy_uj,0
floating_point,matrix_multiplication,java,9,OK,0.030654226,0.837218,0.648099818,27.311667,6.1694,package-0,/sys/class/powercap/intel-rapl:0/energy_uj,0
floating_point,matrix_multiplication,java,10,OK,0.030496494,0.863035,0.67488993,28.299483,6.1694,package-0,/sys/class/powercap/intel-rapl:0/energy_uj,0
floating_point,monte_carlo_pi,java,1,OK,1.949028627,22.511173,10.486835789,11.549945,6.1694,package-0,/sys/class/powercap/intel-rapl:0/energy_uj,0
floating_point,monte_carlo_pi,java,2,OK,1.999868935,24.425048,12.087056592,12.213324,6.1694,package-0,/sys/class/powercap/intel-rapl:0/energy_uj,0
floating_point,monte_carlo_pi,java,3,OK,1.999620495,24.052611,11.716152318,12.028588,6.1694,package-0,/sys/class/powercap/intel-rapl:0/energy_uj,0
floating_point,monte_carlo_pi,java,4,OK,2.000691264,24.027893,11.684828316,12.009796,6.1694,package-0,/sys/class/powercap/intel-rapl:0/energy_uj,0
floating_point,monte_carlo_pi,java,5,OK,1.9996323,23.400636,11.064104488,11.702469,6.1694,package-0,/sys/class/powercap/intel-rapl:0/energy_uj,0
floating_point,monte_carlo_pi,java,6,OK,1.999294043,23.359132,11.024687331,11.68369,6.1694,package-0,/sys/class/powercap/intel-rapl:0/energy_uj,0
floating_point,monte_carlo_pi,java,7,OK,2.001706395,24.139525,11.790197567,12.059473,6.1694,package-0,/sys/class/powercap/intel-rapl:0/energy_uj,0
floating_point,monte_carlo_pi,java,8,OK,2.000034796,24.216369,11.87735433,12.107974,6.1694,package-0,/sys/class/powercap/intel-rapl:0/energy_uj,0
floating_point,monte_carlo_pi,java,9,OK,2.001104995,24.058655,11.713037844,12.022685,6.1694,package-0,/sys/class/powercap/intel-rapl:0/energy_uj,0
floating_point,monte_carlo_pi,java,10,OK,2.001683961,23.489076,11.139886971,11.734658,6.1694,package-0,/sys/class/powercap/intel-rapl:0/energy_uj,0
floating_point,newton_raphson,java,1,OK,0.554391645,5.621384,2.201120185,10.139734,6.1694,package-0,/sys/class/powercap/intel-rapl:0/energy_uj,0
floating_point,newton_raphson,java,2,OK,0.553734,7.056989,3.64078246,12.744366,6.1694,package-0,/sys/class/powercap/intel-rapl:0/energy_uj,0
floating_point,newton_raphson,java,3,OK,0.55537027,6.736982,3.310680656,12.130613,6.1694,package-0,/sys/class/powercap/intel-rapl:0/energy_uj,0
floating_point,newton_raphson,java,4,OK,0.555215844,6.68083,3.255481372,12.032852,6.1694,package-0,/sys/class/powercap/intel-rapl:0/energy_uj,0
floating_point,newton_raphson,java,5,OK,0.557466662,6.749861,3.310626175,12.108098,6.1694,package-0,/sys/class/powercap/intel-rapl:0/energy_uj,0
floating_point,newton_raphson,java,6,OK,0.556425326,6.694014,3.261203594,12.030391,6.1694,package-0,/sys/class/powercap/intel-rapl:0/energy_uj,0
floating_point,newton_raphson,java,7,OK,0.557950623,6.77458,3.332359426,12.141899,6.1694,package-0,/sys/class/powercap/intel-rapl:0/energy_uj,0
floating_point,newton_raphson,java,8,OK,0.55886687,6.738569,3.290695732,12.057557,6.1694,package-0,/sys/class/powercap/intel-rapl:0/energy_uj,0
floating_point,newton_raphson,java,9,OK,0.555993166,6.701643,3.271498762,12.053463,6.1694,package-0,/sys/class/powercap/intel-rapl:0/energy_uj,0
floating_point,newton_raphson,java,10,OK,0.554325183,6.713362,3.293508216,12.110873,6.1694,package-0,/sys/class/powercap/intel-rapl:0/energy_uj,0
