category,algorithm,language,run,status,time_s,energy_j,dynamic_energy_j,power_w,idle_power_w,domain,energy_path,exit_code
string_and_text_processing,anagram_checker,rust,1,OK,0.286059304,2.578876,2.00269535,9.01518,2.0142,package-0,/sys/class/powercap/intel-rapl:0/energy_uj,0
string_and_text_processing,anagram_checker,rust,2,OK,0.281701267,2.747859,2.180456308,9.754514,2.0142,package-0,/sys/class/powercap/intel-rapl:0/energy_uj,0
string_and_text_processing,anagram_checker,rust,3,OK,0.281953374,2.612368,2.044457514,9.265248,2.0142,package-0,/sys/class/powercap/intel-rapl:0/energy_uj,0
string_and_text_processing,anagram_checker,rust,4,OK,0.282455313,3.835358,3.266436509,13.578636,2.0142,package-0,/sys/class/powercap/intel-rapl:0/energy_uj,0
string_and_text_processing,anagram_checker,rust,5,OK,0.281008809,2.459941,1.893933057,8.753964,2.0142,package-0,/sys/class/powercap/intel-rapl:0/energy_uj,0
string_and_text_processing,anagram_checker,rust,6,OK,0.28545437,2.65152,2.076557808,9.28877,2.0142,package-0,/sys/class/powercap/intel-rapl:0/energy_uj,0
string_and_text_processing,anagram_checker,rust,7,OK,0.281931853,2.46406,1.896192862,8.739913,2.0142,package-0,/sys/class/powercap/intel-rapl:0/energy_uj,0
string_and_text_processing,anagram_checker,rust,8,OK,0.281444541,2.647889,2.081003406,9.408209,2.0142,package-0,/sys/class/powercap/intel-rapl:0/energy_uj,0
string_and_text_processing,anagram_checker,rust,9,OK,0.284418753,2.656646,2.083769748,9.340615,2.0142,package-0,/sys/class/powercap/intel-rapl:0/energy_uj,0
string_and_text_processing,anagram_checker,rust,10,OK,0.285432519,2.860005,2.28508682,10.019899,2.0142,package-0,/sys/class/powercap/intel-rapl:0/energy_uj,0
string_and_text_processing,anagram_checker,cpp,1,OK,0.313831674,2.262609,1.630489242,7.209626,2.0142,package-0,/sys/class/powercap/intel-rapl:0/energy_uj,0
string_and_text_processing,anagram_checker,cpp,2,OK,0.311548899,2.326463,1.698941208,7.467409,2.0142,package-0,/sys/class/powercap/intel-rapl:0/energy_uj,0
string_and_text_processing,anagram_checker,cpp,3,OK,0.310235286,2.235861,1.610985087,7.206985,2.0142,package-0,/sys/class/powercap/intel-rapl:0/energy_uj,0
string_and_text_processing,anagram_checker,cpp,4,OK,0.310550141,3.572432,2.946921906,11.503559,2.0142,package-0,/sys/class/powercap/intel-rapl:0/energy_uj,0
string_and_text_processing,anagram_checker,cpp,5,OK,0.31301507,2.072784,1.442309046,6.621994,2.0142,package-0,/sys/class/powercap/intel-rapl:0/energy_uj,0
string_and_text_processing,anagram_checker,cpp,6,OK,0.310016623,2.188363,1.563927518,7.058857,2.0142,package-0,/sys/class/powercap/intel-rapl:0/energy_uj,0
string_and_text_processing,anagram_checker,cpp,7,OK,0.311291953,2.143993,1.516988748,6.887403,2.0142,package-0,/sys/class/powercap/intel-rapl:0/energy_uj,0
string_and_text_processing,anagram_checker,cpp,8,OK,0.309257498,2.439266,1.816359548,7.887492,2.0142,package-0,/sys/class/powercap/intel-rapl:0/energy_uj,0
string_and_text_processing,anagram_checker,cpp,9,OK,0.311588344,2.15475,1.527148758,6.915374,2.0142,package-0,/sys/class/powercap/intel-rapl:0/energy_uj,0
string_and_text_processing,anagram_checker,cpp,10,OK,0.310429534,2.363037,1.737769833,7.612153,2.0142,package-0,/sys/class/powercap/intel-rapl:0/energy_uj,0
string_and_text_processing,anagram_checker,c,1,OK,0.222785476,1.498274,1.049539494,6.725187,2.0142,package-0,/sys/class/powercap/intel-rapl:0/energy_uj,0
string_and_text_processing,anagram_checker,c,2,OK,0.224262256,1.884317,1.432607964,8.402292,2.0142,package-0,/sys/class/powercap/intel-rapl:0/energy_uj,0
string_and_text_processing,anagram_checker,c,3,OK,0.223819069,1.40958,0.958763631,6.297855,2.0142,package-0,/sys/class/powercap/intel-rapl:0/energy_uj,0
string_and_text_processing,anagram_checker,c,4,OK,0.224723969,1.349738,0.897098982,6.006204,2.0142,package-0,/sys/class/powercap/intel-rapl:0/energy_uj,0
string_and_text_processing,anagram_checker,c,5,OK,0.224783783,1.389302,0.936542504,6.180615,2.0142,package-0,/sys/class/powercap/intel-rapl:0/energy_uj,0
string_and_text_processing,anagram_checker,c,6,OK,0.224017524,2.614245,2.163028903,11.669824,2.0142,package-0,/sys/class/powercap/intel-rapl:0/energy_uj,0
string_and_text_processing,anagram_checker,c,7,OK,0.237580408,1.52934,1.050805542,6.437147,2.0142,package-0,/sys/class/powercap/intel-rapl:0/energy_uj,0
string_and_text_processing,anagram_checker,c,8,OK,0.225988439,1.305749,0.850563086,5.777946,2.0142,package-0,/sys/class/powercap/intel-rapl:0/energy_uj,0
string_and_text_processing,anagram_checker,c,9,OK,0.224911233,1.390584,0.937567794,6.182813,2.0142,package-0,/sys/class/powercap/intel-rapl:0/energy_uj,0
string_and_text_processing,anagram_checker,c,10,OK,0.225050075,1.303171,0.849875139,5.790582,2.0142,package-0,/sys/class/powercap/intel-rapl:0/energy_uj,0
string_and_text_processing,anagram_checker,go,1,OK,0.938541857,7.692274,5.801862992,8.195984,2.0142,package-0,/sys/class/powercap/intel-rapl:0/energy_uj,0
string_and_text_processing,anagram_checker,go,2,OK,0.922824421,7.066056,5.207303051,7.656989,2.0142,package-0,/sys/class/powercap/intel-rapl:0/energy_uj,0
string_and_text_processing,anagram_checker,go,3,OK,0.944571422,7.380844,5.478288242,7.813961,2.0142,package-0,/sys/class/powercap/intel-rapl:0/energy_uj,0
string_and_text_processing,anagram_checker,go,4,OK,0.929513562,7.124372,5.252145783,7.664624,2.0142,package-0,/sys/class/powercap/intel-rapl:0/energy_uj,0
string_and_text_processing,anagram_checker,go,5,OK,0.937978521,7.34427,5.454993663,7.829891,2.0142,package-0,/sys/class/powercap/intel-rapl:0/energy_uj,0
string_and_text_processing,anagram_checker,go,6,OK,0.930282886,8.221255,6.347479211,8.837371,2.0142,package-0,/sys/class/powercap/intel-rapl:0/energy_uj,0
string_and_text_processing,anagram_checker,go,7,OK,0.93359199,7.154338,5.273897014,7.663238,2.0142,package-0,/sys/class/powercap/intel-rapl:0/energy_uj,0
string_and_text_processing,anagram_checker,go,8,OK,0.933588624,7.104537,5.224102794,7.609922,2.0142,package-0,/sys/class/powercap/intel-rapl:0/energy_uj,0
string_and_text_processing,anagram_checker,go,9,OK,0.939609593,7.964966,6.072404358,8.476889,2.0142,package-0,/sys/class/powercap/intel-rapl:0/energy_uj,0
string_and_text_processing,anagram_checker,go,10,OK,0.935662062,7.578115,5.693504475,8.099201,2.0142,package-0,/sys/class/powercap/intel-rapl:0/energy_uj,0
string_and_text_processing,sha1_pure_implementation,rust,1,OK,0.012285199,0.662182,0.637437152,53.900796,2.0142,package-0,/sys/class/powercap/intel-rapl:0/energy_uj,0
string_and_text_processing,sha1_pure_implementation,rust,2,OK,0.00951827,0.423288,0.404116301,44.471107,2.0142,package-0,/sys/class/powercap/intel-rapl:0/energy_uj,0
string_and_text_processing,sha1_pure_implementation,rust,3,OK,0.009096112,0.511189,0.492867611,56.198626,2.0142,package-0,/sys/class/powercap/intel-rapl:0/energy_uj,0
string_and_text_processing,sha1_pure_implementation,rust,4,OK,0.009798319,0.422311,0.402575226,43.100352,2.0142,package-0,/sys/class/powercap/intel-rapl:0/energy_uj,0
string_and_text_processing,sha1_pure_implementation,rust,5,OK,0.010840509,0.576249,0.554414047,53.157006,2.0142,package-0,/sys/class/powercap/intel-rapl:0/energy_uj,0
string_and_text_processing,sha1_pure_implementation,rust,6,OK,0.009992115,0.401377,0.381250882,40.169374,2.0142,package-0,/sys/class/powercap/intel-rapl:0/energy_uj,0
string_and_text_processing,sha1_pure_implementation,rust,7,OK,0.009573814,0.54285,0.523566424,56.70154,2.0142,package-0,/sys/class/powercap/intel-rapl:0/energy_uj,0
string_and_text_processing,sha1_pure_implementation,rust,8,OK,0.009760237,0.450691,0.431031931,46.176235,2.0142,package-0,/sys/class/powercap/intel-rapl:0/energy_uj,0
string_and_text_processing,sha1_pure_implementation,rust,9,OK,0.011782429,0.64758,0.623847832,54.961502,2.0142,package-0,/sys/class/powercap/intel-rapl:0/energy_uj,0
string_and_text_processing,sha1_pure_implementation,rust,10,OK,0.011122461,0.661267,0.638864139,59.453299,2.0142,package-0,/sys/class/powercap/intel-rapl:0/energy_uj,0
string_and_text_processing,sha1_pure_implementation,cpp,1,OK,0.011845257,0.62303,0.599171283,52.597424,2.0142,package-0,/sys/class/powercap/intel-rapl:0/energy_uj,0
string_and_text_processing,sha1_pure_implementation,cpp,2,OK,0.012621485,0.59468,0.569257805,47.116484,2.0142,package-0,/sys/class/powercap/intel-rapl:0/energy_uj,0
string_and_text_processing,sha1_pure_implementation,cpp,3,OK,0.012766539,0.489583,0.463868637,38.348921,2.0142,package-0,/sys/class/powercap/intel-rapl:0/energy_uj,0
string_and_text_processing,sha1_pure_implementation,cpp,4,OK,0.012902906,0.565843,0.539853967,43.853919,2.0142,package-0,/sys/class/powercap/intel-rapl:0/energy_uj,0
string_and_text_processing,sha1_pure_implementation,cpp,5,OK,0.012614842,0.486364,0.460955185,38.554902,2.0142,package-0,/sys/class/powercap/intel-rapl:0/energy_uj,0
string_and_text_processing,sha1_pure_implementation,cpp,6,OK,0.013006572,0.577607,0.551409163,44.408857,2.0142,package-0,/sys/class/powercap/intel-rapl:0/energy_uj,0
string_and_text_processing,sha1_pure_implementation,cpp,7,OK,0.012170212,0.485388,0.460874759,39.883282,2.0142,package-0,/sys/class/powercap/intel-rapl:0/energy_uj,0
string_and_text_processing,sha1_pure_implementation,cpp,8,OK,0.013701115,0.759711,0.732114214,55.448845,2.0142,package-0,/sys/class/powercap/intel-rapl:0/energy_uj,0
string_and_text_processing,sha1_pure_implementation,cpp,9,OK,0.01320634,0.612975,0.58637479,46.415207,2.0142,package-0,/sys/class/powercap/intel-rapl:0/energy_uj,0
string_and_text_processing,sha1_pure_implementation,cpp,10,OK,0.014235856,0.629011,0.600337139,44.184979,2.0142,package-0,/sys/class/powercap/intel-rapl:0/energy_uj,0
string_and_text_processing,sha1_pure_implementation,c,1,OK,0.012689764,0.553224,0.527664277,43.596083,2.0142,package-0,/sys/class/powercap/intel-rapl:0/energy_uj,0
string_and_text_processing,sha1_pure_implementation,c,2,OK,0.011351885,0.681987,0.659122033,60.076983,2.0142,package-0,/sys/class/powercap/intel-rapl:0/energy_uj,0
string_and_text_processing,sha1_pure_implementation,c,3,OK,0.010830931,0.468069,0.446253339,43.215953,2.0142,package-0,/sys/class/powercap/intel-rapl:0/energy_uj,0
string_and_text_processing,sha1_pure_implementation,c,4,OK,0.013506617,0.628217,0.601011972,46.511795,2.0142,package-0,/sys/class/powercap/intel-rapl:0/energy_uj,0
string_and_text_processing,sha1_pure_implementation,c,5,OK,0.011614311,0.549318,0.525924455,47.29665,2.0142,package-0,/sys/class/powercap/intel-rapl:0/energy_uj,0
string_and_text_processing,sha1_pure_implementation,c,6,OK,0.013141888,0.629651,0.603180609,47.911761,2.0142,package-0,/sys/class/powercap/intel-rapl:0/energy_uj,0
string_and_text_processing,sha1_pure_implementation,c,7,OK,0.013560971,0.630216,0.602901492,46.472778,2.0142,package-0,/sys/class/powercap/intel-rapl:0/energy_uj,0
string_and_text_processing,sha1_pure_implementation,c,8,OK,0.012816894,0.623304,0.597488212,48.631439,2.0142,package-0,/sys/class/powercap/intel-rapl:0/energy_uj,0
string_and_text_processing,sha1_pure_implementation,c,9,OK,0.011903217,0.59851,0.57453454,50.281365,2.0142,package-0,/sys/class/powercap/intel-rapl:0/energy_uj,0
string_and_text_processing,sha1_pure_implementation,c,10,OK,0.012569075,0.57013,0.544813369,45.359742,2.0142,package-0,/sys/class/powercap/intel-rapl:0/energy_uj,0
string_and_text_processing,sha1_pure_implementation,go,1,OK,0.013606917,0.682018,0.654610948,50.12289,2.0142,package-0,/sys/class/powercap/intel-rapl:0/energy_uj,0
string_and_text_processing,sha1_pure_implementation,go,2,OK,0.01312171,0.572419,0.545989252,43.623811,2.0142,package-0,/sys/class/powercap/intel-rapl:0/energy_uj,0
string_and_text_processing,sha1_pure_implementation,go,3,OK,0.01341831,0.694483,0.66745584,51.756369,2.0142,package-0,/sys/class/powercap/intel-rapl:0/energy_uj,0
string_and_text_processing,sha1_pure_implementation,go,4,OK,0.014342588,0.61621,0.587321159,42.963655,2.0142,package-0,/sys/class/powercap/intel-rapl:0/energy_uj,0
string_and_text_processing,sha1_pure_implementation,go,5,OK,0.016318852,0.76412,0.731250568,46.824372,2.0142,package-0,/sys/class/powercap/intel-rapl:0/energy_uj,0
string_and_text_processing,sha1_pure_implementation,go,6,OK,0.017013466,0.731056,0.696787477,42.969257,2.0142,package-0,/sys/class/powercap/intel-rapl:0/energy_uj,0
string_and_text_processing,sha1_pure_implementation,go,7,OK,0.015304726,0.66891,0.638083221,43.706108,2.0142,package-0,/sys/class/powercap/intel-rapl:0/energy_uj,0
string_and_text_processing,sha1_pure_implementation,go,8,OK,0.014517889,0.663509,0.634267068,45.702857,2.0142,package-0,/sys/class/powercap/intel-rapl:0/energy_uj,0
string_and_text_processing,sha1_pure_implementation,go,9,OK,0.013339581,0.655133,0.628264416,49.111962,2.0142,package-0,/sys/class/powercap/intel-rapl:0/energy_uj,0
string_and_text_processing,sha1_pure_implementation,go,10,OK,0.013254981,0.698679,0.671980817,52.710675,2.0142,package-0,/sys/class/powercap/intel-rapl:0/energy_uj,0
string_and_text_processing,longest_common_subsequence,rust,1,OK,0.010800633,0.346936,0.325181365,32.121821,2.0142,package-0,/sys/class/powercap/intel-rapl:0/energy_uj,0
string_and_text_processing,longest_common_subsequence,rust,2,OK,0.010268638,0.559679,0.538995909,54.503723,2.0142,package-0,/sys/class/powercap/intel-rapl:0/energy_uj,0
string_and_text_processing,longest_common_subsequence,rust,3,OK,0.010900873,0.251117,0.229160462,23.036412,2.0142,package-0,/sys/class/powercap/intel-rapl:0/energy_uj,0
string_and_text_processing,longest_common_subsequence,rust,4,OK,0.011246385,0.643537,0.620884531,57.221676,2.0142,package-0,/sys/class/powercap/intel-rapl:0/energy_uj,0
string_and_text_processing,longest_common_subsequence,rust,5,OK,0.010607117,0.381694,0.360329145,35.984707,2.0142,package-0,/sys/class/powercap/intel-rapl:0/energy_uj,0
string_and_text_processing,longest_common_subsequence,rust,6,OK,0.009913657,0.639706,0.619737912,64.527752,2.0142,package-0,/sys/class/powercap/intel-rapl:0/energy_uj,0
string_and_text_processing,longest_common_subsequence,rust,7,OK,0.013443809,0.785299,0.75822048,58.41343,2.0142,package-0,/sys/class/powercap/intel-rapl:0/energy_uj,0
string_and_text_processing,longest_common_subsequence,rust,8,OK,0.012485297,0.600204,0.575056115,48.072865,2.0142,package-0,/sys/class/powercap/intel-rapl:0/energy_uj,0
string_and_text_processing,longest_common_subsequence,rust,9,OK,0.010443568,0.402445,0.381409565,38.535202,2.0142,package-0,/sys/class/powercap/intel-rapl:0/energy_uj,0
string_and_text_processing,longest_common_subsequence,rust,10,OK,0.011295018,0.525882,0.503131575,46.558757,2.0142,package-0,/sys/class/powercap/intel-rapl:0/energy_uj,0
string_and_text_processing,longest_common_subsequence,cpp,1,OK,0.011453307,0.399454,0.376384749,34.876739,2.0142,package-0,/sys/class/powercap/intel-rapl:0/energy_uj,0
string_and_text_processing,longest_common_subsequence,cpp,2,OK,0.011696756,0.62219,0.598630394,53.193381,2.0142,package-0,/sys/class/powercap/intel-rapl:0/energy_uj,0
string_and_text_processing,longest_common_subsequence,cpp,3,OK,0.012189118,0.641782,0.617230679,52.652046,2.0142,package-0,/sys/class/powercap/intel-rapl:0/energy_uj,0
string_and_text_processing,longest_common_subsequence,cpp,4,OK,0.012097845,0.547335,0.522967521,45.242355,2.0142,package-0,/sys/class/powercap/intel-rapl:0/energy_uj,0
string_and_text_processing,longest_common_subsequence,cpp,5,OK,0.012086343,0.441887,0.417542688,36.560852,2.0142,package-0,/sys/class/powercap/intel-rapl:0/energy_uj,0
string_and_text_processing,longest_common_subsequence,cpp,6,OK,0.012312371,0.56981,0.545010422,46.27947,2.0142,package-0,/sys/class/powercap/intel-rapl:0/energy_uj,0
string_and_text_processing,longest_common_subsequence,cpp,7,OK,0.012913086,0.56151,0.535500462,43.483796,2.0142,package-0,/sys/class/powercap/intel-rapl:0/energy_uj,0
string_and_text_processing,longest_common_subsequence,cpp,8,OK,0.011498161,0.38557,0.362410404,33.533188,2.0142,package-0,/sys/class/powercap/intel-rapl:0/energy_uj,0
string_and_text_processing,longest_common_subsequence,cpp,9,OK,0.011393434,0.500158,0.477209345,43.898793,2.0142,package-0,/sys/class/powercap/intel-rapl:0/energy_uj,0
string_and_text_processing,longest_common_subsequence,cpp,10,OK,0.011885874,0.348707,0.324766473,29.337935,2.0142,package-0,/sys/class/powercap/intel-rapl:0/energy_uj,0
string_and_text_processing,longest_common_subsequence,c,1,OK,0.012578834,0.712503,0.687166713,56.643008,2.0142,package-0,/sys/class/powercap/intel-rapl:0/energy_uj,0
string_and_text_processing,longest_common_subsequence,c,2,OK,0.013072948,0.448371,0.422039468,34.29762,2.0142,package-0,/sys/class/powercap/intel-rapl:0/energy_uj,0
string_and_text_processing,longest_common_subsequence,c,3,OK,0.012169741,0.678737,0.654224708,55.77251,2.0142,package-0,/sys/class/powercap/intel-rapl:0/energy_uj,0
string_and_text_processing,longest_common_subsequence,c,4,OK,0.014245874,0.539721,0.511026961,37.886128,2.0142,package-0,/sys/class/powercap/intel-rapl:0/energy_uj,0
string_and_text_processing,longest_common_subsequence,c,5,OK,0.012064873,0.48435,0.460048933,40.14547,2.0142,package-0,/sys/class/powercap/intel-rapl:0/energy_uj,0
string_and_text_processing,longest_common_subsequence,c,6,OK,0.012136048,0.67065,0.646205572,55.260988,2.0142,package-0,/sys/class/powercap/intel-rapl:0/energy_uj,0
string_and_text_processing,longest_common_subsequence,c,7,OK,0.012864744,0.650571,0.624658833,50.57007,2.0142,package-0,/sys/class/powercap/intel-rapl:0/energy_uj,0
string_and_text_processing,longest_common_subsequence,c,8,OK,0.012145094,0.609161,0.584698352,50.15696,2.0142,package-0,/sys/class/powercap/intel-rapl:0/energy_uj,0
string_and_text_processing,longest_common_subsequence,c,9,OK,0.012821342,0.615614,0.589789253,48.014787,2.0142,package-0,/sys/class/powercap/intel-rapl:0/energy_uj,0
string_and_text_processing,longest_common_subsequence,c,10,OK,0.011944405,0.576874,0.552815579,48.296587,2.0142,package-0,/sys/class/powercap/intel-rapl:0/energy_uj,0
string_and_text_processing,longest_common_subsequence,go,1,OK,0.018298734,0.842714,0.80585669,46.053131,2.0142,package-0,/sys/class/powercap/intel-rapl:0/energy_uj,0
string_and_text_processing,longest_common_subsequence,go,2,OK,0.014560319,0.694285,0.664957605,47.683365,2.0142,package-0,/sys/class/powercap/intel-rapl:0/energy_uj,0
string_and_text_processing,longest_common_subsequence,go,3,OK,0.012102604,0.584274,0.559896935,48.276718,2.0142,package-0,/sys/class/powercap/intel-rapl:0/energy_uj,0
string_and_text_processing,longest_common_subsequence,go,4,OK,0.013071004,0.470618,0.444290384,36.004732,2.0142,package-0,/sys/class/powercap/intel-rapl:0/energy_uj,0
string_and_text_processing,longest_common_subsequence,go,5,OK,0.015708058,0.702005,0.67036583,44.690757,2.0142,package-0,/sys/class/powercap/intel-rapl:0/energy_uj,0
string_and_text_processing,longest_common_subsequence,go,6,OK,0.013071225,0.608703,0.582374939,46.568168,2.0142,package-0,/sys/class/powercap/intel-rapl:0/energy_uj,0
string_and_text_processing,longest_common_subsequence,go,7,OK,0.013202423,0.411981,0.38538868,31.204954,2.0142,package-0,/sys/class/powercap/intel-rapl:0/energy_uj,0
string_and_text_processing,longest_common_subsequence,go,8,OK,0.013404294,0.683192,0.656193071,50.968145,2.0142,package-0,/sys/class/powercap/intel-rapl:0/energy_uj,0
string_and_text_processing,longest_common_subsequence,go,9,OK,0.017326256,0.765173,0.730274455,44.162628,2.0142,package-0,/sys/class/powercap/intel-rapl:0/energy_uj,0
string_and_text_processing,longest_common_subsequence,go,10,OK,0.014245855,0.663616,0.634921999,46.583094,2.0142,package-0,/sys/class/powercap/intel-rapl:0/energy_uj,0
string_and_text_processing,command_line_argument_parser,rust,1,OK,0.006182886,0.429528,0.417074431,69.470471,2.0142,package-0,/sys/class/powercap/intel-rapl:0/energy_uj,0
string_and_text_processing,command_line_argument_parser,rust,2,OK,0.005446715,0.178732,0.167761227,32.814641,2.0142,package-0,/sys/class/powercap/intel-rapl:0/energy_uj,0
string_and_text_processing,command_line_argument_parser,rust,3,OK,0.005072638,0.390467,0.380249693,76.975136,2.0142,package-0,/sys/class/powercap/intel-rapl:0/energy_uj,0
string_and_text_processing,command_line_argument_parser,rust,4,OK,0.004782298,0.406381,0.396748495,84.976093,2.0142,package-0,/sys/class/powercap/intel-rapl:0/energy_uj,0
string_and_text_processing,command_line_argument_parser,rust,5,OK,0.004947621,0.177847,0.167881502,35.945963,2.0142,package-0,/sys/class/powercap/intel-rapl:0/energy_uj,0
string_and_text_processing,command_line_argument_parser,rust,6,OK,0.005944074,0.426919,0.414946446,71.822625,2.0142,package-0,/sys/class/powercap/intel-rapl:0/energy_uj,0
string_and_text_processing,command_line_argument_parser,rust,7,OK,0.005198044,0.387828,0.3773581,74.610373,2.0142,package-0,/sys/class/powercap/intel-rapl:0/energy_uj,0
string_and_text_processing,command_line_argument_parser,rust,8,OK,0.005775827,0.397135,0.385501329,68.758119,2.0142,package-0,/sys/class/powercap/intel-rapl:0/energy_uj,0
string_and_text_processing,command_line_argument_parser,rust,9,OK,0.005786727,0.381923,0.370267374,65.99983,2.0142,package-0,/sys/class/powercap/intel-rapl:0/energy_uj,0
string_and_text_processing,command_line_argument_parser,rust,10,OK,0.005336967,0.361951,0.351201281,67.819606,2.0142,package-0,/sys/class/powercap/intel-rapl:0/energy_uj,0
string_and_text_processing,command_line_argument_parser,cpp,1,OK,0.006771889,0.491521,0.477881061,72.582554,2.0142,package-0,/sys/class/powercap/intel-rapl:0/energy_uj,0
string_and_text_processing,command_line_argument_parser,cpp,2,OK,0.004990683,0.186178,0.176125766,37.305114,2.0142,package-0,/sys/class/powercap/intel-rapl:0/energy_uj,0
string_and_text_processing,command_line_argument_parser,cpp,3,OK,0.005797107,0.444069,0.432392467,76.601829,2.0142,package-0,/sys/class/powercap/intel-rapl:0/energy_uj,0
string_and_text_processing,command_line_argument_parser,cpp,4,OK,0.006598571,0.430733,0.417442158,65.276709,2.0142,package-0,/sys/class/powercap/intel-rapl:0/energy_uj,0
string_and_text_processing,command_line_argument_parser,cpp,5,OK,0.005473485,0.456641,0.445616307,83.427834,2.0142,package-0,/sys/class/powercap/intel-rapl:0/energy_uj,0
string_and_text_processing,command_line_argument_parser,cpp,6,OK,0.006047099,0.275269,0.263088933,45.520836,2.0142,package-0,/sys/class/powercap/intel-rapl:0/energy_uj,0
string_and_text_processing,command_line_argument_parser,cpp,7,OK,0.005727214,0.437203,0.425667246,76.337815,2.0142,package-0,/sys/class/powercap/intel-rapl:0/energy_uj,0
string_and_text_processing,command_line_argument_parser,cpp,8,OK,0.007059793,0.521488,0.507268165,73.867322,2.0142,package-0,/sys/class/powercap/intel-rapl:0/energy_uj,0
string_and_text_processing,command_line_argument_parser,cpp,9,OK,0.005600916,0.184164,0.172882635,32.88105,2.0142,package-0,/sys/class/powercap/intel-rapl:0/energy_uj,0
string_and_text_processing,command_line_argument_parser,cpp,10,OK,0.006824719,0.456733,0.442986651,66.923341,2.0142,package-0,/sys/class/powercap/intel-rapl:0/energy_uj,0
string_and_text_processing,command_line_argument_parser,c,1,OK,0.00567183,0.517246,0.5058218,91.195611,2.0142,package-0,/sys/class/powercap/intel-rapl:0/energy_uj,0
string_and_text_processing,command_line_argument_parser,c,2,OK,0.004695204,0.178107,0.16864992,37.933815,2.0142,package-0,/sys/class/powercap/intel-rapl:0/energy_uj,0
string_and_text_processing,command_line_argument_parser,c,3,OK,0.005003657,0.463782,0.453703634,92.688608,2.0142,package-0,/sys/class/powercap/intel-rapl:0/energy_uj,0
string_and_text_processing,command_line_argument_parser,c,4,OK,0.005702708,0.231449,0.219962606,40.585806,2.0142,package-0,/sys/class/powercap/intel-rapl:0/energy_uj,0
string_and_text_processing,command_line_argument_parser,c,5,OK,0.0049367,0.416268,0.406324499,84.321105,2.0142,package-0,/sys/class/powercap/intel-rapl:0/energy_uj,0
string_and_text_processing,command_line_argument_parser,c,6,OK,0.005967649,0.477011,0.464990961,79.932818,2.0142,package-0,/sys/class/powercap/intel-rapl:0/energy_uj,0
string_and_text_processing,command_line_argument_parser,c,7,OK,0.005493122,0.369839,0.358774754,67.327651,2.0142,package-0,/sys/class/powercap/intel-rapl:0/energy_uj,0
string_and_text_processing,command_line_argument_parser,c,8,OK,0.00451322,0.395442,0.386351472,87.618596,2.0142,package-0,/sys/class/powercap/intel-rapl:0/energy_uj,0
string_and_text_processing,command_line_argument_parser,c,9,OK,0.004758173,0.189947,0.180363088,39.920154,2.0142,package-0,/sys/class/powercap/intel-rapl:0/energy_uj,0
string_and_text_processing,command_line_argument_parser,c,10,OK,0.005966376,0.431405,0.419387525,72.306036,2.0142,package-0,/sys/class/powercap/intel-rapl:0/energy_uj,0
string_and_text_processing,command_line_argument_parser,go,1,OK,0.00691519,0.420831,0.406902424,60.856029,2.0142,package-0,/sys/class/powercap/intel-rapl:0/energy_uj,0
string_and_text_processing,command_line_argument_parser,go,2,OK,0.007629129,0.527713,0.512346408,69.170806,2.0142,package-0,/sys/class/powercap/intel-rapl:0/energy_uj,0
string_and_text_processing,command_line_argument_parser,go,3,OK,0.005810923,0.209309,0.197604639,36.019923,2.0142,package-0,/sys/class/powercap/intel-rapl:0/energy_uj,0
string_and_text_processing,command_line_argument_parser,go,4,OK,0.005900732,0.451454,0.439568746,76.508135,2.0142,package-0,/sys/class/powercap/intel-rapl:0/energy_uj,0
string_and_text_processing,command_line_argument_parser,go,5,OK,0.005913977,0.408701,0.396789068,69.107641,2.0142,package-0,/sys/class/powercap/intel-rapl:0/energy_uj,0
string_and_text_processing,command_line_argument_parser,go,6,OK,0.005358517,0.170447,0.159653875,31.808614,2.0142,package-0,/sys/class/powercap/intel-rapl:0/energy_uj,0
string_and_text_processing,command_line_argument_parser,go,7,OK,0.007311569,0.313964,0.299237038,42.940715,2.0142,package-0,/sys/class/powercap/intel-rapl:0/energy_uj,0
string_and_text_processing,command_line_argument_parser,go,8,OK,0.006895733,0.456428,0.442538615,66.189918,2.0142,package-0,/sys/class/powercap/intel-rapl:0/energy_uj,0
string_and_text_processing,command_line_argument_parser,go,9,OK,0.005606176,0.22414,0.21284804,39.980907,2.0142,package-0,/sys/class/powercap/intel-rapl:0/energy_uj,0
string_and_text_processing,command_line_argument_parser,go,10,OK,0.006552324,0.464941,0.451743309,70.958182,2.0142,package-0,/sys/class/powercap/intel-rapl:0/energy_uj,0
string_and_text_processing,palindrome_detection,rust,1,OK,0.128410014,1.33451,1.07586655,10.39257,2.0142,package-0,/sys/class/powercap/intel-rapl:0/energy_uj,0
string_and_text_processing,palindrome_detection,rust,2,OK,0.130092354,1.196288,0.934255981,9.195683,2.0142,package-0,/sys/class/powercap/intel-rapl:0/energy_uj,0
string_and_text_processing,palindrome_detection,rust,3,OK,0.132931641,1.195723,0.927972089,8.995022,2.0142,package-0,/sys/class/powercap/intel-rapl:0/energy_uj,0
string_and_text_processing,palindrome_detection,rust,4,OK,0.129806173,1.229901,0.968445406,9.474904,2.0142,package-0,/sys/class/powercap/intel-rapl:0/energy_uj,0
string_and_text_processing,palindrome_detection,rust,5,OK,0.130487641,1.24255,0.979721793,9.522358,2.0142,package-0,/sys/class/powercap/intel-rapl:0/energy_uj,0
string_and_text_processing,palindrome_detection,rust,6,OK,0.130832352,2.33333,2.069807477,17.834503,2.0142,package-0,/sys/class/powercap/intel-rapl:0/energy_uj,0
string_and_text_processing,palindrome_detection,rust,7,OK,0.131184789,1.393437,1.129204598,10.62194,2.0142,package-0,/sys/class/powercap/intel-rapl:0/energy_uj,0
string_and_text_processing,palindrome_detection,rust,8,OK,0.129882578,1.42226,1.160650511,10.950352,2.0142,package-0,/sys/class/powercap/intel-rapl:0/energy_uj,0
string_and_text_processing,palindrome_detection,rust,9,OK,0.129257526,1.523313,1.262962491,11.785101,2.0142,package-0,/sys/class/powercap/intel-rapl:0/energy_uj,0
string_and_text_processing,palindrome_detection,rust,10,OK,0.129626163,1.39542,1.134326982,10.764956,2.0142,package-0,/sys/class/powercap/intel-rapl:0/energy_uj,0
string_and_text_processing,palindrome_detection,cpp,1,OK,0.07701031,0.67773,0.522615834,8.80051,2.0142,package-0,/sys/class/powercap/intel-rapl:0/energy_uj,0
string_and_text_processing,palindrome_detection,cpp,2,OK,0.079976195,0.846346,0.685257948,10.582474,2.0142,package-0,/sys/class/powercap/intel-rapl:0/energy_uj,0
string_and_text_processing,palindrome_detection,cpp,3,OK,0.076860266,0.882507,0.727695052,11.481967,2.0142,package-0,/sys/class/powercap/intel-rapl:0/energy_uj,0
string_and_text_processing,palindrome_detection,cpp,4,OK,0.078346765,1.267314,1.109507946,16.175703,2.0142,package-0,/sys/class/powercap/intel-rapl:0/energy_uj,0
string_and_text_processing,palindrome_detection,cpp,5,OK,0.077022552,0.847506,0.692367176,11.003349,2.0142,package-0,/sys/class/powercap/intel-rapl:0/energy_uj,0
string_and_text_processing,palindrome_detection,cpp,6,OK,0.076157508,0.805759,0.652362547,10.580165,2.0142,package-0,/sys/class/powercap/intel-rapl:0/energy_uj,0
string_and_text_processing,palindrome_detection,cpp,7,OK,0.075367043,0.745353,0.593548702,9.889641,2.0142,package-0,/sys/class/powercap/intel-rapl:0/energy_uj,0
string_and_text_processing,palindrome_detection,cpp,8,OK,0.076176574,0.801563,0.648128145,10.522434,2.0142,package-0,/sys/class/powercap/intel-rapl:0/energy_uj,0
string_and_text_processing,palindrome_detection,cpp,9,OK,0.075731833,1.04856,0.896020942,13.845697,2.0142,package-0,/sys/class/powercap/intel-rapl:0/energy_uj,0
string_and_text_processing,palindrome_detection,cpp,10,OK,0.076065534,0.738884,0.585672801,9.713782,2.0142,package-0,/sys/class/powercap/intel-rapl:0/energy_uj,0
string_and_text_processing,palindrome_detection,c,1,OK,0.033856859,0.372295,0.304100515,10.996147,2.0142,package-0,/sys/class/powercap/intel-rapl:0/energy_uj,0
string_and_text_processing,palindrome_detection,c,2,OK,0.040149282,1.218443,1.137574316,30.347815,2.0142,package-0,/sys/class/powercap/intel-rapl:0/energy_uj,0
string_and_text_processing,palindrome_detection,c,3,OK,0.041532486,1.29098,1.207325267,31.08362,2.0142,package-0,/sys/class/powercap/intel-rapl:0/energy_uj,0
string_and_text_processing,palindrome_detection,c,4,OK,0.041586107,1.259151,1.175388263,30.278165,2.0142,package-0,/sys/class/powercap/intel-rapl:0/energy_uj,0
string_and_text_processing,palindrome_detection,c,5,OK,0.043661941,1.308069,1.220125118,29.959021,2.0142,package-0,/sys/class/powercap/intel-rapl:0/energy_uj,0
string_and_text_processing,palindrome_detection,c,6,OK,0.042812556,1.246075,1.15984195,29.105363,2.0142,package-0,/sys/class/powercap/intel-rapl:0/energy_uj,0
string_and_text_processing,palindrome_detection,c,7,OK,0.042605725,1.300439,1.214622549,30.522635,2.0142,package-0,/sys/class/powercap/intel-rapl:0/energy_uj,0
string_and_text_processing,palindrome_detection,c,8,OK,0.039900101,1.18193,1.101563217,29.622231,2.0142,package-0,/sys/class/powercap/intel-rapl:0/energy_uj,0
string_and_text_processing,palindrome_detection,c,9,OK,0.041443879,1.301157,1.217680739,31.395637,2.0142,package-0,/sys/class/powercap/intel-rapl:0/energy_uj,0
string_and_text_processing,palindrome_detection,c,10,OK,0.042134353,1.214705,1.129837986,28.829326,2.0142,package-0,/sys/class/powercap/intel-rapl:0/energy_uj,0
string_and_text_processing,palindrome_detection,go,1,OK,0.101279367,1.403858,1.199861099,13.861244,2.0142,package-0,/sys/class/powercap/intel-rapl:0/energy_uj,0
string_and_text_processing,palindrome_detection,go,2,OK,0.101191892,0.974971,0.771150291,9.634873,2.0142,package-0,/sys/class/powercap/intel-rapl:0/energy_uj,0
string_and_text_processing,palindrome_detection,go,3,OK,0.101383755,0.98344,0.779232841,9.700173,2.0142,package-0,/sys/class/powercap/intel-rapl:0/energy_uj,0
string_and_text_processing,palindrome_detection,go,4,OK,0.100858312,1.103794,0.900645188,10.944006,2.0142,package-0,/sys/class/powercap/intel-rapl:0/energy_uj,0
string_and_text_processing,palindrome_detection,go,5,OK,0.101228993,1.352042,1.148146562,13.356272,2.0142,package-0,/sys/class/powercap/intel-rapl:0/energy_uj,0
string_and_text_processing,palindrome_detection,go,6,OK,0.100912013,0.945691,0.742434023,9.371441,2.0142,package-0,/sys/class/powercap/intel-rapl:0/energy_uj,0
string_and_text_processing,palindrome_detection,go,7,OK,0.101109006,0.944668,0.74101424,9.343065,2.0142,package-0,/sys/class/powercap/intel-rapl:0/energy_uj,0
string_and_text_processing,palindrome_detection,go,8,OK,0.112050405,1.309426,1.083734074,11.686044,2.0142,package-0,/sys/class/powercap/intel-rapl:0/energy_uj,0
string_and_text_processing,palindrome_detection,go,9,OK,0.102114636,1.116779,0.9110997,10.936522,2.0142,package-0,/sys/class/powercap/intel-rapl:0/energy_uj,0
string_and_text_processing,palindrome_detection,go,10,OK,0.099902445,1.028542,0.827318495,10.295464,2.0142,package-0,/sys/class/powercap/intel-rapl:0/energy_uj,0
memory_intensive_and_allocation_heavy,tree_traversal,rust,1,OK,0.005904609,0.616133,0.604239937,104.347807,2.0142,package-0,/sys/class/powercap/intel-rapl:0/energy_uj,0
memory_intensive_and_allocation_heavy,tree_traversal,rust,2,OK,0.006806184,0.493673,0.479963984,72.533008,2.0142,package-0,/sys/class/powercap/intel-rapl:0/energy_uj,0
memory_intensive_and_allocation_heavy,tree_traversal,rust,3,OK,0.005742072,0.249239,0.237673319,43.40576,2.0142,package-0,/sys/class/powercap/intel-rapl:0/energy_uj,0
memory_intensive_and_allocation_heavy,tree_traversal,rust,4,OK,0.007871887,0.489584,0.473728445,62.193982,2.0142,package-0,/sys/class/powercap/intel-rapl:0/energy_uj,0
memory_intensive_and_allocation_heavy,tree_traversal,rust,5,OK,0.00506905,0.434685,0.424474919,85.752754,2.0142,package-0,/sys/class/powercap/intel-rapl:0/energy_uj,0
memory_intensive_and_allocation_heavy,tree_traversal,rust,6,OK,0.00696321,0.354855,0.340829702,50.96141,2.0142,package-0,/sys/class/powercap/intel-rapl:0/energy_uj,0
memory_intensive_and_allocation_heavy,tree_traversal,rust,7,OK,0.005595546,0.524265,0.512994451,93.69327,2.0142,package-0,/sys/class/powercap/intel-rapl:0/energy_uj,0
memory_intensive_and_allocation_heavy,tree_traversal,rust,8,OK,0.005895252,0.211812,0.199937783,35.929253,2.0142,package-0,/sys/class/powercap/intel-rapl:0/energy_uj,0
memory_intensive_and_allocation_heavy,tree_traversal,rust,9,OK,0.006278967,0.271439,0.258791905,43.229882,2.0142,package-0,/sys/class/powercap/intel-rapl:0/energy_uj,0
memory_intensive_and_allocation_heavy,tree_traversal,rust,10,OK,0.00632286,0.450905,0.438169495,71.313456,2.0142,package-0,/sys/class/powercap/intel-rapl:0/energy_uj,0
memory_intensive_and_allocation_heavy,tree_traversal,cpp,1,OK,0.00818539,0.366542,0.350054987,44.780029,2.0142,package-0,/sys/class/powercap/intel-rapl:0/energy_uj,0
memory_intensive_and_allocation_heavy,tree_traversal,cpp,2,OK,0.007413602,0.493184,0.478251523,66.524208,2.0142,package-0,/sys/class/powercap/intel-rapl:0/energy_uj,0
memory_intensive_and_allocation_heavy,tree_traversal,cpp,3,OK,0.007415405,0.286851,0.271914891,38.68312,2.0142,package-0,/sys/class/powercap/intel-rapl:0/energy_uj,0
memory_intensive_and_allocation_heavy,tree_traversal,cpp,4,OK,0.006514272,0.594131,0.581009953,91.204512,2.0142,package-0,/sys/class/powercap/intel-rapl:0/energy_uj,0
memory_intensive_and_allocation_heavy,tree_traversal,cpp,5,OK,0.00755013,0.424661,0.409453528,56.245522,2.0142,package-0,/sys/class/powercap/intel-rapl:0/energy_uj,0
memory_intensive_and_allocation_heavy,tree_traversal,cpp,6,OK,0.006757912,0.319502,0.305890214,47.278213,2.0142,package-0,/sys/class/powercap/intel-rapl:0/energy_uj,0
memory_intensive_and_allocation_heavy,tree_traversal,cpp,7,OK,0.006662623,0.44146,0.428040145,66.25919,2.0142,package-0,/sys/class/powercap/intel-rapl:0/energy_uj,0
memory_intensive_and_allocation_heavy,tree_traversal,cpp,8,OK,0.007611375,0.497899,0.482568168,65.415119,2.0142,package-0,/sys/class/powercap/intel-rapl:0/energy_uj,0
memory_intensive_and_allocation_heavy,tree_traversal,cpp,9,OK,0.006357757,0.350842,0.338036206,55.183298,2.0142,package-0,/sys/class/powercap/intel-rapl:0/energy_uj,0
memory_intensive_and_allocation_heavy,tree_traversal,cpp,10,OK,0.00713809,0.461128,0.446750459,64.601035,2.0142,package-0,/sys/class/powercap/intel-rapl:0/energy_uj,0
memory_intensive_and_allocation_heavy,tree_traversal,c,1,OK,0.005779032,0.490606,0.478965874,84.894148,2.0142,package-0,/sys/class/powercap/intel-rapl:0/energy_uj,0
memory_intensive_and_allocation_heavy,tree_traversal,c,2,OK,0.005475479,0.367153,0.35612429,67.054042,2.0142,package-0,/sys/class/powercap/intel-rapl:0/energy_uj,0
memory_intensive_and_allocation_heavy,tree_traversal,c,3,OK,0.006018685,0.425821,0.413698165,70.74984,2.0142,package-0,/sys/class/powercap/intel-rapl:0/energy_uj,0
memory_intensive_and_allocation_heavy,tree_traversal,c,4,OK,0.006113034,0.510396,0.498083127,83.493074,2.0142,package-0,/sys/class/powercap/intel-rapl:0/energy_uj,0
memory_intensive_and_allocation_heavy,tree_traversal,c,5,OK,0.004383534,0.371899,0.363069686,84.839994,2.0142,package-0,/sys/class/powercap/intel-rapl:0/energy_uj,0
memory_intensive_and_allocation_heavy,tree_traversal,c,6,OK,0.004753264,0.194265,0.184690976,40.869811,2.0142,package-0,/sys/class/powercap/intel-rapl:0/energy_uj,0
memory_intensive_and_allocation_heavy,tree_traversal,c,7,OK,0.005205388,0.220051,0.209566307,42.273698,2.0142,package-0,/sys/class/powercap/intel-rapl:0/energy_uj,0
memory_intensive_and_allocation_heavy,tree_traversal,c,8,OK,0.006114636,0.405237,0.3929209,66.273283,2.0142,package-0,/sys/class/powercap/intel-rapl:0/energy_uj,0
memory_intensive_and_allocation_heavy,tree_traversal,c,9,OK,0.005849656,0.553393,0.541610623,94.602657,2.0142,package-0,/sys/class/powercap/intel-rapl:0/energy_uj,0
memory_intensive_and_allocation_heavy,tree_traversal,c,10,OK,0.005876216,0.512791,0.500955126,87.265512,2.0142,package-0,/sys/class/powercap/intel-rapl:0/energy_uj,0
memory_intensive_and_allocation_heavy,tree_traversal,go,1,OK,0.006236206,0.397013,0.384452034,63.662586,2.0142,package-0,/sys/class/powercap/intel-rapl:0/energy_uj,0
memory_intensive_and_allocation_heavy,tree_traversal,go,2,OK,0.008012904,0.51186,0.495720409,63.879462,2.0142,package-0,/sys/class/powercap/intel-rapl:0/energy_uj,0
memory_intensive_and_allocation_heavy,tree_traversal,go,3,OK,0.006544289,0.515308,0.502126493,78.741633,2.0142,package-0,/sys/class/powercap/intel-rapl:0/energy_uj,0
memory_intensive_and_allocation_heavy,tree_traversal,go,4,OK,0.006863742,0.466864,0.453039051,68.018874,2.0142,package-0,/sys/class/powercap/intel-rapl:0/energy_uj,0
memory_intensive_and_allocation_heavy,tree_traversal,go,5,OK,0.005836892,0.26076,0.249003332,44.67446,2.0142,package-0,/sys/class/powercap/intel-rapl:0/energy_uj,0
memory_intensive_and_allocation_heavy,tree_traversal,go,6,OK,0.006355412,0.445366,0.432564929,70.076653,2.0142,package-0,/sys/class/powercap/intel-rapl:0/energy_uj,0
memory_intensive_and_allocation_heavy,tree_traversal,go,7,OK,0.007149543,0.487599,0.47319839,68.200023,2.0142,package-0,/sys/class/powercap/intel-rapl:0/energy_uj,0
memory_intensive_and_allocation_heavy,tree_traversal,go,8,OK,0.006336355,0.493031,0.480268314,77.809876,2.0142,package-0,/sys/class/powercap/intel-rapl:0/energy_uj,0
memory_intensive_and_allocation_heavy,tree_traversal,go,9,OK,0.006137159,0.243854,0.231492534,39.73402,2.0142,package-0,/sys/class/powercap/intel-rapl:0/energy_uj,0
memory_intensive_and_allocation_heavy,tree_traversal,go,10,OK,0.006534591,0.497808,0.484646027,76.180437,2.0142,package-0,/sys/class/powercap/intel-rapl:0/energy_uj,0
memory_intensive_and_allocation_heavy,word_frequency_counter,rust,1,OK,0.007252538,0.313674,0.299065938,43.250239,2.0142,package-0,/sys/class/powercap/intel-rapl:0/energy_uj,0
memory_intensive_and_allocation_heavy,word_frequency_counter,rust,2,OK,0.007412219,0.491476,0.476546308,66.30619,2.0142,package-0,/sys/class/powercap/intel-rapl:0/energy_uj,0
memory_intensive_and_allocation_heavy,word_frequency_counter,rust,3,OK,0.005512268,0.221836,0.21073319,40.244052,2.0142,package-0,/sys/class/powercap/intel-rapl:0/energy_uj,0
memory_intensive_and_allocation_heavy,word_frequency_counter,rust,4,OK,0.008022282,0.350934,0.33477552,43.744909,2.0142,package-0,/sys/class/powercap/intel-rapl:0/energy_uj,0
memory_intensive_and_allocation_heavy,word_frequency_counter,rust,5,OK,0.00544982,0.448021,0.437043973,82.208403,2.0142,package-0,/sys/class/powercap/intel-rapl:0/energy_uj,0
memory_intensive_and_allocation_heavy,word_frequency_counter,rust,6,OK,0.007310808,0.515049,0.500323571,70.450352,2.0142,package-0,/sys/class/powercap/intel-rapl:0/energy_uj,0
memory_intensive_and_allocation_heavy,word_frequency_counter,rust,7,OK,0.00971429,0.525363,0.505796477,54.081461,2.0142,package-0,/sys/class/powercap/intel-rapl:0/energy_uj,0
memory_intensive_and_allocation_heavy,word_frequency_counter,rust,8,OK,0.0067888,0.391673,0.377998999,57.693996,2.0142,package-0,/sys/class/powercap/intel-rapl:0/energy_uj,0
memory_intensive_and_allocation_heavy,word_frequency_counter,rust,9,OK,0.005990793,0.439278,0.427211345,73.325518,2.0142,package-0,/sys/class/powercap/intel-rapl:0/energy_uj,0
memory_intensive_and_allocation_heavy,word_frequency_counter,rust,10,OK,0.008093446,0.565782,0.549480181,69.906193,2.0142,package-0,/sys/class/powercap/intel-rapl:0/energy_uj,0
memory_intensive_and_allocation_heavy,word_frequency_counter,cpp,1,OK,0.007888479,0.38763,0.371741026,49.13875,2.0142,package-0,/sys/class/powercap/intel-rapl:0/energy_uj,0
memory_intensive_and_allocation_heavy,word_frequency_counter,cpp,2,OK,0.006842923,0.411203,0.397419984,60.091718,2.0142,package-0,/sys/class/powercap/intel-rapl:0/energy_uj,0
memory_intensive_and_allocation_heavy,word_frequency_counter,cpp,3,OK,0.006062528,0.428216,0.416004856,70.633241,2.0142,package-0,/sys/class/powercap/intel-rapl:0/energy_uj,0
memory_intensive_and_allocation_heavy,word_frequency_counter,cpp,4,OK,0.006347436,0.422815,0.410029994,66.611936,2.0142,package-0,/sys/class/powercap/intel-rapl:0/energy_uj,0
memory_intensive_and_allocation_heavy,word_frequency_counter,cpp,5,OK,0.005734678,0.208241,0.196690212,36.312588,2.0142,package-0,/sys/class/powercap/intel-rapl:0/energy_uj,0
memory_intensive_and_allocation_heavy,word_frequency_counter,cpp,6,OK,0.006206761,0.420526,0.408024342,67.752891,2.0142,package-0,/sys/class/powercap/intel-rapl:0/energy_uj,0
memory_intensive_and_allocation_heavy,word_frequency_counter,cpp,7,OK,0.006758263,0.43943,0.425817507,65.021145,2.0142,package-0,/sys/class/powercap/intel-rapl:0/energy_uj,0
memory_intensive_and_allocation_heavy,word_frequency_counter,cpp,8,OK,0.006705523,0.468344,0.454837736,69.844515,2.0142,package-0,/sys/class/powercap/intel-rapl:0/energy_uj,0
memory_intensive_and_allocation_heavy,word_frequency_counter,cpp,9,OK,0.005986835,0.189672,0.177613317,31.681515,2.0142,package-0,/sys/class/powercap/intel-rapl:0/energy_uj,0
memory_intensive_and_allocation_heavy,word_frequency_counter,cpp,10,OK,0.005812726,0.19486,0.183152007,33.522998,2.0142,package-0,/sys/class/powercap/intel-rapl:0/energy_uj,0
memory_intensive_and_allocation_heavy,word_frequency_counter,c,1,OK,0.008295418,0.416924,0.400215369,50.259553,2.0142,package-0,/sys/class/powercap/intel-rapl:0/energy_uj,0
memory_intensive_and_allocation_heavy,word_frequency_counter,c,2,OK,0.005120508,0.438469,0.428155273,85.62998,2.0142,package-0,/sys/class/powercap/intel-rapl:0/energy_uj,0
memory_intensive_and_allocation_heavy,word_frequency_counter,c,3,OK,0.006972488,0.456763,0.442719015,65.509328,2.0142,package-0,/sys/class/powercap/intel-rapl:0/energy_uj,0
memory_intensive_and_allocation_heavy,word_frequency_counter,c,4,OK,0.005981976,0.213917,0.201868104,35.760257,2.0142,package-0,/sys/class/powercap/intel-rapl:0/energy_uj,0
memory_intensive_and_allocation_heavy,word_frequency_counter,c,5,OK,0.005350512,0.422402,0.411624999,78.94609,2.0142,package-0,/sys/class/powercap/intel-rapl:0/energy_uj,0
memory_intensive_and_allocation_heavy,word_frequency_counter,c,6,OK,0.007686848,0.472601,0.457118151,61.481767,2.0142,package-0,/sys/class/powercap/intel-rapl:0/energy_uj,0
memory_intensive_and_allocation_heavy,word_frequency_counter,c,7,OK,0.0066352,0.443092,0.42972738,66.778997,2.0142,package-0,/sys/class/powercap/intel-rapl:0/energy_uj,0
memory_intensive_and_allocation_heavy,word_frequency_counter,c,8,OK,0.007587711,0.301391,0.286107833,39.720938,2.0142,package-0,/sys/class/powercap/intel-rapl:0/energy_uj,0
memory_intensive_and_allocation_heavy,word_frequency_counter,c,9,OK,0.007394546,0.472479,0.457584905,63.895606,2.0142,package-0,/sys/class/powercap/intel-rapl:0/energy_uj,0
memory_intensive_and_allocation_heavy,word_frequency_counter,c,10,OK,0.004964633,0.398768,0.388768236,80.321748,2.0142,package-0,/sys/class/powercap/intel-rapl:0/energy_uj,0
memory_intensive_and_allocation_heavy,word_frequency_counter,go,1,OK,0.00995287,0.504688,0.484640929,50.707786,2.0142,package-0,/sys/class/powercap/intel-rapl:0/energy_uj,0
memory_intensive_and_allocation_heavy,word_frequency_counter,go,2,OK,0.008255573,0.448539,0.431910625,54.331662,2.0142,package-0,/sys/class/powercap/intel-rapl:0/energy_uj,0
memory_intensive_and_allocation_heavy,word_frequency_counter,go,3,OK,0.008906794,0.504445,0.486504936,56.635979,2.0142,package-0,/sys/class/powercap/intel-rapl:0/energy_uj,0
memory_intensive_and_allocation_heavy,word_frequency_counter,go,4,OK,0.007731693,0.225833,0.210259824,29.208739,2.0142,package-0,/sys/class/powercap/intel-rapl:0/energy_uj,0
memory_intensive_and_allocation_heavy,word_frequency_counter,go,5,OK,0.007184238,0.571015,0.556544508,79.481637,2.0142,package-0,/sys/class/powercap/intel-rapl:0/energy_uj,0
memory_intensive_and_allocation_heavy,word_frequency_counter,go,6,OK,0.007769855,0.430474,0.414823958,55.403093,2.0142,package-0,/sys/class/powercap/intel-rapl:0/energy_uj,0
memory_intensive_and_allocation_heavy,word_frequency_counter,go,7,OK,0.008371562,0.484549,0.467687,57.880357,2.0142,package-0,/sys/class/powercap/intel-rapl:0/energy_uj,0
memory_intensive_and_allocation_heavy,word_frequency_counter,go,8,OK,0.009277985,0.558489,0.539801283,60.195075,2.0142,package-0,/sys/class/powercap/intel-rapl:0/energy_uj,0
memory_intensive_and_allocation_heavy,word_frequency_counter,go,9,OK,0.007623158,0.424386,0.409031435,55.670629,2.0142,package-0,/sys/class/powercap/intel-rapl:0/energy_uj,0
memory_intensive_and_allocation_heavy,word_frequency_counter,go,10,OK,0.008665238,0.494817,0.477363478,57.103683,2.0142,package-0,/sys/class/powercap/intel-rapl:0/energy_uj,0
memory_intensive_and_allocation_heavy,priority_queue,rust,1,OK,0.005930439,0.529834,0.51788891,89.341447,2.0142,package-0,/sys/class/powercap/intel-rapl:0/energy_uj,0
memory_intensive_and_allocation_heavy,priority_queue,rust,2,OK,0.005699832,0.209584,0.198103398,36.770207,2.0142,package-0,/sys/class/powercap/intel-rapl:0/energy_uj,0
memory_intensive_and_allocation_heavy,priority_queue,rust,3,OK,0.005390558,0.403391,0.392533338,74.832884,2.0142,package-0,/sys/class/powercap/intel-rapl:0/energy_uj,0
memory_intensive_and_allocation_heavy,priority_queue,rust,4,OK,0.005431796,0.362576,0.351635276,66.750666,2.0142,package-0,/sys/class/powercap/intel-rapl:0/energy_uj,0
memory_intensive_and_allocation_heavy,priority_queue,rust,5,OK,0.006023394,0.4394,0.42726768,72.948906,2.0142,package-0,/sys/class/powercap/intel-rapl:0/energy_uj,0
memory_intensive_and_allocation_heavy,priority_queue,rust,6,OK,0.005787127,0.390803,0.379146569,67.529709,2.0142,package-0,/sys/class/powercap/intel-rapl:0/energy_uj,0
memory_intensive_and_allocation_heavy,priority_queue,rust,7,OK,0.005191091,0.188223,0.177767105,36.258852,2.0142,package-0,/sys/class/powercap/intel-rapl:0/energy_uj,0
memory_intensive_and_allocation_heavy,priority_queue,rust,8,OK,0.007707808,0.48409,0.468564933,62.805145,2.0142,package-0,/sys/class/powercap/intel-rapl:0/energy_uj,0
memory_intensive_and_allocation_heavy,priority_queue,rust,9,OK,0.005647734,0.433785,0.422409334,76.806911,2.0142,package-0,/sys/class/powercap/intel-rapl:0/energy_uj,0
memory_intensive_and_allocation_heavy,priority_queue,rust,10,OK,0.006035567,0.411295,0.399138161,68.145213,2.0142,package-0,/sys/class/powercap/intel-rapl:0/energy_uj,0
memory_intensive_and_allocation_heavy,priority_queue,cpp,1,OK,0.008280801,0.462928,0.446248811,55.903771,2.0142,package-0,/sys/class/powercap/intel-rapl:0/energy_uj,0
memory_intensive_and_allocation_heavy,priority_queue,cpp,2,OK,0.006490346,0.410395,0.397322145,63.231606,2.0142,package-0,/sys/class/powercap/intel-rapl:0/energy_uj,0
memory_intensive_and_allocation_heavy,priority_queue,cpp,3,OK,0.006459979,0.582855,0.56984331,90.225526,2.0142,package-0,/sys/class/powercap/intel-rapl:0/energy_uj,0
memory_intensive_and_allocation_heavy,priority_queue,cpp,4,OK,0.006480659,0.439308,0.426254657,67.787551,2.0142,package-0,/sys/class/powercap/intel-rapl:0/energy_uj,0
memory_intensive_and_allocation_heavy,priority_queue,cpp,5,OK,0.006987947,0.396158,0.382082877,56.691615,2.0142,package-0,/sys/class/powercap/intel-rapl:0/energy_uj,0
memory_intensive_and_allocation_heavy,priority_queue,cpp,6,OK,0.006466972,0.420098,0.407072225,64.960541,2.0142,package-0,/sys/class/powercap/intel-rapl:0/energy_uj,0
memory_intensive_and_allocation_heavy,priority_queue,cpp,7,OK,0.006641142,0.386592,0.373215412,58.211675,2.0142,package-0,/sys/class/powercap/intel-rapl:0/energy_uj,0
memory_intensive_and_allocation_heavy,priority_queue,cpp,8,OK,0.005670587,0.182134,0.170712304,32.119073,2.0142,package-0,/sys/class/powercap/intel-rapl:0/energy_uj,0
memory_intensive_and_allocation_heavy,priority_queue,cpp,9,OK,0.006457865,0.401453,0.388445568,62.164972,2.0142,package-0,/sys/class/powercap/intel-rapl:0/energy_uj,0
memory_intensive_and_allocation_heavy,priority_queue,cpp,10,OK,0.006388564,0.390818,0.377950154,61.174624,2.0142,package-0,/sys/class/powercap/intel-rapl:0/energy_uj,0
memory_intensive_and_allocation_heavy,priority_queue,c,1,OK,0.005770677,0.572495,0.560871702,99.207597,2.0142,package-0,/sys/class/powercap/intel-rapl:0/energy_uj,0
memory_intensive_and_allocation_heavy,priority_queue,c,2,OK,0.004960536,0.403086,0.393094488,81.258558,2.0142,package-0,/sys/class/powercap/intel-rapl:0/energy_uj,0
memory_intensive_and_allocation_heavy,priority_queue,c,3,OK,0.005442907,0.390178,0.379214897,71.68559,2.0142,package-0,/sys/class/powercap/intel-rapl:0/energy_uj,0
memory_intensive_and_allocation_heavy,priority_queue,c,4,OK,0.005947971,0.471274,0.459293597,79.232733,2.0142,package-0,/sys/class/powercap/intel-rapl:0/energy_uj,0
memory_intensive_and_allocation_heavy,priority_queue,c,5,OK,0.004921812,0.174063,0.164149486,35.365634,2.0142,package-0,/sys/class/powercap/intel-rapl:0/energy_uj,0
memory_intensive_and_allocation_heavy,priority_queue,c,6,OK,0.004902786,0.17533,0.165454808,35.7613,2.0142,package-0,/sys/class/powercap/intel-rapl:0/energy_uj,0
memory_intensive_and_allocation_heavy,priority_queue,c,7,OK,0.005355241,0.225421,0.214634474,42.09353,2.0142,package-0,/sys/class/powercap/intel-rapl:0/energy_uj,0
memory_intensive_and_allocation_heavy,priority_queue,c,8,OK,0.00493628,0.375591,0.365648345,76.087864,2.0142,package-0,/sys/class/powercap/intel-rapl:0/energy_uj,0
memory_intensive_and_allocation_heavy,priority_queue,c,9,OK,0.005882067,0.496358,0.484510341,84.384962,2.0142,package-0,/sys/class/powercap/intel-rapl:0/energy_uj,0
memory_intensive_and_allocation_heavy,priority_queue,c,10,OK,0.006250644,0.445503,0.432912953,71.273136,2.0142,package-0,/sys/class/powercap/intel-rapl:0/energy_uj,0
memory_intensive_and_allocation_heavy,priority_queue,go,1,OK,0.007908497,0.380687,0.364757705,48.136454,2.0142,package-0,/sys/class/powercap/intel-rapl:0/energy_uj,0
memory_intensive_and_allocation_heavy,priority_queue,go,2,OK,0.005937793,0.237521,0.225561097,40.001563,2.0142,package-0,/sys/class/powercap/intel-rapl:0/energy_uj,0
memory_intensive_and_allocation_heavy,priority_queue,go,3,OK,0.005933173,0.337736,0.325785403,56.923336,2.0142,package-0,/sys/class/powercap/intel-rapl:0/energy_uj,0
memory_intensive_and_allocation_heavy,priority_queue,go,4,OK,0.005861658,0.445808,0.434001448,76.054932,2.0142,package-0,/sys/class/powercap/intel-rapl:0/energy_uj,0
memory_intensive_and_allocation_heavy,priority_queue,go,5,OK,0.005985813,0.187475,0.175418375,31.319889,2.0142,package-0,/sys/class/powercap/intel-rapl:0/energy_uj,0
memory_intensive_and_allocation_heavy,priority_queue,go,6,OK,0.005181012,0.456306,0.445870406,88.072755,2.0142,package-0,/sys/class/powercap/intel-rapl:0/energy_uj,0
memory_intensive_and_allocation_heavy,priority_queue,go,7,OK,0.006448848,0.417916,0.40492673,64.804753,2.0142,package-0,/sys/class/powercap/intel-rapl:0/energy_uj,0
memory_intensive_and_allocation_heavy,priority_queue,go,8,OK,0.006680266,0.224536,0.211080608,33.611835,2.0142,package-0,/sys/class/powercap/intel-rapl:0/energy_uj,0
memory_intensive_and_allocation_heavy,priority_queue,go,9,OK,0.005619111,0.33151,0.320191987,58.996877,2.0142,package-0,/sys/class/powercap/intel-rapl:0/energy_uj,0
memory_intensive_and_allocation_heavy,priority_queue,go,10,OK,0.005346265,0.314651,0.303882553,58.854359,2.0142,package-0,/sys/class/powercap/intel-rapl:0/energy_uj,0
memory_intensive_and_allocation_heavy,crc_32,rust,1,OK,0.013161806,0.67596,0.64944949,51.357694,2.0142,package-0,/sys/class/powercap/intel-rapl:0/energy_uj,0
memory_intensive_and_allocation_heavy,crc_32,rust,2,OK,0.006544489,0.449302,0.43612009,68.653488,2.0142,package-0,/sys/class/powercap/intel-rapl:0/energy_uj,0
memory_intensive_and_allocation_heavy,crc_32,rust,3,OK,0.005961898,0.35687,0.344861545,59.858454,2.0142,package-0,/sys/class/powercap/intel-rapl:0/energy_uj,0
memory_intensive_and_allocation_heavy,crc_32,rust,4,OK,0.005370561,0.204335,0.193517616,38.047236,2.0142,package-0,/sys/class/powercap/intel-rapl:0/energy_uj,0
memory_intensive_and_allocation_heavy,crc_32,rust,5,OK,0.005801375,0.367001,0.35531587,63.261037,2.0142,package-0,/sys/class/powercap/intel-rapl:0/energy_uj,0
memory_intensive_and_allocation_heavy,crc_32,rust,6,OK,0.006100259,0.372189,0.359901858,61.012,2.0142,package-0,/sys/class/powercap/intel-rapl:0/energy_uj,0
memory_intensive_and_allocation_heavy,crc_32,rust,7,OK,0.005988869,0.48612,0.47405722,81.170585,2.0142,package-0,/sys/class/powercap/intel-rapl:0/energy_uj,0
memory_intensive_and_allocation_heavy,crc_32,rust,8,OK,0.006287784,0.54262,0.529955145,86.297494,2.0142,package-0,/sys/class/powercap/intel-rapl:0/energy_uj,0
memory_intensive_and_allocation_heavy,crc_32,rust,9,OK,0.004882507,0.19547,0.185635654,40.034761,2.0142,package-0,/sys/class/powercap/intel-rapl:0/energy_uj,0
memory_intensive_and_allocation_heavy,crc_32,rust,10,OK,0.005346285,0.206075,0.195306513,38.545457,2.0142,package-0,/sys/class/powercap/intel-rapl:0/energy_uj,0
memory_intensive_and_allocation_heavy,crc_32,cpp,1,OK,0.006940507,0.401606,0.387626431,57.864072,2.0142,package-0,/sys/class/powercap/intel-rapl:0/energy_uj,0
memory_intensive_and_allocation_heavy,crc_32,cpp,2,OK,0.00645507,0.445641,0.432639198,69.037361,2.0142,package-0,/sys/class/powercap/intel-rapl:0/energy_uj,0
memory_intensive_and_allocation_heavy,crc_32,cpp,3,OK,0.007196241,0.233172,0.218677331,32.401917,2.0142,package-0,/sys/class/powercap/intel-rapl:0/energy_uj,0
memory_intensive_and_allocation_heavy,crc_32,cpp,4,OK,0.00768271,0.498631,0.483156486,64.903009,2.0142,package-0,/sys/class/powercap/intel-rapl:0/energy_uj,0
memory_intensive_and_allocation_heavy,crc_32,cpp,5,OK,0.006355852,0.425393,0.412591043,66.929343,2.0142,package-0,/sys/class/powercap/intel-rapl:0/energy_uj,0
memory_intensive_and_allocation_heavy,crc_32,cpp,6,OK,0.005464848,0.203832,0.192824703,37.29875,2.0142,package-0,/sys/class/powercap/intel-rapl:0/energy_uj,0
memory_intensive_and_allocation_heavy,crc_32,cpp,7,OK,0.007059823,0.308639,0.294419105,43.717668,2.0142,package-0,/sys/class/powercap/intel-rapl:0/energy_uj,0
memory_intensive_and_allocation_heavy,crc_32,cpp,8,OK,0.006349951,0.440559,0.427768929,69.379905,2.0142,package-0,/sys/class/powercap/intel-rapl:0/energy_uj,0
memory_intensive_and_allocation_heavy,crc_32,cpp,9,OK,0.006131338,0.45356,0.441210259,73.974066,2.0142,package-0,/sys/class/powercap/intel-rapl:0/energy_uj,0
memory_intensive_and_allocation_heavy,crc_32,cpp,10,OK,0.005516917,0.446418,0.435305826,80.91802,2.0142,package-0,/sys/class/powercap/intel-rapl:0/energy_uj,0
memory_intensive_and_allocation_heavy,crc_32,c,1,OK,0.005836912,0.488088,0.476331292,83.620928,2.0142,package-0,/sys/class/powercap/intel-rapl:0/energy_uj,0
memory_intensive_and_allocation_heavy,crc_32,c,2,OK,0.005321167,0.445686,0.434968105,83.757191,2.0142,package-0,/sys/class/powercap/intel-rapl:0/energy_uj,0
memory_intensive_and_allocation_heavy,crc_32,c,3,OK,0.005562483,0.413339,0.402135047,74.308362,2.0142,package-0,/sys/class/powercap/intel-rapl:0/energy_uj,0
memory_intensive_and_allocation_heavy,crc_32,c,4,OK,0.005294767,0.391215,0.38055028,73.887104,2.0142,package-0,/sys/class/powercap/intel-rapl:0/energy_uj,0
memory_intensive_and_allocation_heavy,crc_32,c,5,OK,0.005794943,0.397898,0.386225826,68.66297,2.0142,package-0,/sys/class/powercap/intel-rapl:0/energy_uj,0
memory_intensive_and_allocation_heavy,crc_32,c,6,OK,0.005708689,0.461936,0.450437559,80.918053,2.0142,package-0,/sys/class/powercap/intel-rapl:0/energy_uj,0
memory_intensive_and_allocation_heavy,crc_32,c,7,OK,0.006174781,0.468451,0.456013756,75.865201,2.0142,package-0,/sys/class/powercap/intel-rapl:0/energy_uj,0
memory_intensive_and_allocation_heavy,crc_32,c,8,OK,0.00533866,0.358883,0.348129871,67.223423,2.0142,package-0,/sys/class/powercap/intel-rapl:0/energy_uj,0
memory_intensive_and_allocation_heavy,crc_32,c,9,OK,0.005594785,0.408747,0.397477984,73.058572,2.0142,package-0,/sys/class/powercap/intel-rapl:0/energy_uj,0
memory_intensive_and_allocation_heavy,crc_32,c,10,OK,0.006262436,0.182119,0.169505201,29.081175,2.0142,package-0,/sys/class/powercap/intel-rapl:0/energy_uj,0
memory_intensive_and_allocation_heavy,crc_32,go,1,OK,0.006766068,0.641889,0.628260786,94.868837,2.0142,package-0,/sys/class/powercap/intel-rapl:0/energy_uj,0
memory_intensive_and_allocation_heavy,crc_32,go,2,OK,0.007174119,0.443062,0.42861189,61.758385,2.0142,package-0,/sys/class/powercap/intel-rapl:0/energy_uj,0
memory_intensive_and_allocation_heavy,crc_32,go,3,OK,0.006839787,0.516285,0.502508301,75.482614,2.0142,package-0,/sys/class/powercap/intel-rapl:0/energy_uj,0
memory_intensive_and_allocation_heavy,crc_32,go,4,OK,0.007093066,0.48496,0.470673146,68.370998,2.0142,package-0,/sys/class/powercap/intel-rapl:0/energy_uj,0
memory_intensive_and_allocation_heavy,crc_32,go,5,OK,0.006359249,0.46633,0.453521201,73.330986,2.0142,package-0,/sys/class/powercap/intel-rapl:0/energy_uj,0
memory_intensive_and_allocation_heavy,crc_32,go,6,OK,0.006475468,0.469398,0.456355112,72.48866,2.0142,package-0,/sys/class/powercap/intel-rapl:0/energy_uj,0
memory_intensive_and_allocation_heavy,crc_32,go,7,OK,0.007911051,0.52335,0.507415561,66.154295,2.0142,package-0,/sys/class/powercap/intel-rapl:0/energy_uj,0
memory_intensive_and_allocation_heavy,crc_32,go,8,OK,0.006218493,0.467185,0.454659711,75.128331,2.0142,package-0,/sys/class/powercap/intel-rapl:0/energy_uj,0
memory_intensive_and_allocation_heavy,crc_32,go,9,OK,0.006946499,0.450492,0.436500362,64.851661,2.0142,package-0,/sys/class/powercap/intel-rapl:0/energy_uj,0
memory_intensive_and_allocation_heavy,crc_32,go,10,OK,0.005731422,0.401911,0.39036677,70.124133,2.0142,package-0,/sys/class/powercap/intel-rapl:0/energy_uj,0
memory_intensive_and_allocation_heavy,huffman_coding,rust,1,OK,0.005204677,0.362636,0.35215274,69.675025,2.0142,package-0,/sys/class/powercap/intel-rapl:0/energy_uj,0
memory_intensive_and_allocation_heavy,huffman_coding,rust,2,OK,0.006861708,0.417459,0.403638148,60.838934,2.0142,package-0,/sys/class/powercap/intel-rapl:0/energy_uj,0
memory_intensive_and_allocation_heavy,huffman_coding,rust,3,OK,0.006645299,0.447044,0.433659039,67.272218,2.0142,package-0,/sys/class/powercap/intel-rapl:0/energy_uj,0
memory_intensive_and_allocation_heavy,huffman_coding,rust,4,OK,0.00611688,0.436349,0.42402838,71.335223,2.0142,package-0,/sys/class/powercap/intel-rapl:0/energy_uj,0
memory_intensive_and_allocation_heavy,huffman_coding,rust,5,OK,0.006379497,0.249423,0.236573417,39.097597,2.0142,package-0,/sys/class/powercap/intel-rapl:0/energy_uj,0
memory_intensive_and_allocation_heavy,huffman_coding,rust,6,OK,0.005438629,0.477941,0.466986513,87.878949,2.0142,package-0,/sys/class/powercap/intel-rapl:0/energy_uj,0
memory_intensive_and_allocation_heavy,huffman_coding,rust,7,OK,0.005176734,0.505375,0.494948022,97.624294,2.0142,package-0,/sys/class/powercap/intel-rapl:0/energy_uj,0
memory_intensive_and_allocation_heavy,huffman_coding,rust,8,OK,0.006665026,0.40658,0.393155305,61.002013,2.0142,package-0,/sys/class/powercap/intel-rapl:0/energy_uj,0
memory_intensive_and_allocation_heavy,huffman_coding,rust,9,OK,0.006342657,0.371639,0.35886362,58.593583,2.0142,package-0,/sys/class/powercap/intel-rapl:0/energy_uj,0
memory_intensive_and_allocation_heavy,huffman_coding,rust,10,OK,0.007136417,0.487097,0.472722829,68.25512,2.0142,package-0,/sys/class/powercap/intel-rapl:0/energy_uj,0
memory_intensive_and_allocation_heavy,huffman_coding,cpp,1,OK,0.007605434,0.385219,0.369900135,50.650495,2.0142,package-0,/sys/class/powercap/intel-rapl:0/energy_uj,0
memory_intensive_and_allocation_heavy,huffman_coding,cpp,2,OK,0.006658715,0.532962,0.519550016,80.039767,2.0142,package-0,/sys/class/powercap/intel-rapl:0/energy_uj,0
memory_intensive_and_allocation_heavy,huffman_coding,cpp,3,OK,0.006905802,0.435616,0.421706334,63.079712,2.0142,package-0,/sys/class/powercap/intel-rapl:0/energy_uj,0
memory_intensive_and_allocation_heavy,huffman_coding,cpp,4,OK,0.005394947,0.193532,0.182665498,35.872827,2.0142,package-0,/sys/class/powercap/intel-rapl:0/energy_uj,0
memory_intensive_and_allocation_heavy,huffman_coding,cpp,5,OK,0.006709571,0.297149,0.283634582,44.287332,2.0142,package-0,/sys/class/powercap/intel-rapl:0/energy_uj,0
memory_intensive_and_allocation_heavy,huffman_coding,cpp,6,OK,0.005908447,0.417489,0.405588206,70.659684,2.0142,package-0,/sys/class/powercap/intel-rapl:0/energy_uj,0
memory_intensive_and_allocation_heavy,huffman_coding,cpp,7,OK,0.008418632,0.49677,0.479813191,59.008399,2.0142,package-0,/sys/class/powercap/intel-rapl:0/energy_uj,0
memory_intensive_and_allocation_heavy,huffman_coding,cpp,8,OK,0.006660328,0.430001,0.416585767,64.561535,2.0142,package-0,/sys/class/powercap/intel-rapl:0/energy_uj,0
memory_intensive_and_allocation_heavy,huffman_coding,cpp,9,OK,0.006805422,0.44976,0.436052519,66.088481,2.0142,package-0,/sys/class/powercap/intel-rapl:0/energy_uj,0
memory_intensive_and_allocation_heavy,huffman_coding,cpp,10,OK,0.00613754,0.454276,0.441913767,74.015974,2.0142,package-0,/sys/class/powercap/intel-rapl:0/energy_uj,0
memory_intensive_and_allocation_heavy,huffman_coding,c,1,OK,0.006570318,0.43023,0.416996065,65.480849,2.0142,package-0,/sys/class/powercap/intel-rapl:0/energy_uj,0
memory_intensive_and_allocation_heavy,huffman_coding,c,2,OK,0.006071586,0.483542,0.471312611,79.640147,2.0142,package-0,/sys/class/powercap/intel-rapl:0/energy_uj,0
memory_intensive_and_allocation_heavy,huffman_coding,c,3,OK,0.005410225,0.362362,0.351464725,66.977251,2.0142,package-0,/sys/class/powercap/intel-rapl:0/energy_uj,0
memory_intensive_and_allocation_heavy,huffman_coding,c,4,OK,0.005721424,0.411539,0.400014908,71.929471,2.0142,package-0,/sys/class/powercap/intel-rapl:0/energy_uj,0
memory_intensive_and_allocation_heavy,huffman_coding,c,5,OK,0.005369848,0.252565,0.241749052,47.03392,2.0142,package-0,/sys/class/powercap/intel-rapl:0/energy_uj,0
memory_intensive_and_allocation_heavy,huffman_coding,c,6,OK,0.005761058,0.230854,0.219250077,40.071459,2.0142,package-0,/sys/class/powercap/intel-rapl:0/energy_uj,0
memory_intensive_and_allocation_heavy,huffman_coding,c,7,OK,0.004329193,0.355618,0.346898139,82.144178,2.0142,package-0,/sys/class/powercap/intel-rapl:0/energy_uj,0
memory_intensive_and_allocation_heavy,huffman_coding,c,8,OK,0.004896835,0.420892,0.411028795,85.951844,2.0142,package-0,/sys/class/powercap/intel-rapl:0/energy_uj,0
memory_intensive_and_allocation_heavy,huffman_coding,c,9,OK,0.006130958,0.222691,0.210342024,36.322382,2.0142,package-0,/sys/class/powercap/intel-rapl:0/energy_uj,0
memory_intensive_and_allocation_heavy,huffman_coding,c,10,OK,0.005945146,0.448188,0.436213287,75.387215,2.0142,package-0,/sys/class/powercap/intel-rapl:0/energy_uj,0
memory_intensive_and_allocation_heavy,huffman_coding,go,1,OK,0.007375119,0.323256,0.308401035,43.830615,2.0142,package-0,/sys/class/powercap/intel-rapl:0/energy_uj,0
memory_intensive_and_allocation_heavy,huffman_coding,go,2,OK,0.006233411,0.439903,0.427347664,70.571794,2.0142,package-0,/sys/class/powercap/intel-rapl:0/energy_uj,0
memory_intensive_and_allocation_heavy,huffman_coding,go,3,OK,0.007110038,0.504032,0.489710961,70.890198,2.0142,package-0,/sys/class/powercap/intel-rapl:0/energy_uj,0
memory_intensive_and_allocation_heavy,huffman_coding,go,4,OK,0.00551841,0.402933,0.391817819,73.016141,2.0142,package-0,/sys/class/powercap/intel-rapl:0/energy_uj,0
memory_intensive_and_allocation_heavy,huffman_coding,go,5,OK,0.006880635,0.44477,0.430911025,64.640836,2.0142,package-0,/sys/class/powercap/intel-rapl:0/energy_uj,0
memory_intensive_and_allocation_heavy,huffman_coding,go,6,OK,0.006218603,0.45655,0.44402449,73.416811,2.0142,package-0,/sys/class/powercap/intel-rapl:0/energy_uj,0
memory_intensive_and_allocation_heavy,huffman_coding,go,7,OK,0.005859074,0.388636,0.376834653,66.330618,2.0142,package-0,/sys/class/powercap/intel-rapl:0/energy_uj,0
memory_intensive_and_allocation_heavy,huffman_coding,go,8,OK,0.00689948,0.360394,0.346497067,52.234951,2.0142,package-0,/sys/class/powercap/intel-rapl:0/energy_uj,0
memory_intensive_and_allocation_heavy,huffman_coding,go,9,OK,0.006673583,0.482,0.468558069,72.22507,2.0142,package-0,/sys/class/powercap/intel-rapl:0/energy_uj,0
memory_intensive_and_allocation_heavy,huffman_coding,go,10,OK,0.006926531,0.451789,0.437837581,65.225868,2.0142,package-0,/sys/class/powercap/intel-rapl:0/energy_uj,0
integer_and_control_flow_intensive,sudoku_solver,rust,1,OK,0.006355652,0.478902,0.466100446,75.35057,2.0142,package-0,/sys/class/powercap/intel-rapl:0/energy_uj,0
integer_and_control_flow_intensive,sudoku_solver,rust,2,OK,0.00715371,0.500722,0.486312997,69.99473,2.0142,package-0,/sys/class/powercap/intel-rapl:0/energy_uj,0
integer_and_control_flow_intensive,sudoku_solver,rust,3,OK,0.006097794,0.378032,0.365749823,61.994879,2.0142,package-0,/sys/class/powercap/intel-rapl:0/energy_uj,0
integer_and_control_flow_intensive,sudoku_solver,rust,4,OK,0.006653495,0.517444,0.50404253,77.770255,2.0142,package-0,/sys/class/powercap/intel-rapl:0/energy_uj,0
integer_and_control_flow_intensive,sudoku_solver,rust,5,OK,0.005827654,0.576234,0.564495939,98.87924,2.0142,package-0,/sys/class/powercap/intel-rapl:0/energy_uj,0
integer_and_control_flow_intensive,sudoku_solver,rust,6,OK,0.006181252,0.278504,0.266053722,45.056244,2.0142,package-0,/sys/class/powercap/intel-rapl:0/energy_uj,0
integer_and_control_flow_intensive,sudoku_solver,rust,7,OK,0.007092475,0.598098,0.583812337,84.328531,2.0142,package-0,/sys/class/powercap/intel-rapl:0/energy_uj,0
integer_and_control_flow_intensive,sudoku_solver,rust,8,OK,0.005767831,0.441734,0.430116435,76.585808,2.0142,package-0,/sys/class/powercap/intel-rapl:0/energy_uj,0
integer_and_control_flow_intensive,sudoku_solver,rust,9,OK,0.00619573,0.481283,0.468803561,77.679789,2.0142,package-0,/sys/class/powercap/intel-rapl:0/energy_uj,0
integer_and_control_flow_intensive,sudoku_solver,rust,10,OK,0.006757382,0.461524,0.447913281,68.299232,2.0142,package-0,/sys/class/powercap/intel-rapl:0/energy_uj,0
integer_and_control_flow_intensive,sudoku_solver,cpp,1,OK,0.006716204,0.47608,0.462552222,70.88528,2.0142,package-0,/sys/class/powercap/intel-rapl:0/energy_uj,0
integer_and_control_flow_intensive,sudoku_solver,cpp,2,OK,0.005436074,0.466406,0.45545666,85.798317,2.0142,package-0,/sys/class/powercap/intel-rapl:0/energy_uj,0
integer_and_control_flow_intensive,sudoku_solver,cpp,3,OK,0.006690866,0.599838,0.586361258,89.650278,2.0142,package-0,/sys/class/powercap/intel-rapl:0/energy_uj,0
integer_and_control_flow_intensive,sudoku_solver,cpp,4,OK,0.006837823,0.483053,0.469280257,70.644268,2.0142,package-0,/sys/class/powercap/intel-rapl:0/energy_uj,0
integer_and_control_flow_intensive,sudoku_solver,cpp,5,OK,0.006650499,0.264162,0.250766565,39.720628,2.0142,package-0,/sys/class/powercap/intel-rapl:0/energy_uj,0
integer_and_control_flow_intensive,sudoku_solver,cpp,6,OK,0.006648205,0.481939,0.468548185,72.491597,2.0142,package-0,/sys/class/powercap/intel-rapl:0/energy_uj,0
integer_and_control_flow_intensive,sudoku_solver,cpp,7,OK,0.006991474,0.445854,0.431771773,63.771102,2.0142,package-0,/sys/class/powercap/intel-rapl:0/energy_uj,0
integer_and_control_flow_intensive,sudoku_solver,cpp,8,OK,0.007262646,0.317565,0.302936578,43.725799,2.0142,package-0,/sys/class/powercap/intel-rapl:0/energy_uj,0
integer_and_control_flow_intensive,sudoku_solver,cpp,9,OK,0.005219915,0.468939,0.458425047,89.83652,2.0142,package-0,/sys/class/powercap/intel-rapl:0/energy_uj,0
integer_and_control_flow_intensive,sudoku_solver,cpp,10,OK,0.006387933,0.36311,0.350243425,56.843113,2.0142,package-0,/sys/class/powercap/intel-rapl:0/energy_uj,0
integer_and_control_flow_intensive,sudoku_solver,c,1,OK,0.006951539,0.462074,0.44807221,66.470748,2.0142,package-0,/sys/class/powercap/intel-rapl:0/energy_uj,0
integer_and_control_flow_intensive,sudoku_solver,c,2,OK,0.005471752,0.398325,0.387303797,72.796611,2.0142,package-0,/sys/class/powercap/intel-rapl:0/energy_uj,0
integer_and_control_flow_intensive,sudoku_solver,c,3,OK,0.006782068,0.489309,0.475648559,72.147463,2.0142,package-0,/sys/class/powercap/intel-rapl:0/energy_uj,0
integer_and_control_flow_intensive,sudoku_solver,c,4,OK,0.006647053,0.45774,0.444351506,68.8636,2.0142,package-0,/sys/class/powercap/intel-rapl:0/energy_uj,0
integer_and_control_flow_intensive,sudoku_solver,c,5,OK,0.005173448,0.363018,0.352597641,70.16945,2.0142,package-0,/sys/class/powercap/intel-rapl:0/energy_uj,0
integer_and_control_flow_intensive,sudoku_solver,c,6,OK,0.006823016,0.45391,0.440167081,66.526299,2.0142,package-0,/sys/class/powercap/intel-rapl:0/energy_uj,0
integer_and_control_flow_intensive,sudoku_solver,c,7,OK,0.007372354,0.502858,0.488008605,68.208607,2.0142,package-0,/sys/class/powercap/intel-rapl:0/energy_uj,0
integer_and_control_flow_intensive,sudoku_solver,c,8,OK,0.005071144,0.3421,0.331885702,67.460123,2.0142,package-0,/sys/class/powercap/intel-rapl:0/energy_uj,0
integer_and_control_flow_intensive,sudoku_solver,c,9,OK,0.006336215,0.431191,0.418428596,68.051826,2.0142,package-0,/sys/class/powercap/intel-rapl:0/energy_uj,0
integer_and_control_flow_intensive,sudoku_solver,c,10,OK,0.005766548,0.570893,0.559278019,99.000823,2.0142,package-0,/sys/class/powercap/intel-rapl:0/energy_uj,0
integer_and_control_flow_intensive,sudoku_solver,go,1,OK,0.005715472,0.327223,0.315710896,57.252139,2.0142,package-0,/sys/class/powercap/intel-rapl:0/energy_uj,0
integer_and_control_flow_intensive,sudoku_solver,go,2,OK,0.006774644,0.564348,0.550702512,83.302975,2.0142,package-0,/sys/class/powercap/intel-rapl:0/energy_uj,0
integer_and_control_flow_intensive,sudoku_solver,go,3,OK,0.006879392,0.415643,0.401786529,60.418566,2.0142,package-0,/sys/class/powercap/intel-rapl:0/energy_uj,0
integer_and_control_flow_intensive,sudoku_solver,go,4,OK,0.005637004,0.466498,0.455143947,82.756372,2.0142,package-0,/sys/class/powercap/intel-rapl:0/energy_uj,0
integer_and_control_flow_intensive,sudoku_solver,go,5,OK,0.006791196,0.465354,0.451675173,68.523129,2.0142,package-0,/sys/class/powercap/intel-rapl:0/energy_uj,0
integer_and_control_flow_intensive,sudoku_solver,go,6,OK,0.007504974,0.407098,0.391981481,54.243759,2.0142,package-0,/sys/class/powercap/intel-rapl:0/energy_uj,0
integer_and_control_flow_intensive,sudoku_solver,go,7,OK,0.006425464,0.516774,0.50383183,80.425943,2.0142,package-0,/sys/class/powercap/intel-rapl:0/energy_uj,0
integer_and_control_flow_intensive,sudoku_solver,go,8,OK,0.006505646,0.431771,0.418667328,66.368659,2.0142,package-0,/sys/class/powercap/intel-rapl:0/energy_uj,0
integer_and_control_flow_intensive,sudoku_solver,go,9,OK,0.00729641,0.213719,0.199022571,29.29098,2.0142,package-0,/sys/class/powercap/intel-rapl:0/energy_uj,0
integer_and_control_flow_intensive,sudoku_solver,go,10,OK,0.007651812,0.379619,0.36420672,49.611648,2.0142,package-0,/sys/class/powercap/intel-rapl:0/energy_uj,0
integer_and_control_flow_intensive,knights_tour,rust,1,OK,0.006789382,0.421868,0.408192827,62.136436,2.0142,package-0,/sys/class/powercap/intel-rapl:0/energy_uj,0
integer_and_control_flow_intensive,knights_tour,rust,2,OK,0.004798669,0.502583,0.492917521,104.733833,2.0142,package-0,/sys/class/powercap/intel-rapl:0/energy_uj,0
integer_and_control_flow_intensive,knights_tour,rust,3,OK,0.00724339,0.50208,0.487490364,69.315611,2.0142,package-0,/sys/class/powercap/intel-rapl:0/energy_uj,0
integer_and_control_flow_intensive,knights_tour,rust,4,OK,0.006249561,0.516117,0.503529134,82.584521,2.0142,package-0,/sys/class/powercap/intel-rapl:0/energy_uj,0
integer_and_control_flow_intensive,knights_tour,rust,5,OK,0.005439701,0.467551,0.456594354,85.951599,2.0142,package-0,/sys/class/powercap/intel-rapl:0/energy_uj,0
integer_and_control_flow_intensive,knights_tour,rust,6,OK,0.006633748,0.272477,0.259115305,41.074367,2.0142,package-0,/sys/class/powercap/intel-rapl:0/energy_uj,0
integer_and_control_flow_intensive,knights_tour,rust,7,OK,0.004942582,0.370617,0.360661651,74.984492,2.0142,package-0,/sys/class/powercap/intel-rapl:0/energy_uj,0
integer_and_control_flow_intensive,knights_tour,rust,8,OK,0.005898107,0.439064,0.427184033,74.441511,2.0142,package-0,/sys/class/powercap/intel-rapl:0/energy_uj,0
integer_and_control_flow_intensive,knights_tour,rust,9,OK,0.005648475,0.184897,0.173519842,32.733968,2.0142,package-0,/sys/class/powercap/intel-rapl:0/energy_uj,0
integer_and_control_flow_intensive,knights_tour,rust,10,OK,0.005204256,0.200505,0.190022588,38.527121,2.0142,package-0,/sys/class/powercap/intel-rapl:0/energy_uj,0
integer_and_control_flow_intensive,knights_tour,cpp,1,OK,0.006236076,0.48911,0.476549296,78.432335,2.0142,package-0,/sys/class/powercap/intel-rapl:0/energy_uj,0
integer_and_control_flow_intensive,knights_tour,cpp,2,OK,0.006355592,0.457893,0.445091567,72.045688,2.0142,package-0,/sys/class/powercap/intel-rapl:0/energy_uj,0
integer_and_control_flow_intensive,knights_tour,cpp,3,OK,0.007060915,0.504994,0.490771905,71.519626,2.0142,package-0,/sys/class/powercap/intel-rapl:0/energy_uj,0
integer_and_control_flow_intensive,knights_tour,cpp,4,OK,0.004567312,0.237201,0.22800152,51.934486,2.0142,package-0,/sys/class/powercap/intel-rapl:0/energy_uj,0
integer_and_control_flow_intensive,knights_tour,cpp,5,OK,0.005918465,0.429894,0.417973028,72.636064,2.0142,package-0,/sys/class/powercap/intel-rapl:0/energy_uj,0
integer_and_control_flow_intensive,knights_tour,cpp,6,OK,0.006059562,0.452766,0.44056083,74.719262,2.0142,package-0,/sys/class/powercap/intel-rapl:0/energy_uj,0
integer_and_control_flow_intensive,knights_tour,cpp,7,OK,0.006395367,0.491079,0.478197452,76.78668,2.0142,package-0,/sys/class/powercap/intel-rapl:0/energy_uj,0
integer_and_control_flow_intensive,knights_tour,cpp,8,OK,0.004562603,0.284898,0.275708005,62.441988,2.0142,package-0,/sys/class/powercap/intel-rapl:0/energy_uj,0
integer_and_control_flow_intensive,knights_tour,cpp,9,OK,0.0053122,0.542254,0.531554167,102.077106,2.0142,package-0,/sys/class/powercap/intel-rapl:0/energy_uj,0
integer_and_control_flow_intensive,knights_tour,cpp,10,OK,0.00745489,0.470892,0.455876361,63.16552,2.0142,package-0,/sys/class/powercap/intel-rapl:0/energy_uj,0
integer_and_control_flow_intensive,knights_tour,c,1,OK,0.005543647,0.471945,0.460778986,85.132585,2.0142,package-0,/sys/class/powercap/intel-rapl:0/energy_uj,0
integer_and_control_flow_intensive,knights_tour,c,2,OK,0.004782899,0.359906,0.350272285,75.248505,2.0142,package-0,/sys/class/powercap/intel-rapl:0/energy_uj,0
integer_and_control_flow_intensive,knights_tour,c,3,OK,0.005338129,0.294022,0.283269941,55.079598,2.0142,package-0,/sys/class/powercap/intel-rapl:0/energy_uj,0
integer_and_control_flow_intensive,knights_tour,c,4,OK,0.005005229,0.415185,0.405103468,82.950251,2.0142,package-0,/sys/class/powercap/intel-rapl:0/energy_uj,0
integer_and_control_flow_intensive,knights_tour,c,5,OK,0.005713589,0.213704,0.202195689,37.40276,2.0142,package-0,/sys/class/powercap/intel-rapl:0/energy_uj,0
integer_and_control_flow_intensive,knights_tour,c,6,OK,0.005891344,0.337171,0.325304655,57.231593,2.0142,package-0,/sys/class/powercap/intel-rapl:0/energy_uj,0
integer_and_control_flow_intensive,knights_tour,c,7,OK,0.00567723,0.422464,0.411028923,74.413755,2.0142,package-0,/sys/class/powercap/intel-rapl:0/energy_uj,0
integer_and_control_flow_intensive,knights_tour,c,8,OK,0.006076946,0.472647,0.460406815,77.777061,2.0142,package-0,/sys/class/powercap/intel-rapl:0/energy_uj,0
integer_and_control_flow_intensive,knights_tour,c,9,OK,0.007697648,0.503743,0.488238397,65.441158,2.0142,package-0,/sys/class/powercap/intel-rapl:0/energy_uj,0
integer_and_control_flow_intensive,knights_tour,c,10,OK,0.004751149,0.353589,0.344019236,74.421787,2.0142,package-0,/sys/class/powercap/intel-rapl:0/energy_uj,0
integer_and_control_flow_intensive,knights_tour,go,1,OK,0.005759184,0.321684,0.310083852,55.85583,2.0142,package-0,/sys/class/powercap/intel-rapl:0/energy_uj,0
integer_and_control_flow_intensive,knights_tour,go,2,OK,0.00648636,0.455253,0.442188174,70.186206,2.0142,package-0,/sys/class/powercap/intel-rapl:0/energy_uj,0
integer_and_control_flow_intensive,knights_tour,go,3,OK,0.005809139,0.443504,0.431803232,76.345909,2.0142,package-0,/sys/class/powercap/intel-rapl:0/energy_uj,0
integer_and_control_flow_intensive,knights_tour,go,4,OK,0.006370631,0.477148,0.464316275,74.898075,2.0142,package-0,/sys/class/powercap/intel-rapl:0/energy_uj,0
integer_and_control_flow_intensive,knights_tour,go,5,OK,0.006309755,0.512272,0.499562891,81.187304,2.0142,package-0,/sys/class/powercap/intel-rapl:0/energy_uj,0
integer_and_control_flow_intensive,knights_tour,go,6,OK,0.006967529,0.475897,0.461863003,68.30212,2.0142,package-0,/sys/class/powercap/intel-rapl:0/energy_uj,0
integer_and_control_flow_intensive,knights_tour,go,7,OK,0.006362325,0.440117,0.427302005,69.175498,2.0142,package-0,/sys/class/powercap/intel-rapl:0/energy_uj,0
integer_and_control_flow_intensive,knights_tour,go,8,OK,0.006780856,0.435647,0.421989,64.246608,2.0142,package-0,/sys/class/powercap/intel-rapl:0/energy_uj,0
integer_and_control_flow_intensive,knights_tour,go,9,OK,0.005145164,0.198552,0.188188611,38.590024,2.0142,package-0,/sys/class/powercap/intel-rapl:0/energy_uj,0
integer_and_control_flow_intensive,knights_tour,go,10,OK,0.005984731,0.51958,0.507525555,86.817603,2.0142,package-0,/sys/class/powercap/intel-rapl:0/energy_uj,0
integer_and_control_flow_intensive,josephus_problem,rust,1,OK,0.005784863,0.388011,0.376359129,67.073499,2.0142,package-0,/sys/class/powercap/intel-rapl:0/energy_uj,0
integer_and_control_flow_intensive,josephus_problem,rust,2,OK,0.007229815,0.47901,0.464447707,66.254807,2.0142,package-0,/sys/class/powercap/intel-rapl:0/energy_uj,0
integer_and_control_flow_intensive,josephus_problem,rust,3,OK,0.00699478,0.314315,0.300226114,44.935652,2.0142,package-0,/sys/class/powercap/intel-rapl:0/energy_uj,0
integer_and_control_flow_intensive,josephus_problem,rust,4,OK,0.005521145,0.397593,0.38647231,72.01278,2.0142,package-0,/sys/class/powercap/intel-rapl:0/energy_uj,0
integer_and_control_flow_intensive,josephus_problem,rust,5,OK,0.00520603,0.201833,0.191347014,38.769081,2.0142,package-0,/sys/class/powercap/intel-rapl:0/energy_uj,0
integer_and_control_flow_intensive,josephus_problem,rust,6,OK,0.005791416,0.224338,0.21267293,38.736295,2.0142,package-0,/sys/class/powercap/intel-rapl:0/energy_uj,0
integer_and_control_flow_intensive,josephus_problem,rust,7,OK,0.005567403,0.436333,0.425119137,78.372807,2.0142,package-0,/sys/class/powercap/intel-rapl:0/energy_uj,0
integer_and_control_flow_intensive,josephus_problem,rust,8,OK,0.00689399,0.475241,0.461355125,68.935551,2.0142,package-0,/sys/class/powercap/intel-rapl:0/energy_uj,0
integer_and_control_flow_intensive,josephus_problem,rust,9,OK,0.004992967,0.395853,0.385796166,79.282118,2.0142,package-0,/sys/class/powercap/intel-rapl:0/energy_uj,0
integer_and_control_flow_intensive,josephus_problem,rust,10,OK,0.005809129,0.222721,0.211020252,38.339827,2.0142,package-0,/sys/class/powercap/intel-rapl:0/energy_uj,0
integer_and_control_flow_intensive,josephus_problem,cpp,1,OK,0.006303353,0.467383,0.454686786,74.148314,2.0142,package-0,/sys/class/powercap/intel-rapl:0/energy_uj,0
integer_and_control_flow_intensive,josephus_problem,cpp,2,OK,0.005362806,0.451011,0.440209236,84.099816,2.0142,package-0,/sys/class/powercap/intel-rapl:0/energy_uj,0
integer_and_control_flow_intensive,josephus_problem,cpp,3,OK,0.005329052,0.440224,0.429490223,82.608314,2.0142,package-0,/sys/class/powercap/intel-rapl:0/energy_uj,0
integer_and_control_flow_intensive,josephus_problem,cpp,4,OK,0.008305317,0.543841,0.52711243,65.481065,2.0142,package-0,/sys/class/powercap/intel-rapl:0/energy_uj,0
integer_and_control_flow_intensive,josephus_problem,cpp,5,OK,0.005988889,0.362469,0.35040618,60.52358,2.0142,package-0,/sys/class/powercap/intel-rapl:0/energy_uj,0
integer_and_control_flow_intensive,josephus_problem,cpp,6,OK,0.006515063,0.461127,0.44800436,70.778594,2.0142,package-0,/sys/class/powercap/intel-rapl:0/energy_uj,0
integer_and_control_flow_intensive,josephus_problem,cpp,7,OK,0.005244743,0.441292,0.430728039,84.139871,2.0142,package-0,/sys/class/powercap/intel-rapl:0/energy_uj,0
integer_and_control_flow_intensive,josephus_problem,cpp,8,OK,0.008136217,0.568177,0.551789032,69.833069,2.0142,package-0,/sys/class/powercap/intel-rapl:0/energy_uj,0
integer_and_control_flow_intensive,josephus_problem,cpp,9,OK,0.006466091,0.529834,0.51681,81.940387,2.0142,package-0,/sys/class/powercap/intel-rapl:0/energy_uj,0
integer_and_control_flow_intensive,josephus_problem,cpp,10,OK,0.005289146,0.423531,0.412877602,80.075498,2.0142,package-0,/sys/class/powercap/intel-rapl:0/energy_uj,0
integer_and_control_flow_intensive,josephus_problem,c,1,OK,0.006514893,0.45092,0.437797703,69.213723,2.0142,package-0,/sys/class/powercap/intel-rapl:0/energy_uj,0
integer_and_control_flow_intensive,josephus_problem,c,2,OK,0.00741816,0.519413,0.504471342,70.019115,2.0142,package-0,/sys/class/powercap/intel-rapl:0/energy_uj,0
integer_and_control_flow_intensive,josephus_problem,c,3,OK,0.005753514,0.383037,0.371448272,66.574445,2.0142,package-0,/sys/class/powercap/intel-rapl:0/energy_uj,0
integer_and_control_flow_intensive,josephus_problem,c,4,OK,0.004994098,0.326384,0.316324888,65.353944,2.0142,package-0,/sys/class/powercap/intel-rapl:0/energy_uj,0
integer_and_control_flow_intensive,josephus_problem,c,5,OK,0.00520104,0.295944,0.285468065,56.900928,2.0142,package-0,/sys/class/powercap/intel-rapl:0/energy_uj,0
integer_and_control_flow_intensive,josephus_problem,c,6,OK,0.005951288,0.216892,0.204904916,36.444548,2.0142,package-0,/sys/class/powercap/intel-rapl:0/energy_uj,0
integer_and_control_flow_intensive,josephus_problem,c,7,OK,0.006873962,0.507878,0.494032466,73.884319,2.0142,package-0,/sys/class/powercap/intel-rapl:0/energy_uj,0
integer_and_control_flow_intensive,josephus_problem,c,8,OK,0.006576088,0.519397,0.506151444,78.982672,2.0142,package-0,/sys/class/powercap/intel-rapl:0/energy_uj,0
integer_and_control_flow_intensive,josephus_problem,c,9,OK,0.006907375,0.5441,0.530187165,78.770879,2.0142,package-0,/sys/class/powercap/intel-rapl:0/energy_uj,0
integer_and_control_flow_intensive,josephus_problem,c,10,OK,0.0072593,0.579636,0.565014318,79.847368,2.0142,package-0,/sys/class/powercap/intel-rapl:0/energy_uj,0
integer_and_control_flow_intensive,josephus_problem,go,1,OK,0.006355632,0.587829,0.575027486,92.489464,2.0142,package-0,/sys/class/powercap/intel-rapl:0/energy_uj,0
integer_and_control_flow_intensive,josephus_problem,go,2,OK,0.006944886,0.605133,0.591144611,87.133612,2.0142,package-0,/sys/class/powercap/intel-rapl:0/energy_uj,0
integer_and_control_flow_intensive,josephus_problem,go,3,OK,0.006580066,0.568681,0.555427431,86.424817,2.0142,package-0,/sys/class/powercap/intel-rapl:0/energy_uj,0
integer_and_control_flow_intensive,josephus_problem,go,4,OK,0.005773311,0.291382,0.279753397,50.470519,2.0142,package-0,/sys/class/powercap/intel-rapl:0/energy_uj,0
integer_and_control_flow_intensive,josephus_problem,go,5,OK,0.006207773,0.435815,0.423311304,70.204726,2.0142,package-0,/sys/class/powercap/intel-rapl:0/energy_uj,0
integer_and_control_flow_intensive,josephus_problem,go,6,OK,0.006616115,0.538714,0.525387821,81.424522,2.0142,package-0,/sys/class/powercap/intel-rapl:0/energy_uj,0
integer_and_control_flow_intensive,josephus_problem,go,7,OK,0.006573624,0.617903,0.604662407,93.997314,2.0142,package-0,/sys/class/powercap/intel-rapl:0/energy_uj,0
integer_and_control_flow_intensive,josephus_problem,go,8,OK,0.006835119,0.608,0.594232703,88.952365,2.0142,package-0,/sys/class/powercap/intel-rapl:0/energy_uj,0
integer_and_control_flow_intensive,josephus_problem,go,9,OK,0.00644455,0.563646,0.550665387,87.460878,2.0142,package-0,/sys/class/powercap/intel-rapl:0/energy_uj,0
integer_and_control_flow_intensive,josephus_problem,go,10,OK,0.006032822,0.432595,0.42044369,71.706906,2.0142,package-0,/sys/class/powercap/intel-rapl:0/energy_uj,0
integer_and_control_flow_intensive,producer_consumer_single_thread,rust,1,OK,0.006371232,0.422219,0.409386065,66.269601,2.0142,package-0,/sys/class/powercap/intel-rapl:0/energy_uj,0
integer_and_control_flow_intensive,producer_consumer_single_thread,rust,2,OK,0.009125688,0.556642,0.538261039,60.997264,2.0142,package-0,/sys/class/powercap/intel-rapl:0/energy_uj,0
integer_and_control_flow_intensive,producer_consumer_single_thread,rust,3,OK,0.008110609,0.572572,0.556235611,70.595439,2.0142,package-0,/sys/class/powercap/intel-rapl:0/energy_uj,0
integer_and_control_flow_intensive,producer_consumer_single_thread,rust,4,OK,0.007359309,0.648785,0.63396188,88.158413,2.0142,package-0,/sys/class/powercap/intel-rapl:0/energy_uj,0
integer_and_control_flow_intensive,producer_consumer_single_thread,rust,5,OK,0.007457755,0.680232,0.66521059,91.211363,2.0142,package-0,/sys/class/powercap/intel-rapl:0/energy_uj,0
integer_and_control_flow_intensive,producer_consumer_single_thread,rust,6,OK,0.00743371,0.613967,0.598994021,82.592272,2.0142,package-0,/sys/class/powercap/intel-rapl:0/energy_uj,0
integer_and_control_flow_intensive,producer_consumer_single_thread,rust,7,OK,0.007215848,0.626265,0.611730839,86.790215,2.0142,package-0,/sys/class/powercap/intel-rapl:0/energy_uj,0
integer_and_control_flow_intensive,producer_consumer_single_thread,rust,8,OK,0.007107173,0.576264,0.561948732,81.082028,2.0142,package-0,/sys/class/powercap/intel-rapl:0/energy_uj,0
integer_and_control_flow_intensive,producer_consumer_single_thread,rust,9,OK,0.007157949,0.598403,0.583985459,83.599785,2.0142,package-0,/sys/class/powercap/intel-rapl:0/energy_uj,0
integer_and_control_flow_intensive,producer_consumer_single_thread,rust,10,OK,0.007864534,0.667171,0.651330256,84.832871,2.0142,package-0,/sys/class/powercap/intel-rapl:0/energy_uj,0
integer_and_control_flow_intensive,producer_consumer_single_thread,cpp,1,OK,0.006665137,0.463721,0.450296081,69.574114,2.0142,package-0,/sys/class/powercap/intel-rapl:0/energy_uj,0
integer_and_control_flow_intensive,producer_consumer_single_thread,cpp,2,OK,0.006648506,0.45858,0.445188579,68.974895,2.0142,package-0,/sys/class/powercap/intel-rapl:0/energy_uj,0
integer_and_control_flow_intensive,producer_consumer_single_thread,cpp,3,OK,0.008736432,0.537555,0.519958079,61.530268,2.0142,package-0,/sys/class/powercap/intel-rapl:0/energy_uj,0
integer_and_control_flow_intensive,producer_consumer_single_thread,cpp,4,OK,0.008336637,0.615554,0.598762346,73.837208,2.0142,package-0,/sys/class/powercap/intel-rapl:0/energy_uj,0
integer_and_control_flow_intensive,producer_consumer_single_thread,cpp,5,OK,0.008260011,0.593903,0.577265686,71.900994,2.0142,package-0,/sys/class/powercap/intel-rapl:0/energy_uj,0
integer_and_control_flow_intensive,producer_consumer_single_thread,cpp,6,OK,0.00833877,0.617918,0.601122049,74.101816,2.0142,package-0,/sys/class/powercap/intel-rapl:0/energy_uj,0
integer_and_control_flow_intensive,producer_consumer_single_thread,cpp,7,OK,0.009811183,0.684611,0.664849315,69.778639,2.0142,package-0,/sys/class/powercap/intel-rapl:0/energy_uj,0
integer_and_control_flow_intensive,producer_consumer_single_thread,cpp,8,OK,0.008701445,0.596923,0.579396549,68.600445,2.0142,package-0,/sys/class/powercap/intel-rapl:0/energy_uj,0
integer_and_control_flow_intensive,producer_consumer_single_thread,cpp,9,OK,0.00831761,0.613448,0.59669467,73.752917,2.0142,package-0,/sys/class/powercap/intel-rapl:0/energy_uj,0
integer_and_control_flow_intensive,producer_consumer_single_thread,cpp,10,OK,0.008673293,0.625136,0.607666253,72.075969,2.0142,package-0,/sys/class/powercap/intel-rapl:0/energy_uj,0
integer_and_control_flow_intensive,producer_consumer_single_thread,c,1,OK,0.007520404,0.393367,0.378219402,52.306631,2.0142,package-0,/sys/class/powercap/intel-rapl:0/energy_uj,0
integer_and_control_flow_intensive,producer_consumer_single_thread,c,2,OK,0.008308343,0.608641,0.591906336,73.256605,2.0142,package-0,/sys/class/powercap/intel-rapl:0/energy_uj,0
integer_and_control_flow_intensive,producer_consumer_single_thread,c,3,OK,0.010206911,0.673305,0.65274624,65.965599,2.0142,package-0,/sys/class/powercap/intel-rapl:0/energy_uj,0
integer_and_control_flow_intensive,producer_consumer_single_thread,c,4,OK,0.008532196,0.660168,0.642982451,77.37375,2.0142,package-0,/sys/class/powercap/intel-rapl:0/energy_uj,0
integer_and_control_flow_intensive,producer_consumer_single_thread,c,5,OK,0.008522717,0.675121,0.657954543,79.214293,2.0142,package-0,/sys/class/powercap/intel-rapl:0/energy_uj,0
integer_and_control_flow_intensive,producer_consumer_single_thread,c,6,OK,0.009413111,0.644315,0.625355112,68.448678,2.0142,package-0,/sys/class/powercap/intel-rapl:0/energy_uj,0
integer_and_control_flow_intensive,producer_consumer_single_thread,c,7,OK,0.009086503,0.690684,0.672381966,76.012081,2.0142,package-0,/sys/class/powercap/intel-rapl:0/energy_uj,0
integer_and_control_flow_intensive,producer_consumer_single_thread,c,8,OK,0.008373726,0.580384,0.563517641,69.310126,2.0142,package-0,/sys/class/powercap/intel-rapl:0/energy_uj,0
integer_and_control_flow_intensive,producer_consumer_single_thread,c,9,OK,0.009590345,0.728555,0.709238127,75.967549,2.0142,package-0,/sys/class/powercap/intel-rapl:0/energy_uj,0
integer_and_control_flow_intensive,producer_consumer_single_thread,c,10,OK,0.008704181,0.712777,0.695245039,81.889037,2.0142,package-0,/sys/class/powercap/intel-rapl:0/energy_uj,0
integer_and_control_flow_intensive,producer_consumer_single_thread,go,1,OK,0.00872999,0.598739,0.581155054,68.584156,2.0142,package-0,/sys/class/powercap/intel-rapl:0/energy_uj,0
integer_and_control_flow_intensive,producer_consumer_single_thread,go,2,OK,0.008752853,0.645017,0.627387003,73.692201,2.0142,package-0,/sys/class/powercap/intel-rapl:0/energy_uj,0
integer_and_control_flow_intensive,producer_consumer_single_thread,go,3,OK,0.008550741,0.686183,0.668960097,80.248367,2.0142,package-0,/sys/class/powercap/intel-rapl:0/energy_uj,0
integer_and_control_flow_intensive,producer_consumer_single_thread,go,4,OK,0.008637795,0.669429,0.652030753,77.499987,2.0142,package-0,/sys/class/powercap/intel-rapl:0/energy_uj,0
integer_and_control_flow_intensive,producer_consumer_single_thread,go,5,OK,0.008582842,0.716211,0.69892344,83.446835,2.0142,package-0,/sys/class/powercap/intel-rapl:0/energy_uj,0
integer_and_control_flow_intensive,producer_consumer_single_thread,go,6,OK,0.009040476,0.653027,0.634817673,72.233697,2.0142,package-0,/sys/class/powercap/intel-rapl:0/energy_uj,0
integer_and_control_flow_intensive,producer_consumer_single_thread,go,7,OK,0.008516285,0.593719,0.576565499,69.715727,2.0142,package-0,/sys/class/powercap/intel-rapl:0/energy_uj,0
integer_and_control_flow_intensive,producer_consumer_single_thread,go,8,OK,0.009946809,0.653851,0.633816137,65.73475,2.0142,package-0,/sys/class/powercap/intel-rapl:0/energy_uj,0
integer_and_control_flow_intensive,producer_consumer_single_thread,go,9,OK,0.009505134,0.593536,0.574390759,62.443728,2.0142,package-0,/sys/class/powercap/intel-rapl:0/energy_uj,0
integer_and_control_flow_intensive,producer_consumer_single_thread,go,10,OK,0.008884902,0.640699,0.62280303,72.110981,2.0142,package-0,/sys/class/powercap/intel-rapl:0/energy_uj,0
integer_and_control_flow_intensive,towers_of_hanoi,rust,1,OK,0.263400042,1.746354,1.215813635,6.630045,2.0142,package-0,/sys/class/powercap/intel-rapl:0/energy_uj,0
integer_and_control_flow_intensive,towers_of_hanoi,rust,2,OK,0.263530239,1.936667,1.405864393,7.348937,2.0142,package-0,/sys/class/powercap/intel-rapl:0/energy_uj,0
integer_and_control_flow_intensive,towers_of_hanoi,rust,3,OK,0.270046765,1.885126,1.341197806,6.980739,2.0142,package-0,/sys/class/powercap/intel-rapl:0/energy_uj,0
integer_and_control_flow_intensive,towers_of_hanoi,rust,4,OK,0.267147916,2.028017,1.489927668,7.591364,2.0142,package-0,/sys/class/powercap/intel-rapl:0/energy_uj,0
integer_and_control_flow_intensive,towers_of_hanoi,rust,5,OK,0.264602926,1.8836,1.350636786,7.118591,2.0142,package-0,/sys/class/powercap/intel-rapl:0/energy_uj,0
integer_and_control_flow_intensive,towers_of_hanoi,rust,6,OK,0.263653251,2.051682,1.520631622,7.781744,2.0142,package-0,/sys/class/powercap/intel-rapl:0/energy_uj,0
integer_and_control_flow_intensive,towers_of_hanoi,rust,7,OK,0.26617127,2.114942,1.578819828,7.945794,2.0142,package-0,/sys/class/powercap/intel-rapl:0/energy_uj,0
integer_and_control_flow_intensive,towers_of_hanoi,rust,8,OK,0.26881158,3.130698,2.589257716,11.64644,2.0142,package-0,/sys/class/powercap/intel-rapl:0/energy_uj,0
integer_and_control_flow_intensive,towers_of_hanoi,rust,9,OK,0.274765343,2.344696,1.791263646,8.533449,2.0142,package-0,/sys/class/powercap/intel-rapl:0/energy_uj,0
integer_and_control_flow_intensive,towers_of_hanoi,rust,10,OK,0.264809346,2.317401,1.784022015,8.751205,2.0142,package-0,/sys/class/powercap/intel-rapl:0/energy_uj,0
integer_and_control_flow_intensive,towers_of_hanoi,cpp,1,OK,0.083972837,0.750602,0.581463912,8.938629,2.0142,package-0,/sys/class/powercap/intel-rapl:0/energy_uj,0
integer_and_control_flow_intensive,towers_of_hanoi,cpp,2,OK,0.079061285,0.806599,0.64735376,10.202199,2.0142,package-0,/sys/class/powercap/intel-rapl:0/energy_uj,0
integer_and_control_flow_intensive,towers_of_hanoi,cpp,3,OK,0.079882046,1.038414,0.877515583,12.999342,2.0142,package-0,/sys/class/powercap/intel-rapl:0/energy_uj,0
integer_and_control_flow_intensive,towers_of_hanoi,cpp,4,OK,0.079185249,0.756858,0.597363071,9.558068,2.0142,package-0,/sys/class/powercap/intel-rapl:0/energy_uj,0
integer_and_control_flow_intensive,towers_of_hanoi,cpp,5,OK,0.081494974,0.839403,0.675255823,10.300059,2.0142,package-0,/sys/class/powercap/intel-rapl:0/energy_uj,0
integer_and_control_flow_intensive,towers_of_hanoi,cpp,6,OK,0.086304664,1.358175,1.184340146,15.736983,2.0142,package-0,/sys/class/powercap/intel-rapl:0/energy_uj,0
integer_and_control_flow_intensive,towers_of_hanoi,cpp,7,OK,0.080710622,0.956738,0.794170665,11.853929,2.0142,package-0,/sys/class/powercap/intel-rapl:0/energy_uj,0
integer_and_control_flow_intensive,towers_of_hanoi,cpp,8,OK,0.081376571,0.798558,0.634649311,9.813119,2.0142,package-0,/sys/class/powercap/intel-rapl:0/energy_uj,0
integer_and_control_flow_intensive,towers_of_hanoi,cpp,9,OK,0.083837932,0.83179,0.662923637,9.921404,2.0142,package-0,/sys/class/powercap/intel-rapl:0/energy_uj,0
integer_and_control_flow_intensive,towers_of_hanoi,cpp,10,OK,0.082177935,0.920622,0.755099203,11.202788,2.0142,package-0,/sys/class/powercap/intel-rapl:0/energy_uj,0
integer_and_control_flow_intensive,towers_of_hanoi,c,1,OK,0.07853994,0.720849,0.562653853,9.17812,2.0142,package-0,/sys/class/powercap/intel-rapl:0/energy_uj,0
integer_and_control_flow_intensive,towers_of_hanoi,c,2,OK,0.081641411,0.821781,0.65733887,10.065737,2.0142,package-0,/sys/class/powercap/intel-rapl:0/energy_uj,0
integer_and_control_flow_intensive,towers_of_hanoi,c,3,OK,0.077944544,0.780324,0.623328099,10.011272,2.0142,package-0,/sys/class/powercap/intel-rapl:0/energy_uj,0
integer_and_control_flow_intensive,towers_of_hanoi,c,4,OK,0.078826791,0.952267,0.793494078,12.080499,2.0142,package-0,/sys/class/powercap/intel-rapl:0/energy_uj,0
integer_and_control_flow_intensive,towers_of_hanoi,c,5,OK,0.081893738,0.875092,0.710141633,10.685701,2.0142,package-0,/sys/class/powercap/intel-rapl:0/energy_uj,0
integer_and_control_flow_intensive,towers_of_hanoi,c,6,OK,0.079974991,0.769873,0.608787373,9.626422,2.0142,package-0,/sys/class/powercap/intel-rapl:0/energy_uj,0
integer_and_control_flow_intensive,towers_of_hanoi,c,7,OK,0.081028713,0.983455,0.820246966,12.137117,2.0142,package-0,/sys/class/powercap/intel-rapl:0/energy_uj,0
integer_and_control_flow_intensive,towers_of_hanoi,c,8,OK,0.082195789,0.864442,0.698883242,10.516865,2.0142,package-0,/sys/class/powercap/intel-rapl:0/energy_uj,0
integer_and_control_flow_intensive,towers_of_hanoi,c,9,OK,0.076684512,0.725823,0.571365056,9.465053,2.0142,package-0,/sys/class/powercap/intel-rapl:0/energy_uj,0
integer_and_control_flow_intensive,towers_of_hanoi,c,10,OK,0.077962969,0.906829,0.749795988,11.631535,2.0142,package-0,/sys/class/powercap/intel-rapl:0/energy_uj,0
integer_and_control_flow_intensive,towers_of_hanoi,go,1,OK,0.433830133,3.702994,2.829173346,8.535585,2.0142,package-0,/sys/class/powercap/intel-rapl:0/energy_uj,0
integer_and_control_flow_intensive,towers_of_hanoi,go,2,OK,0.432375282,4.130188,3.259297707,9.552322,2.0142,package-0,/sys/class/powercap/intel-rapl:0/energy_uj,0
integer_and_control_flow_intensive,towers_of_hanoi,go,3,OK,0.437781149,4.022009,3.14023021,9.187259,2.0142,package-0,/sys/class/powercap/intel-rapl:0/energy_uj,0
integer_and_control_flow_intensive,towers_of_hanoi,go,4,OK,0.434628391,4.100435,3.225006495,9.434347,2.0142,package-0,/sys/class/powercap/intel-rapl:0/energy_uj,0
integer_and_control_flow_intensive,towers_of_hanoi,go,5,OK,0.440916916,3.958856,3.070761148,8.978689,2.0142,package-0,/sys/class/powercap/intel-rapl:0/energy_uj,0
integer_and_control_flow_intensive,towers_of_hanoi,go,6,OK,0.435799284,3.750385,2.872598082,8.605762,2.0142,package-0,/sys/class/powercap/intel-rapl:0/energy_uj,0
integer_and_control_flow_intensive,towers_of_hanoi,go,7,OK,0.434489989,4.352864,3.477714264,10.01833,2.0142,package-0,/sys/class/powercap/intel-rapl:0/energy_uj,0
integer_and_control_flow_intensive,towers_of_hanoi,go,8,OK,0.438832737,4.288642,3.404745101,9.77284,2.0142,package-0,/sys/class/powercap/intel-rapl:0/energy_uj,0
integer_and_control_flow_intensive,towers_of_hanoi,go,9,OK,0.434335908,4.310431,3.435591614,9.924188,2.0142,package-0,/sys/class/powercap/intel-rapl:0/energy_uj,0
integer_and_control_flow_intensive,towers_of_hanoi,go,10,OK,0.435203648,4.017005,3.140417812,9.230173,2.0142,package-0,/sys/class/powercap/intel-rapl:0/energy_uj,0
floating_point,monte_carlo_pi,rust,1,OK,0.007203955,0.643979,0.629468794,89.392424,2.0142,package-0,/sys/class/powercap/intel-rapl:0/energy_uj,0
floating_point,monte_carlo_pi,rust,2,OK,0.009552374,0.714028,0.694787608,74.748748,2.0142,package-0,/sys/class/powercap/intel-rapl:0/energy_uj,0
floating_point,monte_carlo_pi,rust,3,OK,0.006018305,0.479696,0.46757393,79.706163,2.0142,package-0,/sys/class/powercap/intel-rapl:0/energy_uj,0
floating_point,monte_carlo_pi,rust,4,OK,0.007578363,0.64584,0.630575661,85.221571,2.0142,package-0,/sys/class/powercap/intel-rapl:0/energy_uj,0
floating_point,monte_carlo_pi,rust,5,OK,0.006389537,0.624998,0.612128195,97.815851,2.0142,package-0,/sys/class/powercap/intel-rapl:0/energy_uj,0
floating_point,monte_carlo_pi,rust,6,OK,0.013082336,0.765845,0.739494559,58.540386,2.0142,package-0,/sys/class/powercap/intel-rapl:0/energy_uj,0
floating_point,monte_carlo_pi,rust,7,OK,0.007289517,0.624494,0.609811455,85.670148,2.0142,package-0,/sys/class/powercap/intel-rapl:0/energy_uj,0
floating_point,monte_carlo_pi,rust,8,OK,0.006220997,0.684093,0.671562668,109.965171,2.0142,package-0,/sys/class/powercap/intel-rapl:0/energy_uj,0
floating_point,monte_carlo_pi,rust,9,OK,0.005939455,0.577637,0.56567375,97.254209,2.0142,package-0,/sys/class/powercap/intel-rapl:0/energy_uj,0
floating_point,monte_carlo_pi,rust,10,OK,0.007842021,0.674312,0.658516601,85.987018,2.0142,package-0,/sys/class/powercap/intel-rapl:0/energy_uj,0
floating_point,monte_carlo_pi,cpp,1,OK,1.059930862,6.026605,3.891692258,5.685847,2.0142,package-0,/sys/class/powercap/intel-rapl:0/energy_uj,0
floating_point,monte_carlo_pi,cpp,2,OK,1.060537669,6.63604,4.499905027,6.257241,2.0142,package-0,/sys/class/powercap/intel-rapl:0/energy_uj,0
floating_point,monte_carlo_pi,cpp,3,OK,1.05981392,6.5565,4.421822802,6.186463,2.0142,package-0,/sys/class/powercap/intel-rapl:0/energy_uj,0
floating_point,monte_carlo_pi,cpp,4,OK,1.060985885,7.859152,5.72211423,7.407405,2.0142,package-0,/sys/class/powercap/intel-rapl:0/energy_uj,0
floating_point,monte_carlo_pi,cpp,5,OK,1.060542537,6.559918,4.423773222,6.185436,2.0142,package-0,/sys/class/powercap/intel-rapl:0/energy_uj,0
floating_point,monte_carlo_pi,cpp,6,OK,1.060896506,6.509291,4.372433258,6.135651,2.0142,package-0,/sys/class/powercap/intel-rapl:0/energy_uj,0
floating_point,monte_carlo_pi,cpp,7,OK,1.059961959,6.459474,4.324498622,6.094062,2.0142,package-0,/sys/class/powercap/intel-rapl:0/energy_uj,0
floating_point,monte_carlo_pi,cpp,8,OK,1.06095223,8.190083,6.053113018,7.719559,2.0142,package-0,/sys/class/powercap/intel-rapl:0/energy_uj,0
floating_point,monte_carlo_pi,cpp,9,OK,1.060340724,6.479356,4.343617714,6.110636,2.0142,package-0,/sys/class/powercap/intel-rapl:0/energy_uj,0
floating_point,monte_carlo_pi,cpp,10,OK,1.064646392,6.741274,4.596863237,6.331937,2.0142,package-0,/sys/class/powercap/intel-rapl:0/energy_uj,0
floating_point,monte_carlo_pi,c,1,OK,1.061739507,6.448352,4.309796285,6.073384,2.0142,package-0,/sys/class/powercap/intel-rapl:0/energy_uj,0
floating_point,monte_carlo_pi,c,2,OK,1.065126268,6.96578,4.820402671,6.539863,2.0142,package-0,/sys/class/powercap/intel-rapl:0/energy_uj,0
floating_point,monte_carlo_pi,c,3,OK,1.063881615,7.007588,4.864717651,6.586812,2.0142,package-0,/sys/class/powercap/intel-rapl:0/energy_uj,0
floating_point,monte_carlo_pi,c,4,OK,1.060281822,7.751324,5.615704354,7.310626,2.0142,package-0,/sys/class/powercap/intel-rapl:0/energy_uj,0
floating_point,monte_carlo_pi,c,5,OK,1.060866586,6.646614,4.509816522,6.265268,2.0142,package-0,/sys/class/powercap/intel-rapl:0/energy_uj,0
floating_point,monte_carlo_pi,c,6,OK,1.062384525,6.359275,4.21942009,5.985851,2.0142,package-0,/sys/class/powercap/intel-rapl:0/energy_uj,0
floating_point,monte_carlo_pi,c,7,OK,1.062681897,6.909631,4.769177123,6.502069,2.0142,package-0,/sys/class/powercap/intel-rapl:0/energy_uj,0
floating_point,monte_carlo_pi,c,8,OK,1.061217519,7.811409,5.673904673,7.360799,2.0142,package-0,/sys/class/powercap/intel-rapl:0/energy_uj,0
floating_point,monte_carlo_pi,c,9,OK,1.060630319,6.417896,4.281574411,6.051021,2.0142,package-0,/sys/class/powercap/intel-rapl:0/energy_uj,0
floating_point,monte_carlo_pi,c,10,OK,1.083565406,10.971006,8.788488559,10.124913,2.0142,package-0,/sys/class/powercap/intel-rapl:0/energy_uj,0
floating_point,monte_carlo_pi,go,1,OK,0.133103473,1.192459,0.924361985,8.958887,2.0142,package-0,/sys/class/powercap/intel-rapl:0/energy_uj,0
floating_point,monte_carlo_pi,go,2,OK,0.131691063,0.96577,0.700517861,7.333603,2.0142,package-0,/sys/class/powercap/intel-rapl:0/energy_uj,0
floating_point,monte_carlo_pi,go,3,OK,0.133171922,1.11124,0.843005115,8.344402,2.0142,package-0,/sys/class/powercap/intel-rapl:0/energy_uj,0
floating_point,monte_carlo_pi,go,4,OK,0.132304673,1.010445,0.743956928,7.637259,2.0142,package-0,/sys/class/powercap/intel-rapl:0/energy_uj,0
floating_point,monte_carlo_pi,go,5,OK,0.131563462,1.014093,0.749097875,7.708014,2.0142,package-0,/sys/class/powercap/intel-rapl:0/energy_uj,0
floating_point,monte_carlo_pi,go,6,OK,0.132873238,1.031883,0.764249724,7.76592,2.0142,package-0,/sys/class/powercap/intel-rapl:0/energy_uj,0
floating_point,monte_carlo_pi,go,7,OK,0.131907201,1.003183,0.737495516,7.605218,2.0142,package-0,/sys/class/powercap/intel-rapl:0/energy_uj,0
floating_point,monte_carlo_pi,go,8,OK,0.134671146,1.194336,0.923081378,8.868537,2.0142,package-0,/sys/class/powercap/intel-rapl:0/energy_uj,0
floating_point,monte_carlo_pi,go,9,OK,0.135570435,2.077789,1.80472303,15.326269,2.0142,package-0,/sys/class/powercap/intel-rapl:0/energy_uj,0
floating_point,monte_carlo_pi,go,10,OK,0.131486156,1.174179,0.909339585,8.930058,2.0142,package-0,/sys/class/powercap/intel-rapl:0/energy_uj,0
floating_point,numerical_integration,rust,1,OK,0.009703499,0.542392,0.522847212,55.896538,2.0142,package-0,/sys/class/powercap/intel-rapl:0/energy_uj,0
floating_point,numerical_integration,rust,2,OK,0.007708228,0.602096,0.586570087,78.110819,2.0142,package-0,/sys/class/powercap/intel-rapl:0/energy_uj,0
floating_point,numerical_integration,rust,3,OK,0.005896775,0.537921,0.526043716,91.222914,2.0142,package-0,/sys/class/powercap/intel-rapl:0/energy_uj,0
floating_point,numerical_integration,rust,4,OK,0.00621679,0.460334,0.447812142,74.046896,2.0142,package-0,/sys/class/powercap/intel-rapl:0/energy_uj,0
floating_point,numerical_integration,rust,5,OK,0.005361072,0.461035,0.450236729,85.996793,2.0142,package-0,/sys/class/powercap/intel-rapl:0/energy_uj,0
floating_point,numerical_integration,rust,6,OK,0.006882518,0.523151,0.509288232,76.01157,2.0142,package-0,/sys/class/powercap/intel-rapl:0/energy_uj,0
floating_point,numerical_integration,rust,7,OK,0.005974532,0.570009,0.557975098,95.406469,2.0142,package-0,/sys/class/powercap/intel-rapl:0/energy_uj,0
floating_point,numerical_integration,rust,8,OK,0.006970113,0.594741,0.580701798,85.327311,2.0142,package-0,/sys/class/powercap/intel-rapl:0/energy_uj,0
floating_point,numerical_integration,rust,9,OK,0.007689583,0.564088,0.548599642,73.357424,2.0142,package-0,/sys/class/powercap/intel-rapl:0/energy_uj,0
floating_point,numerical_integration,rust,10,OK,0.006034846,0.892623,0.880467613,147.911479,2.0142,package-0,/sys/class/powercap/intel-rapl:0/energy_uj,0
floating_point,numerical_integration,cpp,1,OK,0.131473342,1.510161,1.245347395,11.486443,2.0142,package-0,/sys/class/powercap/intel-rapl:0/energy_uj,0
floating_point,numerical_integration,cpp,2,OK,0.13107561,1.418582,1.154569506,10.822624,2.0142,package-0,/sys/class/powercap/intel-rapl:0/energy_uj,0
floating_point,numerical_integration,cpp,3,OK,0.129978145,1.464279,1.20247702,11.265579,2.0142,package-0,/sys/class/powercap/intel-rapl:0/energy_uj,0
floating_point,numerical_integration,cpp,4,OK,0.13078988,1.608605,1.345168024,12.299155,2.0142,package-0,/sys/class/powercap/intel-rapl:0/energy_uj,0
floating_point,numerical_integration,cpp,5,OK,0.130895469,1.76291,1.499260346,13.468075,2.0142,package-0,/sys/class/powercap/intel-rapl:0/energy_uj,0
floating_point,numerical_integration,cpp,6,OK,0.143933801,2.840399,2.550487538,19.734065,2.0142,package-0,/sys/class/powercap/intel-rapl:0/energy_uj,0
floating_point,numerical_integration,cpp,7,OK,0.130502337,1.465135,1.202277193,11.226887,2.0142,package-0,/sys/class/powercap/intel-rapl:0/energy_uj,0
floating_point,numerical_integration,cpp,8,OK,0.130505322,1.372564,1.10970018,10.517303,2.0142,package-0,/sys/class/powercap/intel-rapl:0/energy_uj,0
floating_point,numerical_integration,cpp,9,OK,0.130525851,1.019784,0.756878831,7.812889,2.0142,package-0,/sys/class/powercap/intel-rapl:0/energy_uj,0
floating_point,numerical_integration,cpp,10,OK,0.130668561,0.986613,0.723420384,7.5505,2.0142,package-0,/sys/class/powercap/intel-rapl:0/energy_uj,0
floating_point,numerical_integration,c,1,OK,0.131337044,0.923277,0.658737926,7.029829,2.0142,package-0,/sys/class/powercap/intel-rapl:0/energy_uj,0
floating_point,numerical_integration,c,2,OK,0.131116578,0.985193,0.721097989,7.513871,2.0142,package-0,/sys/class/powercap/intel-rapl:0/energy_uj,0
floating_point,numerical_integration,c,3,OK,0.131374344,1.293909,1.029294796,9.849023,2.0142,package-0,/sys/class/powercap/intel-rapl:0/energy_uj,0
floating_point,numerical_integration,c,4,OK,0.130759803,0.924924,0.661547605,7.073458,2.0142,package-0,/sys/class/powercap/intel-rapl:0/energy_uj,0
floating_point,numerical_integration,c,5,OK,0.131230874,1.037056,0.772730774,7.902531,2.0142,package-0,/sys/class/powercap/intel-rapl:0/energy_uj,0
floating_point,numerical_integration,c,6,OK,0.13172128,0.985743,0.720429998,7.483552,2.0142,package-0,/sys/class/powercap/intel-rapl:0/energy_uj,0
floating_point,numerical_integration,c,7,OK,0.131951405,1.07575,0.80997348,8.152623,2.0142,package-0,/sys/class/powercap/intel-rapl:0/energy_uj,0
floating_point,numerical_integration,c,8,OK,0.131698878,1.131136,0.86586812,8.588805,2.0142,package-0,/sys/class/powercap/intel-rapl:0/energy_uj,0
floating_point,numerical_integration,c,9,OK,0.131524298,1.101353,0.836436759,8.373761,2.0142,package-0,/sys/class/powercap/intel-rapl:0/energy_uj,0
floating_point,numerical_integration,c,10,OK,0.131313028,1.079473,0.814982299,8.220609,2.0142,package-0,/sys/class/powercap/intel-rapl:0/energy_uj,0
floating_point,numerical_integration,go,1,OK,0.082272843,0.703302,0.53758804,8.54841,2.0142,package-0,/sys/class/powercap/intel-rapl:0/energy_uj,0
floating_point,numerical_integration,go,2,OK,0.083101791,0.706064,0.538680373,8.496375,2.0142,package-0,/sys/class/powercap/intel-rapl:0/energy_uj,0
floating_point,numerical_integration,go,3,OK,0.082849704,0.946804,0.779928126,11.427971,2.0142,package-0,/sys/class/powercap/intel-rapl:0/energy_uj,0
floating_point,numerical_integration,go,4,OK,0.081901462,0.886658,0.721692075,10.825912,2.0142,package-0,/sys/class/powercap/intel-rapl:0/energy_uj,0
floating_point,numerical_integration,go,5,OK,0.081855705,0.654569,0.489695239,7.99662,2.0142,package-0,/sys/class/powercap/intel-rapl:0/energy_uj,0
floating_point,numerical_integration,go,6,OK,0.081648103,0.894348,0.729892391,10.95369,2.0142,package-0,/sys/class/powercap/intel-rapl:0/energy_uj,0
floating_point,numerical_integration,go,7,OK,0.081491126,0.677135,0.512995574,8.30931,2.0142,package-0,/sys/class/powercap/intel-rapl:0/energy_uj,0
floating_point,numerical_integration,go,8,OK,0.081455329,0.660702,0.496634676,8.111219,2.0142,package-0,/sys/class/powercap/intel-rapl:0/energy_uj,0
floating_point,numerical_integration,go,9,OK,0.081358766,0.969402,0.805529174,11.915151,2.0142,package-0,/sys/class/powercap/intel-rapl:0/energy_uj,0
floating_point,numerical_integration,go,10,OK,0.081392119,0.683711,0.519770994,8.400211,2.0142,package-0,/sys/class/powercap/intel-rapl:0/energy_uj,0
floating_point,newton_raphson,rust,1,OK,0.006342127,0.523991,0.511216688,82.620704,2.0142,package-0,/sys/class/powercap/intel-rapl:0/energy_uj,0
floating_point,newton_raphson,rust,2,OK,0.006259881,0.602554,0.589945348,96.256462,2.0142,package-0,/sys/class/powercap/intel-rapl:0/energy_uj,0
floating_point,newton_raphson,rust,3,OK,0.005633628,0.533481,0.522133746,94.695816,2.0142,package-0,/sys/class/powercap/intel-rapl:0/energy_uj,0
floating_point,newton_raphson,rust,4,OK,0.007124746,0.688746,0.674395337,96.669551,2.0142,package-0,/sys/class/powercap/intel-rapl:0/energy_uj,0
floating_point,newton_raphson,rust,5,OK,0.007501779,0.586792,0.571681917,78.220379,2.0142,package-0,/sys/class/powercap/intel-rapl:0/energy_uj,0
floating_point,newton_raphson,rust,6,OK,0.005944195,0.577241,0.565268202,97.110038,2.0142,package-0,/sys/class/powercap/intel-rapl:0/energy_uj,0
floating_point,newton_raphson,rust,7,OK,0.006110108,0.541399,0.52909202,88.607108,2.0142,package-0,/sys/class/powercap/intel-rapl:0/energy_uj,0
floating_point,newton_raphson,rust,8,OK,0.00702136,0.502385,0.488242577,71.550953,2.0142,package-0,/sys/class/powercap/intel-rapl:0/energy_uj,0
floating_point,newton_raphson,rust,9,OK,0.005680386,0.570252,0.558810567,100.389657,2.0142,package-0,/sys/class/powercap/intel-rapl:0/energy_uj,0
floating_point,newton_raphson,rust,10,OK,0.006032882,0.601364,0.589212569,99.681048,2.0142,package-0,/sys/class/powercap/intel-rapl:0/energy_uj,0
floating_point,newton_raphson,cpp,1,OK,0.006281431,0.435036,0.422383942,69.257467,2.0142,package-0,/sys/class/powercap/intel-rapl:0/energy_uj,0
floating_point,newton_raphson,cpp,2,OK,0.005296591,0.296875,0.286206606,56.050203,2.0142,package-0,/sys/class/powercap/intel-rapl:0/energy_uj,0
floating_point,newton_raphson,cpp,3,OK,0.005945838,0.625837,0.613860893,105.256315,2.0142,package-0,/sys/class/powercap/intel-rapl:0/energy_uj,0
floating_point,newton_raphson,cpp,4,OK,0.005539519,0.538775,0.527617301,97.260249,2.0142,package-0,/sys/class/powercap/intel-rapl:0/energy_uj,0
floating_point,newton_raphson,cpp,5,OK,0.006045586,0.530154,0.517976981,87.69274,2.0142,package-0,/sys/class/powercap/intel-rapl:0/energy_uj,0
floating_point,newton_raphson,cpp,6,OK,0.005933715,0.572068,0.560116311,96.409753,2.0142,package-0,/sys/class/powercap/intel-rapl:0/energy_uj,0
floating_point,newton_raphson,cpp,7,OK,0.005662942,0.576004,0.564597702,101.714621,2.0142,package-0,/sys/class/powercap/intel-rapl:0/energy_uj,0
floating_point,newton_raphson,cpp,8,OK,0.005744767,0.580979,0.56940789,101.131865,2.0142,package-0,/sys/class/powercap/intel-rapl:0/energy_uj,0
floating_point,newton_raphson,cpp,9,OK,0.004746841,0.151634,0.142072913,31.944192,2.0142,package-0,/sys/class/powercap/intel-rapl:0/energy_uj,0
floating_point,newton_raphson,cpp,10,OK,0.005730641,0.352902,0.341359343,61.581593,2.0142,package-0,/sys/class/powercap/intel-rapl:0/energy_uj,0
floating_point,newton_raphson,c,1,OK,0.473964892,1.961248,1.006587915,4.13796,2.0142,package-0,/sys/class/powercap/intel-rapl:0/energy_uj,0
floating_point,newton_raphson,c,2,OK,0.476161755,3.76456,2.805474993,7.906053,2.0142,package-0,/sys/class/powercap/intel-rapl:0/energy_uj,0
floating_point,newton_raphson,c,3,OK,0.473932632,2.118115,1.163519893,4.469232,2.0142,package-0,/sys/class/powercap/intel-rapl:0/energy_uj,0
floating_point,newton_raphson,c,4,OK,0.474498872,2.186731,1.230995372,4.608506,2.0142,package-0,/sys/class/powercap/intel-rapl:0/energy_uj,0
floating_point,newton_raphson,c,5,OK,0.474981824,3.397041,2.44033261,7.151939,2.0142,package-0,/sys/class/powercap/intel-rapl:0/energy_uj,0
floating_point,newton_raphson,c,6,OK,0.475987385,2.356445,1.397711209,4.950646,2.0142,package-0,/sys/class/powercap/intel-rapl:0/energy_uj,0
floating_point,newton_raphson,c,7,OK,0.474223601,2.606829,1.651647823,5.497046,2.0142,package-0,/sys/class/powercap/intel-rapl:0/energy_uj,0
floating_point,newton_raphson,c,8,OK,0.474689661,2.347688,1.391568085,4.945732,2.0142,package-0,/sys/class/powercap/intel-rapl:0/energy_uj,0
floating_point,newton_raphson,c,9,OK,0.474542955,2.560628,1.60480358,5.395988,2.0142,package-0,/sys/class/powercap/intel-rapl:0/energy_uj,0
floating_point,newton_raphson,c,10,OK,0.474555548,2.161478,1.205628215,4.554742,2.0142,package-0,/sys/class/powercap/intel-rapl:0/energy_uj,0
floating_point,newton_raphson,go,1,OK,0.057399474,0.421884,0.306269979,7.349963,2.0142,package-0,/sys/class/powercap/intel-rapl:0/energy_uj,0
floating_point,newton_raphson,go,2,OK,0.058568163,0.625304,0.507336006,10.676517,2.0142,package-0,/sys/class/powercap/intel-rapl:0/energy_uj,0
floating_point,newton_raphson,go,3,OK,0.057883047,0.393535,0.276946967,6.798796,2.0142,package-0,/sys/class/powercap/intel-rapl:0/energy_uj,0
floating_point,newton_raphson,go,4,OK,0.057914227,0.513035,0.396384164,8.858531,2.0142,package-0,/sys/class/powercap/intel-rapl:0/energy_uj,0
floating_point,newton_raphson,go,5,OK,0.057026168,0.472937,0.358074892,8.293333,2.0142,package-0,/sys/class/powercap/intel-rapl:0/energy_uj,0
floating_point,newton_raphson,go,6,OK,0.057097453,0.595077,0.48007131,10.422129,2.0142,package-0,/sys/class/powercap/intel-rapl:0/energy_uj,0
floating_point,newton_raphson,go,7,OK,0.057777488,0.695597,0.579221584,12.039239,2.0142,package-0,/sys/class/powercap/intel-rapl:0/energy_uj,0
floating_point,newton_raphson,go,8,OK,0.058236435,0.395808,0.278508173,6.79657,2.0142,package-0,/sys/class/powercap/intel-rapl:0/energy_uj,0
floating_point,newton_raphson,go,9,OK,0.057196179,0.395747,0.280542456,6.919116,2.0142,package-0,/sys/class/powercap/intel-rapl:0/energy_uj,0
floating_point,newton_raphson,go,10,OK,0.081061294,1.583337,1.420063342,19.53259,2.0142,package-0,/sys/class/powercap/intel-rapl:0/energy_uj,0
floating_point,gaussian_elimination,rust,1,OK,0.006889021,0.536349,0.522473134,77.85562,2.0142,package-0,/sys/class/powercap/intel-rapl:0/energy_uj,0
floating_point,gaussian_elimination,rust,2,OK,0.006566621,0.616087,0.602860512,93.821008,2.0142,package-0,/sys/class/powercap/intel-rapl:0/energy_uj,0
floating_point,gaussian_elimination,rust,3,OK,0.006973089,0.555757,0.541711804,79.700259,2.0142,package-0,/sys/class/powercap/intel-rapl:0/energy_uj,0
floating_point,gaussian_elimination,rust,4,OK,0.006547375,0.236026,0.222838277,36.048951,2.0142,package-0,/sys/class/powercap/intel-rapl:0/energy_uj,0
floating_point,gaussian_elimination,rust,5,OK,0.007467233,0.522571,0.507530499,69.981879,2.0142,package-0,/sys/class/powercap/intel-rapl:0/energy_uj,0
floating_point,gaussian_elimination,rust,6,OK,0.006531704,0.580049,0.566892842,88.805157,2.0142,package-0,/sys/class/powercap/intel-rapl:0/energy_uj,0
floating_point,gaussian_elimination,rust,7,OK,0.00713741,0.667309,0.652932829,93.494559,2.0142,package-0,/sys/class/powercap/intel-rapl:0/energy_uj,0
floating_point,gaussian_elimination,rust,8,OK,0.006627526,0.561418,0.548068837,84.710041,2.0142,package-0,/sys/class/powercap/intel-rapl:0/energy_uj,0
floating_point,gaussian_elimination,rust,9,OK,0.00705284,0.596633,0.58242717,84.594716,2.0142,package-0,/sys/class/powercap/intel-rapl:0/energy_uj,0
floating_point,gaussian_elimination,rust,10,OK,0.005686958,0.322401,0.310946329,56.691293,2.0142,package-0,/sys/class/powercap/intel-rapl:0/energy_uj,0
floating_point,gaussian_elimination,cpp,1,OK,0.007401509,0.475394,0.460485881,64.229335,2.0142,package-0,/sys/class/powercap/intel-rapl:0/energy_uj,0
floating_point,gaussian_elimination,cpp,2,OK,0.00589965,0.556245,0.544361925,94.284407,2.0142,package-0,/sys/class/powercap/intel-rapl:0/energy_uj,0
floating_point,gaussian_elimination,cpp,3,OK,0.006076013,0.564485,0.552246695,92.90385,2.0142,package-0,/sys/class/powercap/intel-rapl:0/energy_uj,0
floating_point,gaussian_elimination,cpp,4,OK,0.006913647,0.534351,0.520425532,77.289309,2.0142,package-0,/sys/class/powercap/intel-rapl:0/energy_uj,0
floating_point,gaussian_elimination,cpp,5,OK,0.005964643,0.304153,0.292139016,50.992658,2.0142,package-0,/sys/class/powercap/intel-rapl:0/energy_uj,0
floating_point,gaussian_elimination,cpp,6,OK,0.006646342,0.601135,0.587747938,90.445993,2.0142,package-0,/sys/class/powercap/intel-rapl:0/energy_uj,0
floating_point,gaussian_elimination,cpp,7,OK,0.006400898,0.571412,0.558519311,89.270599,2.0142,package-0,/sys/class/powercap/intel-rapl:0/energy_uj,0
floating_point,gaussian_elimination,cpp,8,OK,0.006548035,0.602446,0.589256948,92.00409,2.0142,package-0,/sys/class/powercap/intel-rapl:0/energy_uj,0
floating_point,gaussian_elimination,cpp,9,OK,0.007001302,0.594513,0.580410978,84.914634,2.0142,package-0,/sys/class/powercap/intel-rapl:0/energy_uj,0
floating_point,gaussian_elimination,cpp,10,OK,0.005808197,0.53786,0.52616113,92.603608,2.0142,package-0,/sys/class/powercap/intel-rapl:0/energy_uj,0
floating_point,gaussian_elimination,c,1,OK,0.006229594,0.370037,0.357489352,59.399858,2.0142,package-0,/sys/class/powercap/intel-rapl:0/energy_uj,0
floating_point,gaussian_elimination,c,2,OK,0.005988168,0.345883,0.333821632,57.761071,2.0142,package-0,/sys/class/powercap/intel-rapl:0/energy_uj,0
floating_point,gaussian_elimination,c,3,OK,0.006869424,0.429482,0.415645606,62.520817,2.0142,package-0,/sys/class/powercap/intel-rapl:0/energy_uj,0
floating_point,gaussian_elimination,c,4,OK,0.006356914,0.571351,0.558546904,89.878674,2.0142,package-0,/sys/class/powercap/intel-rapl:0/energy_uj,0
floating_point,gaussian_elimination,c,5,OK,0.00649731,0.552843,0.539756118,85.087983,2.0142,package-0,/sys/class/powercap/intel-rapl:0/energy_uj,0
floating_point,gaussian_elimination,c,6,OK,0.006202383,0.343168,0.33067516,55.328412,2.0142,package-0,/sys/class/powercap/intel-rapl:0/energy_uj,0
floating_point,gaussian_elimination,c,7,OK,0.006610604,0.48522,0.471904921,73.400252,2.0142,package-0,/sys/class/powercap/intel-rapl:0/energy_uj,0
floating_point,gaussian_elimination,c,8,OK,0.005969031,0.541201,0.529178178,90.66815,2.0142,package-0,/sys/class/powercap/intel-rapl:0/energy_uj,0
floating_point,gaussian_elimination,c,9,OK,0.005971827,0.582871,0.570842546,97.603464,2.0142,package-0,/sys/class/powercap/intel-rapl:0/energy_uj,0
floating_point,gaussian_elimination,c,10,OK,0.00596309,0.568132,0.556121144,95.274765,2.0142,package-0,/sys/class/powercap/intel-rapl:0/energy_uj,0
floating_point,gaussian_elimination,go,1,OK,0.006850908,0.444084,0.430284901,64.821189,2.0142,package-0,/sys/class/powercap/intel-rapl:0/energy_uj,0
floating_point,gaussian_elimination,go,2,OK,0.007182074,0.592727,0.578260867,82.528668,2.0142,package-0,/sys/class/powercap/intel-rapl:0/energy_uj,0
floating_point,gaussian_elimination,go,3,OK,0.006612196,0.527698,0.514379715,79.806769,2.0142,package-0,/sys/class/powercap/intel-rapl:0/energy_uj,0
floating_point,gaussian_elimination,go,4,OK,0.008055174,0.73539,0.719165269,91.294117,2.0142,package-0,/sys/class/powercap/intel-rapl:0/energy_uj,0
floating_point,gaussian_elimination,go,5,OK,0.006934125,0.521916,0.507949285,75.267752,2.0142,package-0,/sys/class/powercap/intel-rapl:0/energy_uj,0
floating_point,gaussian_elimination,go,6,OK,0.007715863,0.564165,0.548623709,73.11755,2.0142,package-0,/sys/class/powercap/intel-rapl:0/energy_uj,0
floating_point,gaussian_elimination,go,7,OK,0.007298123,0.411203,0.396503121,56.343665,2.0142,package-0,/sys/class/powercap/intel-rapl:0/energy_uj,0
floating_point,gaussian_elimination,go,8,OK,0.008318893,0.55617,0.539414086,66.856251,2.0142,package-0,/sys/class/powercap/intel-rapl:0/energy_uj,0
floating_point,gaussian_elimination,go,9,OK,0.00834401,0.595519,0.578712495,71.37084,2.0142,package-0,/sys/class/powercap/intel-rapl:0/energy_uj,0
floating_point,gaussian_elimination,go,10,OK,0.009801775,0.640562,0.620819265,65.351633,2.0142,package-0,/sys/class/powercap/intel-rapl:0/energy_uj,0
floating_point,matrix_multiplication,rust,1,OK,0.005773432,0.265291,0.253662153,45.950312,2.0142,package-0,/sys/class/powercap/intel-rapl:0/energy_uj,0
floating_point,matrix_multiplication,rust,2,OK,0.005784953,0.563874,0.552221948,97.472529,2.0142,package-0,/sys/class/powercap/intel-rapl:0/energy_uj,0
floating_point,matrix_multiplication,rust,3,OK,0.005413,0.358868,0.347965135,66.297432,2.0142,package-0,/sys/class/powercap/intel-rapl:0/energy_uj,0
floating_point,matrix_multiplication,rust,4,OK,0.0049106,0.367916,0.358025069,74.92282,2.0142,package-0,/sys/class/powercap/intel-rapl:0/energy_uj,0
floating_point,matrix_multiplication,rust,5,OK,0.005967519,0.559434,0.547414223,93.746497,2.0142,package-0,/sys/class/powercap/intel-rapl:0/energy_uj,0
floating_point,matrix_multiplication,rust,6,OK,0.007128232,0.75614,0.741782315,106.076794,2.0142,package-0,/sys/class/powercap/intel-rapl:0/energy_uj,0
floating_point,matrix_multiplication,rust,7,OK,0.008406869,0.612258,0.595324884,72.828303,2.0142,package-0,/sys/class/powercap/intel-rapl:0/energy_uj,0
floating_point,matrix_multiplication,rust,8,OK,0.005917714,0.559343,0.54742354,94.520114,2.0142,package-0,/sys/class/powercap/intel-rapl:0/energy_uj,0
floating_point,matrix_multiplication,rust,9,OK,0.005578022,0.517338,0.506102748,92.74578,2.0142,package-0,/sys/class/powercap/intel-rapl:0/energy_uj,0
floating_point,matrix_multiplication,rust,10,OK,0.006521375,0.365033,0.351897646,55.974852,2.0142,package-0,/sys/class/powercap/intel-rapl:0/energy_uj,0
floating_point,matrix_multiplication,cpp,1,OK,0.007519401,0.381999,0.366853423,50.801786,2.0142,package-0,/sys/class/powercap/intel-rapl:0/energy_uj,0
floating_point,matrix_multiplication,cpp,2,OK,0.005816303,0.330046,0.318330802,56.74498,2.0142,package-0,/sys/class/powercap/intel-rapl:0/energy_uj,0
floating_point,matrix_multiplication,cpp,3,OK,0.005912204,0.452369,0.440460639,76.514444,2.0142,package-0,/sys/class/powercap/intel-rapl:0/energy_uj,0
floating_point,matrix_multiplication,cpp,4,OK,0.006507098,0.585709,0.572602403,90.010785,2.0142,package-0,/sys/class/powercap/intel-rapl:0/energy_uj,0
floating_point,matrix_multiplication,cpp,5,OK,0.006331967,0.568299,0.555545152,89.750784,2.0142,package-0,/sys/class/powercap/intel-rapl:0/energy_uj,0
floating_point,matrix_multiplication,cpp,6,OK,0.006795533,0.579438,0.565750437,85.267484,2.0142,package-0,/sys/class/powercap/intel-rapl:0/energy_uj,0
floating_point,matrix_multiplication,cpp,7,OK,0.006625502,0.617476,0.604130914,93.196863,2.0142,package-0,/sys/class/powercap/intel-rapl:0/energy_uj,0
floating_point,matrix_multiplication,cpp,8,OK,0.007207462,0.602889,0.58837173,83.647892,2.0142,package-0,/sys/class/powercap/intel-rapl:0/energy_uj,0
floating_point,matrix_multiplication,cpp,9,OK,0.00741843,0.527378,0.512435798,71.090244,2.0142,package-0,/sys/class/powercap/intel-rapl:0/energy_uj,0
floating_point,matrix_multiplication,cpp,10,OK,0.006337168,0.573594,0.560829676,90.512671,2.0142,package-0,/sys/class/powercap/intel-rapl:0/energy_uj,0
floating_point,matrix_multiplication,c,1,OK,0.019664125,0.371639,0.332031519,18.899341,2.0142,package-0,/sys/class/powercap/intel-rapl:0/energy_uj,0
floating_point,matrix_multiplication,c,2,OK,0.034520703,1.087316,1.0177844,31.497505,2.0142,package-0,/sys/class/powercap/intel-rapl:0/energy_uj,0
floating_point,matrix_multiplication,c,3,OK,0.033075622,1.07958,1.012959082,32.639749,2.0142,package-0,/sys/class/powercap/intel-rapl:0/energy_uj,0
floating_point,matrix_multiplication,c,4,OK,0.032884571,1.044974,0.978737897,31.77703,2.0142,package-0,/sys/class/powercap/intel-rapl:0/energy_uj,0
floating_point,matrix_multiplication,c,5,OK,0.030855035,1.077887,1.015738789,34.933909,2.0142,package-0,/sys/class/powercap/intel-rapl:0/energy_uj,0
floating_point,matrix_multiplication,c,6,OK,0.029895372,1.094914,1.034698742,36.624866,2.0142,package-0,/sys/class/powercap/intel-rapl:0/energy_uj,0
floating_point,matrix_multiplication,c,7,OK,0.03366164,1.089971,1.022169725,32.380211,2.0142,package-0,/sys/class/powercap/intel-rapl:0/energy_uj,0
floating_point,matrix_multiplication,c,8,OK,0.032509242,1.083867,1.018386885,33.340273,2.0142,package-0,/sys/class/powercap/intel-rapl:0/energy_uj,0
floating_point,matrix_multiplication,c,9,OK,0.029723497,1.095143,1.035273932,36.844352,2.0142,package-0,/sys/class/powercap/intel-rapl:0/energy_uj,0
floating_point,matrix_multiplication,c,10,OK,0.03329142,1.124378,1.057322422,33.773807,2.0142,package-0,/sys/class/powercap/intel-rapl:0/energy_uj,0
floating_point,matrix_multiplication,go,1,OK,0.005983178,0.281144,0.269092683,46.989075,2.0142,package-0,/sys/class/powercap/intel-rapl:0/energy_uj,0
floating_point,matrix_multiplication,go,2,OK,0.00568265,0.324553,0.313107006,57.112967,2.0142,package-0,/sys/class/powercap/intel-rapl:0/energy_uj,0
floating_point,matrix_multiplication,go,3,OK,0.006350132,0.443168,0.430377564,69.788785,2.0142,package-0,/sys/class/powercap/intel-rapl:0/energy_uj,0
floating_point,matrix_multiplication,go,4,OK,0.005833385,0.259645,0.247895396,44.510177,2.0142,package-0,/sys/class/powercap/intel-rapl:0/energy_uj,0
floating_point,matrix_multiplication,go,5,OK,0.006141467,0.429269,0.416898857,69.896818,2.0142,package-0,/sys/class/powercap/intel-rapl:0/energy_uj,0
floating_point,matrix_multiplication,go,6,OK,0.006632395,0.531116,0.51775703,80.079066,2.0142,package-0,/sys/class/powercap/intel-rapl:0/energy_uj,0
floating_point,matrix_multiplication,go,7,OK,0.007122702,0.514546,0.500199454,72.240282,2.0142,package-0,/sys/class/powercap/intel-rapl:0/energy_uj,0
floating_point,matrix_multiplication,go,8,OK,0.006837402,0.510868,0.497096105,74.716683,2.0142,package-0,/sys/class/powercap/intel-rapl:0/energy_uj,0
floating_point,matrix_multiplication,go,9,OK,0.006336476,0.512913,0.50015007,80.946097,2.0142,package-0,/sys/class/powercap/intel-rapl:0/energy_uj,0
floating_point,matrix_multiplication,go,10,OK,0.007050184,0.53017,0.515969519,75.199456,2.0142,package-0,/sys/class/powercap/intel-rapl:0/energy_uj,0
string_and_text_processing,anagram_checker,java,1,OK,0.445161783,4.465391,3.568746137,10.03094,2.0142,package-0,/sys/class/powercap/intel-rapl:0/energy_uj,0
string_and_text_processing,anagram_checker,java,2,OK,0.44305952,4.554666,3.662255515,10.280032,2.0142,package-0,/sys/class/powercap/intel-rapl:0/energy_uj,0
string_and_text_processing,anagram_checker,java,3,OK,0.455984168,4.925679,4.007235689,10.802303,2.0142,package-0,/sys/class/powercap/intel-rapl:0/energy_uj,0
string_and_text_processing,anagram_checker,java,4,OK,0.45035605,5.128855,4.221747844,11.388445,2.0142,package-0,/sys/class/powercap/intel-rapl:0/energy_uj,0
string_and_text_processing,anagram_checker,java,5,OK,0.477791333,6.160952,5.198584697,12.89465,2.0142,package-0,/sys/class/powercap/intel-rapl:0/energy_uj,0
string_and_text_processing,anagram_checker,java,6,OK,0.444942268,4.867821,3.971618284,10.940343,2.0142,package-0,/sys/class/powercap/intel-rapl:0/energy_uj,0
string_and_text_processing,anagram_checker,java,7,OK,0.450886152,5.1883,4.280125113,11.506896,2.0142,package-0,/sys/class/powercap/intel-rapl:0/energy_uj,0
string_and_text_processing,anagram_checker,java,8,OK,0.456018683,5.180976,4.262463169,11.361324,2.0142,package-0,/sys/class/powercap/intel-rapl:0/energy_uj,0
string_and_text_processing,anagram_checker,java,9,OK,0.455452352,5.041105,4.123732873,11.068348,2.0142,package-0,/sys/class/powercap/intel-rapl:0/energy_uj,0
string_and_text_processing,anagram_checker,java,10,OK,0.441180107,5.139565,4.250940028,11.649585,2.0142,package-0,/sys/class/powercap/intel-rapl:0/energy_uj,0
string_and_text_processing,sha1_pure_implementation,java,1,OK,0.080340571,0.824314,0.662492022,10.260246,2.0142,package-0,/sys/class/powercap/intel-rapl:0/energy_uj,0
string_and_text_processing,sha1_pure_implementation,java,2,OK,0.080582028,0.84807,0.685761679,10.524307,2.0142,package-0,/sys/class/powercap/intel-rapl:0/energy_uj,0
string_and_text_processing,sha1_pure_implementation,java,3,OK,0.080141045,0.992548,0.831127907,12.385014,2.0142,package-0,/sys/class/powercap/intel-rapl:0/energy_uj,0
string_and_text_processing,sha1_pure_implementation,java,4,OK,0.081157596,0.857179,0.69371137,10.561907,2.0142,package-0,/sys/class/powercap/intel-rapl:0/energy_uj,0
string_and_text_processing,sha1_pure_implementation,java,5,OK,0.080026367,0.821949,0.660759892,10.270977,2.0142,package-0,/sys/class/powercap/intel-rapl:0/energy_uj,0
string_and_text_processing,sha1_pure_implementation,java,6,OK,0.079540239,0.993372,0.833162051,12.488924,2.0142,package-0,/sys/class/powercap/intel-rapl:0/energy_uj,0
string_and_text_processing,sha1_pure_implementation,java,7,OK,0.078907202,0.854036,0.695101114,10.823296,2.0142,package-0,/sys/class/powercap/intel-rapl:0/energy_uj,0
string_and_text_processing,sha1_pure_implementation,java,8,OK,0.066949522,0.756782,0.621932273,11.30377,2.0142,package-0,/sys/class/powercap/intel-rapl:0/energy_uj,0
string_and_text_processing,sha1_pure_implementation,java,9,OK,0.079380366,0.994836,0.834948067,12.53252,2.0142,package-0,/sys/class/powercap/intel-rapl:0/energy_uj,0
string_and_text_processing,sha1_pure_implementation,java,10,OK,0.08118645,0.929441,0.765915252,11.448228,2.0142,package-0,/sys/class/powercap/intel-rapl:0/energy_uj,0
string_and_text_processing,longest_common_subsequence,java,1,OK,0.065649515,0.717294,0.585062747,10.926113,2.0142,package-0,/sys/class/powercap/intel-rapl:0/energy_uj,0
string_and_text_processing,longest_common_subsequence,java,2,OK,0.066719778,0.646145,0.511758023,9.68446,2.0142,package-0,/sys/class/powercap/intel-rapl:0/energy_uj,0
string_and_text_processing,longest_common_subsequence,java,3,OK,0.064602677,0.742485,0.612362288,11.4931,2.0142,package-0,/sys/class/powercap/intel-rapl:0/energy_uj,0
string_and_text_processing,longest_common_subsequence,java,4,OK,0.066156514,0.66328,0.53002755,10.025921,2.0142,package-0,/sys/class/powercap/intel-rapl:0/energy_uj,0
string_and_text_processing,longest_common_subsequence,java,5,OK,0.062703878,0.663158,0.536859849,10.576028,2.0142,package-0,/sys/class/powercap/intel-rapl:0/energy_uj,0
string_and_text_processing,longest_common_subsequence,java,6,OK,0.066003695,0.875214,0.742269358,13.260076,2.0142,package-0,/sys/class/powercap/intel-rapl:0/energy_uj,0
string_and_text_processing,longest_common_subsequence,java,7,OK,0.066998415,1.010538,0.875589793,15.083014,2.0142,package-0,/sys/class/powercap/intel-rapl:0/energy_uj,0
string_and_text_processing,longest_common_subsequence,java,8,OK,0.065476239,0.730645,0.598762759,11.158934,2.0142,package-0,/sys/class/powercap/intel-rapl:0/energy_uj,0
string_and_text_processing,longest_common_subsequence,java,9,OK,0.067163357,0.73304,0.597759566,10.914285,2.0142,package-0,/sys/class/powercap/intel-rapl:0/energy_uj,0
string_and_text_processing,longest_common_subsequence,java,10,OK,0.061891413,0.647779,0.523117316,10.466379,2.0142,package-0,/sys/class/powercap/intel-rapl:0/energy_uj,0
string_and_text_processing,command_line_argument_parser,java,1,OK,0.035420814,0.384089,0.312744396,10.843596,2.0142,package-0,/sys/class/powercap/intel-rapl:0/energy_uj,0
string_and_text_processing,command_line_argument_parser,java,2,OK,0.049652441,1.102757,1.002747053,22.209522,2.0142,package-0,/sys/class/powercap/intel-rapl:0/energy_uj,0
string_and_text_processing,command_line_argument_parser,java,3,OK,0.051480086,1.267864,1.164172811,24.628242,2.0142,package-0,/sys/class/powercap/intel-rapl:0/energy_uj,0
string_and_text_processing,command_line_argument_parser,java,4,OK,0.034135946,0.343244,0.274487378,10.055207,2.0142,package-0,/sys/class/powercap/intel-rapl:0/energy_uj,0
string_and_text_processing,command_line_argument_parser,java,5,OK,0.052410614,1.262905,1.157339541,24.09636,2.0142,package-0,/sys/class/powercap/intel-rapl:0/energy_uj,0
string_and_text_processing,command_line_argument_parser,java,6,OK,0.035425113,0.331754,0.260400737,9.364938,2.0142,package-0,/sys/class/powercap/intel-rapl:0/energy_uj,0
string_and_text_processing,command_line_argument_parser,java,7,OK,0.05464107,1.317131,1.207072957,24.105147,2.0142,package-0,/sys/class/powercap/intel-rapl:0/energy_uj,0
string_and_text_processing,command_line_argument_parser,java,8,OK,0.033948602,0.328292,0.259912726,9.670266,2.0142,package-0,/sys/class/powercap/intel-rapl:0/energy_uj,0
string_and_text_processing,command_line_argument_parser,java,9,OK,0.056455289,1.34101,1.227297757,23.753487,2.0142,package-0,/sys/class/powercap/intel-rapl:0/energy_uj,0
string_and_text_processing,command_line_argument_parser,java,10,OK,0.035492721,0.369274,0.297784561,10.404218,2.0142,package-0,/sys/class/powercap/intel-rapl:0/energy_uj,0
string_and_text_processing,palindrome_detection,java,1,OK,0.079763641,0.853776,0.693116074,10.703824,2.0142,package-0,/sys/class/powercap/intel-rapl:0/energy_uj,0
string_and_text_processing,palindrome_detection,java,2,OK,0.076434468,0.70112,0.547165695,9.172825,2.0142,package-0,/sys/class/powercap/intel-rapl:0/energy_uj,0
string_and_text_processing,palindrome_detection,java,3,OK,0.070678139,1.103626,0.961266092,15.614814,2.0142,package-0,/sys/class/powercap/intel-rapl:0/energy_uj,0
string_and_text_processing,palindrome_detection,java,4,OK,0.071846668,0.732963,0.588249441,10.201767,2.0142,package-0,/sys/class/powercap/intel-rapl:0/energy_uj,0
string_and_text_processing,palindrome_detection,java,5,OK,0.071877486,0.706323,0.561547368,9.826763,2.0142,package-0,/sys/class/powercap/intel-rapl:0/energy_uj,0
string_and_text_processing,palindrome_detection,java,6,OK,0.072316967,1.051368,0.905707165,14.538331,2.0142,package-0,/sys/class/powercap/intel-rapl:0/energy_uj,0
string_and_text_processing,palindrome_detection,java,7,OK,0.073689411,0.70971,0.561284788,9.631099,2.0142,package-0,/sys/class/powercap/intel-rapl:0/energy_uj,0
string_and_text_processing,palindrome_detection,java,8,OK,0.072527865,0.678523,0.532437374,9.355342,2.0142,package-0,/sys/class/powercap/intel-rapl:0/energy_uj,0
string_and_text_processing,palindrome_detection,java,9,OK,0.075891142,1.011071,0.858211062,13.322648,2.0142,package-0,/sys/class/powercap/intel-rapl:0/energy_uj,0
string_and_text_processing,palindrome_detection,java,10,OK,0.07298027,0.728142,0.58114514,9.977245,2.0142,package-0,/sys/class/powercap/intel-rapl:0/energy_uj,0
memory_intensive_and_allocation_heavy,tree_traversal,java,1,OK,0.042585395,0.454399,0.368623497,10.670301,2.0142,package-0,/sys/class/powercap/intel-rapl:0/energy_uj,0
memory_intensive_and_allocation_heavy,tree_traversal,java,2,OK,0.059094907,1.202208,1.083179038,20.343682,2.0142,package-0,/sys/class/powercap/intel-rapl:0/energy_uj,0
memory_intensive_and_allocation_heavy,tree_traversal,java,3,OK,0.047857188,0.687129,0.590735052,14.357906,2.0142,package-0,/sys/class/powercap/intel-rapl:0/energy_uj,0
memory_intensive_and_allocation_heavy,tree_traversal,java,4,OK,0.059416074,1.349219,1.229543144,22.70798,2.0142,package-0,/sys/class/powercap/intel-rapl:0/energy_uj,0
memory_intensive_and_allocation_heavy,tree_traversal,java,5,OK,0.041120125,0.68513,0.602305844,16.661671,2.0142,package-0,/sys/class/powercap/intel-rapl:0/energy_uj,0
memory_intensive_and_allocation_heavy,tree_traversal,java,6,OK,0.063642433,1.497878,1.369689411,23.535838,2.0142,package-0,/sys/class/powercap/intel-rapl:0/energy_uj,0
memory_intensive_and_allocation_heavy,tree_traversal,java,7,OK,0.042439509,0.398173,0.312691341,9.38213,2.0142,package-0,/sys/class/powercap/intel-rapl:0/energy_uj,0
memory_intensive_and_allocation_heavy,tree_traversal,java,8,OK,0.061211447,1.313287,1.189994903,21.454925,2.0142,package-0,/sys/class/powercap/intel-rapl:0/energy_uj,0
memory_intensive_and_allocation_heavy,tree_traversal,java,9,OK,0.04229674,0.472571,0.387376906,11.172752,2.0142,package-0,/sys/class/powercap/intel-rapl:0/energy_uj,0
memory_intensive_and_allocation_heavy,tree_traversal,java,10,OK,0.064119043,1.396595,1.267446424,21.781283,2.0142,package-0,/sys/class/powercap/intel-rapl:0/energy_uj,0
memory_intensive_and_allocation_heavy,word_frequency_counter,java,1,OK,0.062682007,0.6517,0.525445902,10.396923,2.0142,package-0,/sys/class/powercap/intel-rapl:0/energy_uj,0
memory_intensive_and_allocation_heavy,word_frequency_counter,java,2,OK,0.048580055,0.613876,0.516026053,12.636379,2.0142,package-0,/sys/class/powercap/intel-rapl:0/energy_uj,0
memory_intensive_and_allocation_heavy,word_frequency_counter,java,3,OK,0.075948571,1.424121,1.271145388,18.751123,2.0142,package-0,/sys/class/powercap/intel-rapl:0/energy_uj,0
memory_intensive_and_allocation_heavy,word_frequency_counter,java,4,OK,0.047912463,0.529895,0.433389717,11.059649,2.0142,package-0,/sys/class/powercap/intel-rapl:0/energy_uj,0
memory_intensive_and_allocation_heavy,word_frequency_counter,java,5,OK,0.06603841,1.428393,1.295378435,21.62973,2.0142,package-0,/sys/class/powercap/intel-rapl:0/energy_uj,0
memory_intensive_and_allocation_heavy,word_frequency_counter,java,6,OK,0.063995049,0.595718,0.466819172,9.308814,2.0142,package-0,/sys/class/powercap/intel-rapl:0/energy_uj,0
memory_intensive_and_allocation_heavy,word_frequency_counter,java,7,OK,0.049460488,0.544192,0.444568685,11.00256,2.0142,package-0,/sys/class/powercap/intel-rapl:0/energy_uj,0
memory_intensive_and_allocation_heavy,word_frequency_counter,java,8,OK,0.065768871,1.309136,1.17666434,19.905101,2.0142,package-0,/sys/class/powercap/intel-rapl:0/energy_uj,0
memory_intensive_and_allocation_heavy,word_frequency_counter,java,9,OK,0.05301154,0.687251,0.580475156,12.964177,2.0142,package-0,/sys/class/powercap/intel-rapl:0/energy_uj,0
memory_intensive_and_allocation_heavy,word_frequency_counter,java,10,OK,0.048310665,0.552233,0.454925659,11.430871,2.0142,package-0,/sys/class/powercap/intel-rapl:0/energy_uj,0
memory_intensive_and_allocation_heavy,priority_queue,java,1,OK,0.050819167,0.553041,0.450681034,10.882528,2.0142,package-0,/sys/class/powercap/intel-rapl:0/energy_uj,0
memory_intensive_and_allocation_heavy,priority_queue,java,2,OK,0.047779732,0.498097,0.401859064,10.42486,2.0142,package-0,/sys/class/powercap/intel-rapl:0/energy_uj,0
memory_intensive_and_allocation_heavy,priority_queue,java,3,OK,0.065963138,1.494002,1.361139047,22.649044,2.0142,package-0,/sys/class/powercap/intel-rapl:0/energy_uj,0
memory_intensive_and_allocation_heavy,priority_queue,java,4,OK,0.048607276,0.506093,0.408188225,10.411877,2.0142,package-0,/sys/class/powercap/intel-rapl:0/energy_uj,0
memory_intensive_and_allocation_heavy,priority_queue,java,5,OK,0.068778439,1.414005,1.275471468,20.558841,2.0142,package-0,/sys/class/powercap/intel-rapl:0/energy_uj,0
memory_intensive_and_allocation_heavy,priority_queue,java,6,OK,0.053364016,0.594574,0.487088199,11.141853,2.0142,package-0,/sys/class/powercap/intel-rapl:0/energy_uj,0
memory_intensive_and_allocation_heavy,priority_queue,java,7,OK,0.050390727,0.510655,0.409157998,10.133908,2.0142,package-0,/sys/class/powercap/intel-rapl:0/energy_uj,0
memory_intensive_and_allocation_heavy,priority_queue,java,8,OK,0.052345011,1.164978,1.059544679,22.25576,2.0142,package-0,/sys/class/powercap/intel-rapl:0/energy_uj,0
memory_intensive_and_allocation_heavy,priority_queue,java,9,OK,0.051679562,0.627332,0.523239026,12.13888,2.0142,package-0,/sys/class/powercap/intel-rapl:0/energy_uj,0
memory_intensive_and_allocation_heavy,priority_queue,java,10,OK,0.072160441,1.516646,1.37130044,21.017693,2.0142,package-0,/sys/class/powercap/intel-rapl:0/energy_uj,0
memory_intensive_and_allocation_heavy,crc_32,java,1,OK,0.042939745,0.499577,0.413087766,11.634373,2.0142,package-0,/sys/class/powercap/intel-rapl:0/energy_uj,0
memory_intensive_and_allocation_heavy,crc_32,java,2,OK,0.059666748,1.230512,1.110331236,20.623078,2.0142,package-0,/sys/class/powercap/intel-rapl:0/energy_uj,0
memory_intensive_and_allocation_heavy,crc_32,java,3,OK,0.043682328,0.706643,0.618658055,16.176862,2.0142,package-0,/sys/class/powercap/intel-rapl:0/energy_uj,0
memory_intensive_and_allocation_heavy,crc_32,java,4,OK,0.057128962,1.255123,1.140053845,21.969995,2.0142,package-0,/sys/class/powercap/intel-rapl:0/energy_uj,0
memory_intensive_and_allocation_heavy,crc_32,java,5,OK,0.044054201,0.665203,0.576469028,15.09965,2.0142,package-0,/sys/class/powercap/intel-rapl:0/energy_uj,0
memory_intensive_and_allocation_heavy,crc_32,java,6,OK,0.057409181,1.198256,1.082622428,20.872202,2.0142,package-0,/sys/class/powercap/intel-rapl:0/energy_uj,0
memory_intensive_and_allocation_heavy,crc_32,java,7,OK,0.04321737,0.463751,0.376702573,10.730662,2.0142,package-0,/sys/class/powercap/intel-rapl:0/energy_uj,0
memory_intensive_and_allocation_heavy,crc_32,java,8,OK,0.057970994,1.215467,1.098701824,20.966813,2.0142,package-0,/sys/class/powercap/intel-rapl:0/energy_uj,0
memory_intensive_and_allocation_heavy,crc_32,java,9,OK,0.04361431,0.631056,0.543208057,14.469013,2.0142,package-0,/sys/class/powercap/intel-rapl:0/energy_uj,0
memory_intensive_and_allocation_heavy,crc_32,java,10,OK,0.060811201,1.311715,1.189229079,21.570286,2.0142,package-0,/sys/class/powercap/intel-rapl:0/energy_uj,0
memory_intensive_and_allocation_heavy,huffman_coding,java,1,OK,0.058444658,0.598068,0.48034877,10.233065,2.0142,package-0,/sys/class/powercap/intel-rapl:0/energy_uj,0
memory_intensive_and_allocation_heavy,huffman_coding,java,2,OK,0.057086091,1.261745,1.146762196,22.102494,2.0142,package-0,/sys/class/powercap/intel-rapl:0/energy_uj,0
memory_intensive_and_allocation_heavy,huffman_coding,java,3,OK,0.055327237,0.817539,0.706098879,14.776429,2.0142,package-0,/sys/class/powercap/intel-rapl:0/energy_uj,0
memory_intensive_and_allocation_heavy,huffman_coding,java,4,OK,0.058168948,0.578278,0.461114105,9.941352,2.0142,package-0,/sys/class/powercap/intel-rapl:0/energy_uj,0
memory_intensive_and_allocation_heavy,huffman_coding,java,5,OK,0.054458265,0.838854,0.729164163,15.403612,2.0142,package-0,/sys/class/powercap/intel-rapl:0/energy_uj,0
memory_intensive_and_allocation_heavy,huffman_coding,java,6,OK,0.057044703,0.589462,0.474562559,10.333335,2.0142,package-0,/sys/class/powercap/intel-rapl:0/energy_uj,0
memory_intensive_and_allocation_heavy,huffman_coding,java,7,OK,0.058307509,0.622602,0.505159015,10.677904,2.0142,package-0,/sys/class/powercap/intel-rapl:0/energy_uj,0
memory_intensive_and_allocation_heavy,huffman_coding,java,8,OK,0.060494232,0.719797,0.597949518,11.898605,2.0142,package-0,/sys/class/powercap/intel-rapl:0/energy_uj,0
memory_intensive_and_allocation_heavy,huffman_coding,java,9,OK,0.059106399,0.666408,0.547355891,11.274718,2.0142,package-0,/sys/class/powercap/intel-rapl:0/energy_uj,0
memory_intensive_and_allocation_heavy,huffman_coding,java,10,OK,0.058883418,0.954281,0.835678019,16.206277,2.0142,package-0,/sys/class/powercap/intel-rapl:0/energy_uj,0
integer_and_control_flow_intensive,sudoku_solver,java,1,OK,0.051533427,0.44593,0.342131371,8.653218,2.0142,package-0,/sys/class/powercap/intel-rapl:0/energy_uj,0
integer_and_control_flow_intensive,sudoku_solver,java,2,OK,0.037675475,0.376797,0.300911058,10.001121,2.0142,package-0,/sys/class/powercap/intel-rapl:0/energy_uj,0
integer_and_control_flow_intensive,sudoku_solver,java,3,OK,0.048547192,1.144777,1.046993246,23.580705,2.0142,package-0,/sys/class/powercap/intel-rapl:0/energy_uj,0
integer_and_control_flow_intensive,sudoku_solver,java,4,OK,0.062608408,1.173585,1.047479145,18.744847,2.0142,package-0,/sys/class/powercap/intel-rapl:0/energy_uj,0
integer_and_control_flow_intensive,sudoku_solver,java,5,OK,0.047966105,0.510197,0.413583671,10.636615,2.0142,package-0,/sys/class/powercap/intel-rapl:0/energy_uj,0
integer_and_control_flow_intensive,sudoku_solver,java,6,OK,0.062978998,1.137133,1.010280702,18.055749,2.0142,package-0,/sys/class/powercap/intel-rapl:0/energy_uj,0
integer_and_control_flow_intensive,sudoku_solver,java,7,OK,0.05052444,0.509938,0.408171673,10.092898,2.0142,package-0,/sys/class/powercap/intel-rapl:0/energy_uj,0
integer_and_control_flow_intensive,sudoku_solver,java,8,OK,0.037920198,0.376384,0.300005137,9.925687,2.0142,package-0,/sys/class/powercap/intel-rapl:0/energy_uj,0
integer_and_control_flow_intensive,sudoku_solver,java,9,OK,0.063405083,1.144166,1.016455482,18.045336,2.0142,package-0,/sys/class/powercap/intel-rapl:0/energy_uj,0
integer_and_control_flow_intensive,sudoku_solver,java,10,OK,0.053449699,0.431252,0.323593616,8.068371,2.0142,package-0,/sys/class/powercap/intel-rapl:0/energy_uj,0
integer_and_control_flow_intensive,knights_tour,java,1,OK,0.035918174,0.444405,0.372058614,12.372706,2.0142,package-0,/sys/class/powercap/intel-rapl:0/energy_uj,0
integer_and_control_flow_intensive,knights_tour,java,2,OK,0.047107993,1.057532,0.96264708,22.449099,2.0142,package-0,/sys/class/powercap/intel-rapl:0/energy_uj,0
integer_and_control_flow_intensive,knights_tour,java,3,OK,0.052118953,1.199126,1.094148005,23.007484,2.0142,package-0,/sys/class/powercap/intel-rapl:0/energy_uj,0
integer_and_control_flow_intensive,knights_tour,java,4,OK,0.035776276,0.357999,0.285938425,10.006603,2.0142,package-0,/sys/class/powercap/intel-rapl:0/energy_uj,0
integer_and_control_flow_intensive,knights_tour,java,5,OK,0.056412297,1.257275,1.143649351,22.287251,2.0142,package-0,/sys/class/powercap/intel-rapl:0/energy_uj,0
integer_and_control_flow_intensive,knights_tour,java,6,OK,0.034046647,0.326308,0.257731244,9.584145,2.0142,package-0,/sys/class/powercap/intel-rapl:0/energy_uj,0
integer_and_control_flow_intensive,knights_tour,java,7,OK,0.053252204,1.23689,1.129629411,23.22702,2.0142,package-0,/sys/class/powercap/intel-rapl:0/energy_uj,0
integer_and_control_flow_intensive,knights_tour,java,8,OK,0.036038121,0.389597,0.317009017,10.810691,2.0142,package-0,/sys/class/powercap/intel-rapl:0/energy_uj,0
integer_and_control_flow_intensive,knights_tour,java,9,OK,0.054345001,1.225462,1.116000299,22.549673,2.0142,package-0,/sys/class/powercap/intel-rapl:0/energy_uj,0
integer_and_control_flow_intensive,knights_tour,java,10,OK,0.035796655,0.34657,0.274468377,9.681631,2.0142,package-0,/sys/class/powercap/intel-rapl:0/energy_uj,0
integer_and_control_flow_intensive,josephus_problem,java,1,OK,0.036460619,0.400431,0.326992021,10.982562,2.0142,package-0,/sys/class/powercap/intel-rapl:0/energy_uj,0
integer_and_control_flow_intensive,josephus_problem,java,2,OK,0.045470558,1.083669,0.992082202,23.832322,2.0142,package-0,/sys/class/powercap/intel-rapl:0/energy_uj,0
integer_and_control_flow_intensive,josephus_problem,java,3,OK,0.051569906,1.240354,1.136481895,24.051896,2.0142,package-0,/sys/class/powercap/intel-rapl:0/energy_uj,0
integer_and_control_flow_intensive,josephus_problem,java,4,OK,0.035939394,0.349897,0.277507873,9.735751,2.0142,package-0,/sys/class/powercap/intel-rapl:0/energy_uj,0
integer_and_control_flow_intensive,josephus_problem,java,5,OK,0.050499593,1.274241,1.17252472,25.232698,2.0142,package-0,/sys/class/powercap/intel-rapl:0/energy_uj,0
integer_and_control_flow_intensive,josephus_problem,java,6,OK,0.035648785,0.489064,0.417260217,13.718953,2.0142,package-0,/sys/class/powercap/intel-rapl:0/energy_uj,0
integer_and_control_flow_intensive,josephus_problem,java,7,OK,0.055022531,1.250958,1.140131618,22.735377,2.0142,package-0,/sys/class/powercap/intel-rapl:0/energy_uj,0
integer_and_control_flow_intensive,josephus_problem,java,8,OK,0.036544628,0.35249,0.27888181,9.645467,2.0142,package-0,/sys/class/powercap/intel-rapl:0/energy_uj,0
integer_and_control_flow_intensive,josephus_problem,java,9,OK,0.047160903,1.20555,1.110558509,25.562488,2.0142,package-0,/sys/class/powercap/intel-rapl:0/energy_uj,0
integer_and_control_flow_intensive,josephus_problem,java,10,OK,0.049395716,1.117221,1.017728149,22.617771,2.0142,package-0,/sys/class/powercap/intel-rapl:0/energy_uj,0
integer_and_control_flow_intensive,producer_consumer_single_thread,java,1,OK,0.045230264,0.59375,0.502647202,13.127272,2.0142,package-0,/sys/class/powercap/intel-rapl:0/energy_uj,0
integer_and_control_flow_intensive,producer_consumer_single_thread,java,2,OK,0.060774512,1.170686,1.048273978,19.262779,2.0142,package-0,/sys/class/powercap/intel-rapl:0/energy_uj,0
integer_and_control_flow_intensive,producer_consumer_single_thread,java,3,OK,0.046235564,0.695032,0.601904327,15.032411,2.0142,package-0,/sys/class/powercap/intel-rapl:0/energy_uj,0
integer_and_control_flow_intensive,producer_consumer_single_thread,java,4,OK,0.076104304,1.835354,1.682064711,24.116297,2.0142,package-0,/sys/class/powercap/intel-rapl:0/energy_uj,0
integer_and_control_flow_intensive,producer_consumer_single_thread,java,5,OK,0.044950565,0.449943,0.359403572,10.00973,2.0142,package-0,/sys/class/powercap/intel-rapl:0/energy_uj,0
integer_and_control_flow_intensive,producer_consumer_single_thread,java,6,OK,0.061144341,1.199844,1.076687068,19.623141,2.0142,package-0,/sys/class/powercap/intel-rapl:0/energy_uj,0
integer_and_control_flow_intensive,producer_consumer_single_thread,java,7,OK,0.045447996,0.444465,0.352923646,9.779639,2.0142,package-0,/sys/class/powercap/intel-rapl:0/energy_uj,0
integer_and_control_flow_intensive,producer_consumer_single_thread,java,8,OK,0.062546631,1.481949,1.355967576,23.693506,2.0142,package-0,/sys/class/powercap/intel-rapl:0/energy_uj,0
integer_and_control_flow_intensive,producer_consumer_single_thread,java,9,OK,0.045453365,0.485433,0.393880832,10.679803,2.0142,package-0,/sys/class/powercap/intel-rapl:0/energy_uj,0
integer_and_control_flow_intensive,producer_consumer_single_thread,java,10,OK,0.06338221,1.360647,1.232982553,21.467333,2.0142,package-0,/sys/class/powercap/intel-rapl:0/energy_uj,0
integer_and_control_flow_intensive,towers_of_hanoi,java,1,OK,0.539866739,3.146566,2.059166414,5.828412,2.0142,package-0,/sys/class/powercap/intel-rapl:0/energy_uj,0
integer_and_control_flow_intensive,towers_of_hanoi,java,2,OK,0.540264762,3.810579,2.722377716,7.05317,2.0142,package-0,/sys/class/powercap/intel-rapl:0/energy_uj,0
integer_and_control_flow_intensive,towers_of_hanoi,java,3,OK,0.543280381,3.652979,2.558703657,6.72393,2.0142,package-0,/sys/class/powercap/intel-rapl:0/energy_uj,0
integer_and_control_flow_intensive,towers_of_hanoi,java,4,OK,0.545938314,4.775312,3.675683048,8.746981,2.0142,package-0,/sys/class/powercap/intel-rapl:0/energy_uj,0
integer_and_control_flow_intensive,towers_of_hanoi,java,5,OK,0.54212649,3.517075,2.425123824,6.487554,2.0142,package-0,/sys/class/powercap/intel-rapl:0/energy_uj,0
integer_and_control_flow_intensive,towers_of_hanoi,java,6,OK,0.543552665,3.628123,2.533299222,6.674833,2.0142,package-0,/sys/class/powercap/intel-rapl:0/energy_uj,0
integer_and_control_flow_intensive,towers_of_hanoi,java,7,OK,0.542058892,3.321835,2.23001998,6.128181,2.0142,package-0,/sys/class/powercap/intel-rapl:0/energy_uj,0
integer_and_control_flow_intensive,towers_of_hanoi,java,8,OK,0.542740109,3.404227,2.311039872,6.272297,2.0142,package-0,/sys/class/powercap/intel-rapl:0/energy_uj,0
integer_and_control_flow_intensive,towers_of_hanoi,java,9,OK,0.544434742,4.282051,3.185450543,7.865132,2.0142,package-0,/sys/class/powercap/intel-rapl:0/energy_uj,0
integer_and_control_flow_intensive,towers_of_hanoi,java,10,OK,0.540976777,3.503786,2.414150576,6.476777,2.0142,package-0,/sys/class/powercap/intel-rapl:0/energy_uj,0
floating_point,monte_carlo_pi,java,1,OK,0.742401981,6.262189,4.76684293,8.435038,2.0142,package-0,/sys/class/powercap/intel-rapl:0/energy_uj,0
floating_point,monte_carlo_pi,java,2,OK,0.744028445,7.372666,5.874043906,9.909118,2.0142,package-0,/sys/class/powercap/intel-rapl:0/energy_uj,0
floating_point,monte_carlo_pi,java,3,OK,0.744377545,6.785721,5.286395749,9.115967,2.0142,package-0,/sys/class/powercap/intel-rapl:0/energy_uj,0
floating_point,monte_carlo_pi,java,4,OK,0.743962291,7.728116,6.229627153,10.387779,2.0142,package-0,/sys/class/powercap/intel-rapl:0/energy_uj,0
floating_point,monte_carlo_pi,java,5,OK,0.744289889,6.681524,5.182375306,8.977045,2.0142,package-0,/sys/class/powercap/intel-rapl:0/energy_uj,0
floating_point,monte_carlo_pi,java,6,OK,0.744476121,6.687535,5.188011197,8.982874,2.0142,package-0,/sys/class/powercap/intel-rapl:0/energy_uj,0
floating_point,monte_carlo_pi,java,7,OK,0.749173168,6.958487,5.449502405,9.288222,2.0142,package-0,/sys/class/powercap/intel-rapl:0/energy_uj,0
floating_point,monte_carlo_pi,java,8,OK,0.742885815,6.388876,4.892555391,8.600078,2.0142,package-0,/sys/class/powercap/intel-rapl:0/energy_uj,0
floating_point,monte_carlo_pi,java,9,OK,0.745392503,7.077515,5.57614542,9.495018,2.0142,package-0,/sys/class/powercap/intel-rapl:0/energy_uj,0
floating_point,monte_carlo_pi,java,10,OK,0.750396551,8.470631,6.959182267,11.288206,2.0142,package-0,/sys/class/powercap/intel-rapl:0/energy_uj,0
floating_point,numerical_integration,java,1,OK,0.181662886,1.328728,0.962822615,7.314251,2.0142,package-0,/sys/class/powercap/intel-rapl:0/energy_uj,0
floating_point,numerical_integration,java,2,OK,0.180551205,1.443864,1.080197763,7.996978,2.0142,package-0,/sys/class/powercap/intel-rapl:0/energy_uj,0
floating_point,numerical_integration,java,3,OK,0.182042894,1.295953,0.929282203,7.118943,2.0142,package-0,/sys/class/powercap/intel-rapl:0/energy_uj,0
floating_point,numerical_integration,java,4,OK,0.182309698,1.302942,0.935733806,7.146861,2.0142,package-0,/sys/class/powercap/intel-rapl:0/energy_uj,0
floating_point,numerical_integration,java,5,OK,0.183772974,1.433078,1.062922476,7.798089,2.0142,package-0,/sys/class/powercap/intel-rapl:0/energy_uj,0
floating_point,numerical_integration,java,6,OK,0.182836815,1.353628,0.985358087,7.403476,2.0142,package-0,/sys/class/powercap/intel-rapl:0/energy_uj,0
floating_point,numerical_integration,java,7,OK,0.182071688,1.303277,0.936548206,7.158043,2.0142,package-0,/sys/class/powercap/intel-rapl:0/energy_uj,0
floating_point,numerical_integration,java,8,OK,0.181011846,1.393849,1.02925494,7.700319,2.0142,package-0,/sys/class/powercap/intel-rapl:0/energy_uj,0
floating_point,numerical_integration,java,9,OK,0.180957733,1.293313,0.928827934,7.147045,2.0142,package-0,/sys/class/powercap/intel-rapl:0/energy_uj,0
floating_point,numerical_integration,java,10,OK,0.182653839,1.334556,0.966654637,7.306477,2.0142,package-0,/sys/class/powercap/intel-rapl:0/energy_uj,0
floating_point,newton_raphson,java,1,OK,0.519105779,2.247717,1.20213414,4.329979,2.0142,package-0,/sys/class/powercap/intel-rapl:0/energy_uj,0
floating_point,newton_raphson,java,2,OK,0.522245633,3.909314,2.857406846,7.485585,2.0142,package-0,/sys/class/powercap/intel-rapl:0/energy_uj,0
floating_point,newton_raphson,java,3,OK,0.519058088,2.723996,1.678509199,5.24796,2.0142,package-0,/sys/class/powercap/intel-rapl:0/energy_uj,0
floating_point,newton_raphson,java,4,OK,0.520716723,2.301502,1.252674377,4.419873,2.0142,package-0,/sys/class/powercap/intel-rapl:0/energy_uj,0
floating_point,newton_raphson,java,5,OK,0.52061968,2.539084,1.490451841,4.877042,2.0142,package-0,/sys/class/powercap/intel-rapl:0/energy_uj,0
floating_point,newton_raphson,java,6,OK,0.519952379,2.579151,1.531862918,4.96036,2.0142,package-0,/sys/class/powercap/intel-rapl:0/energy_uj,0
floating_point,newton_raphson,java,7,OK,0.519924806,2.52259,1.475357456,4.851836,2.0142,package-0,/sys/class/powercap/intel-rapl:0/energy_uj,0
floating_point,newton_raphson,java,8,OK,0.521436363,2.681685,1.631407878,5.142881,2.0142,package-0,/sys/class/powercap/intel-rapl:0/energy_uj,0
floating_point,newton_raphson,java,9,OK,0.520832251,2.282689,1.23362868,4.382772,2.0142,package-0,/sys/class/powercap/intel-rapl:0/energy_uj,0
floating_point,newton_raphson,java,10,OK,0.52202736,3.539795,2.488327491,6.780861,2.0142,package-0,/sys/class/powercap/intel-rapl:0/energy_uj,0
floating_point,gaussian_elimination,java,1,OK,0.045475306,0.478521,0.386924639,10.522656,2.0142,package-0,/sys/class/powercap/intel-rapl:0/energy_uj,0
floating_point,gaussian_elimination,java,2,OK,0.062623506,1.344322,1.218185734,21.466732,2.0142,package-0,/sys/class/powercap/intel-rapl:0/energy_uj,0
floating_point,gaussian_elimination,java,3,OK,0.038763571,0.632383,0.554305415,16.313848,2.0142,package-0,/sys/class/powercap/intel-rapl:0/energy_uj,0
floating_point,gaussian_elimination,java,4,OK,0.055183896,1.13222,1.021068597,20.517218,2.0142,package-0,/sys/class/powercap/intel-rapl:0/energy_uj,0
floating_point,gaussian_elimination,java,5,OK,0.039364157,0.574784,0.495496715,14.60171,2.0142,package-0,/sys/class/powercap/intel-rapl:0/energy_uj,0
floating_point,gaussian_elimination,java,6,OK,0.053857929,1.208052,1.099571359,22.430346,2.0142,package-0,/sys/class/powercap/intel-rapl:0/energy_uj,0
floating_point,gaussian_elimination,java,7,OK,0.03724413,0.416422,0.341404873,11.180876,2.0142,package-0,/sys/class/powercap/intel-rapl:0/energy_uj,0
floating_point,gaussian_elimination,java,8,OK,0.050848562,1.15146,1.049040826,22.644888,2.0142,package-0,/sys/class/powercap/intel-rapl:0/energy_uj,0
floating_point,gaussian_elimination,java,9,OK,0.037151074,0.341413,0.266583307,9.189855,2.0142,package-0,/sys/class/powercap/intel-rapl:0/energy_uj,0
floating_point,gaussian_elimination,java,10,OK,0.058065982,1.55392,1.436963499,26.76128,2.0142,package-0,/sys/class/powercap/intel-rapl:0/energy_uj,0
floating_point,matrix_multiplication,java,1,OK,0.044777738,0.614119,0.52392768,13.714829,2.0142,package-0,/sys/class/powercap/intel-rapl:0/energy_uj,0
floating_point,matrix_multiplication,java,2,OK,0.060648353,1.193267,1.071109087,19.675176,2.0142,package-0,/sys/class/powercap/intel-rapl:0/energy_uj,0
floating_point,matrix_multiplication,java,3,OK,0.047162726,0.699472,0.604476837,14.831034,2.0142,package-0,/sys/class/powercap/intel-rapl:0/energy_uj,0
floating_point,matrix_multiplication,java,4,OK,0.061513007,1.193785,1.069885501,19.407034,2.0142,package-0,/sys/class/powercap/intel-rapl:0/energy_uj,0
floating_point,matrix_multiplication,java,5,OK,0.047844354,1.082494,0.986125902,22.625324,2.0142,package-0,/sys/class/powercap/intel-rapl:0/energy_uj,0
floating_point,matrix_multiplication,java,6,OK,0.06262069,1.207381,1.081250406,19.280864,2.0142,package-0,/sys/class/powercap/intel-rapl:0/energy_uj,0
floating_point,matrix_multiplication,java,7,OK,0.045856718,0.455665,0.363300399,9.936712,2.0142,package-0,/sys/class/powercap/intel-rapl:0/energy_uj,0
floating_point,matrix_multiplication,java,8,OK,0.064917301,1.365285,1.234528572,21.031142,2.0142,package-0,/sys/class/powercap/intel-rapl:0/energy_uj,0
floating_point,matrix_multiplication,java,9,OK,0.046834966,0.439781,0.345446011,9.390014,2.0142,package-0,/sys/class/powercap/intel-rapl:0/energy_uj,0
floating_point,matrix_multiplication,java,10,OK,0.064025466,1.294671,1.165710906,20.221188,2.0142,package-0,/sys/class/powercap/intel-rapl:0/energy_uj,0
